@odata.etag,ItemInternalId,Date,Game,Game_ID,Home,Away,Result,Score Home,Score Away,Name,Final Winner,Key,Key_Unique,Check_x002e_Home,Check_x002e_Away,Check_x002e_Tie,Check_x002e_Tie2,Check_x002e_Result,Games_x002e_Score Home,Games_x002e_Score Away,Result_Points,Score_Points,Game_Points
,f5a8f85b-5801-478c-9761-3508a32c479b,46184,Mexico vs South Africa,Mexico vs South Africa,Mexico,South Africa,Mexico,2,1,Amante Xerri,France,11/06/2026_Mexico vs South Africa,11/06/2026_Mexico vs South Africa_Amante Xerri,OK,OK,OK,OK,OK,2,0,3,0,3
,96a722b7-0160-45e7-b452-d1da35ef03a1,46185,South Korea vs Czechia,South Korea vs Czechia,South Korea,Czechia,Czechia,0,1,Amante Xerri,France,12/06/2026_South Korea vs Czechia,12/06/2026_South Korea vs Czechia_Amante Xerri,OK,OK,OK,OK,OK,2,1,0,0,0
,7e752cb5-61e4-4920-94f9-e79a951ab432,46185,Canada vs Bosnia-Herzegovina,Canada vs Bosnia-Herzegovina,Canada,Bosnia-Herzegovina,Tie,1,1,Amante Xerri,France,12/06/2026_Canada vs Bosnia-Herzegovina,12/06/2026_Canada vs Bosnia-Herzegovina_Amante Xerri,OK,OK,OK,OK,OK,1,1,3,5,8
,56b15fc4-cf2f-49c5-9a01-55f31edb6310,46186,United States vs Paraguay,United States vs Paraguay,United States,Paraguay,Paraguay,0,3,Amante Xerri,France,13/06/2026_United States vs Paraguay,13/06/2026_United States vs Paraguay_Amante Xerri,OK,OK,OK,OK,OK,4,1,0,0,0
,43a00676-bb39-45b0-bbaa-07f210652100,46186,Qatar vs Switzerland,Qatar vs Switzerland,Qatar,Switzerland,Switzerland,1,2,Amante Xerri,France,13/06/2026_Qatar vs Switzerland,13/06/2026_Qatar vs Switzerland_Amante Xerri,OK,OK,OK,OK,OK,1,1,0,0,0
,ee7bc529-784c-44d9-9e73-14ac88647367,46187,Brazil vs Morocco,Brazil vs Morocco,Brazil,Morocco,Tie,2,2,Amante Xerri,France,14/06/2026_Brazil vs Morocco,14/06/2026_Brazil vs Morocco_Amante Xerri,OK,OK,OK,OK,OK,1,1,3,0,3
,9ad549df-a724-4580-948a-326d67f3da5a,46187,Haiti vs Scotland,Haiti vs Scotland,Haiti,Scotland,Scotland,0,1,Amante Xerri,France,14/06/2026_Haiti vs Scotland,14/06/2026_Haiti vs Scotland_Amante Xerri,OK,OK,OK,OK,OK,0,1,3,5,8
,985fc757-05ca-4c47-8ace-294c8618e544,46187,Australia vs Turkey,Australia vs Turkey,Australia,Turkey,Tie,1,1,Amante Xerri,France,14/06/2026_Australia vs Turkey,14/06/2026_Australia vs Turkey_Amante Xerri,OK,OK,OK,OK,OK,2,0,0,0,0
,d073626b-d0ad-4bda-91ac-8b0f6125a844,46187,Germany vs Curaçao,Germany vs Curaçao,Germany,Curaçao,Germany,4,0,Amante Xerri,France,14/06/2026_Germany vs Curaçao,14/06/2026_Germany vs Curaçao_Amante Xerri,OK,OK,OK,OK,OK,7,1,3,0,3
,9c507bb5-a21b-4e48-86e3-4d7d424e7ad9,46187,Netherlands vs Japan,Netherlands vs Japan,Netherlands,Japan,Netherlands,3,1,Amante Xerri,France,14/06/2026_Netherlands vs Japan,14/06/2026_Netherlands vs Japan_Amante Xerri,OK,OK,OK,OK,OK,2,2,0,0,0
,29b67323-2352-489f-941c-b05463a1a61a,46188,Ivory Coast vs Ecuador,Ivory Coast vs Ecuador,Ivory Coast,Ecuador,Tie,0,0,Amante Xerri,France,15/06/2026_Ivory Coast vs Ecuador,15/06/2026_Ivory Coast vs Ecuador_Amante Xerri,OK,OK,OK,OK,OK,1,0,0,0,0
,10d26941-e42a-4d12-b6be-d1fbdb8be391,46188,Sweden vs Tunisia,Sweden vs Tunisia,Sweden,Tunisia,Sweden,2,1,Amante Xerri,France,15/06/2026_Sweden vs Tunisia,15/06/2026_Sweden vs Tunisia_Amante Xerri,OK,OK,OK,OK,OK,5,1,3,0,3
,93e0f0c7-efb4-48c2-9ad1-39847f940780,46188,Belgium vs Egypt,Belgium vs Egypt,Belgium,Egypt,Belgium,3,2,Amante Xerri,France,15/06/2026_Belgium vs Egypt,15/06/2026_Belgium vs Egypt_Amante Xerri,OK,OK,OK,OK,OK,1,1,0,0,0
,72e4bdf2-52f8-41e4-a68b-922f8916a4bd,46188,Spain vs Cape Verde Islands,Spain vs Cape Verde Islands,Spain,Cape Verde Islands,Spain,5,0,Amante Xerri,France,15/06/2026_Spain vs Cape Verde Islands,15/06/2026_Spain vs Cape Verde Islands_Amante Xerri,OK,OK,OK,OK,OK,0,0,0,0,0
,229f407e-d0c2-4a33-b312-e7b403af6001,46189,Saudi Arabia vs Uruguay,Saudi Arabia vs Uruguay,Saudi Arabia,Uruguay,Uruguay,1,3,Amante Xerri,France,16/06/2026_Saudi Arabia vs Uruguay,16/06/2026_Saudi Arabia vs Uruguay_Amante Xerri,OK,OK,OK,OK,OK,1,1,0,0,0
,a7c7f408-0711-42bb-b6a0-f7c4db970877,46189,Iran vs New Zealand,Iran vs New Zealand,Iran,New Zealand,Tie,2,2,Amante Xerri,France,16/06/2026_Iran vs New Zealand,16/06/2026_Iran vs New Zealand_Amante Xerri,OK,OK,OK,OK,OK,2,2,3,5,8
,231d3671-4521-4cb4-9910-d38f29524349,46189,France vs Senegal,France vs Senegal,France,Senegal,France,3,1,Amante Xerri,France,16/06/2026_France vs Senegal,16/06/2026_France vs Senegal_Amante Xerri,OK,OK,OK,OK,OK,3,1,3,5,8
,9fd1a83b-096c-4c7a-ba8c-78033e349f71,46190,Iraq vs Norway,Iraq vs Norway,Iraq,Norway,Norway,1,3,Amante Xerri,France,17/06/2026_Iraq vs Norway,17/06/2026_Iraq vs Norway_Amante Xerri,OK,OK,OK,OK,OK,1,4,3,0,3
,1b012c75-e171-4291-af66-2d1b4b6f020d,46190,Argentina vs Algeria,Argentina vs Algeria,Argentina,Algeria,Argentina,2,1,Amante Xerri,France,17/06/2026_Argentina vs Algeria,17/06/2026_Argentina vs Algeria_Amante Xerri,OK,OK,OK,OK,OK,3,0,3,0,3
,711f65aa-cce5-490a-abb0-ce986f400aec,46190,Austria vs Jordan,Austria vs Jordan,Austria,Jordan,Tie,0,0,Amante Xerri,France,17/06/2026_Austria vs Jordan,17/06/2026_Austria vs Jordan_Amante Xerri,OK,OK,OK,OK,OK,3,1,0,0,0
,986673ce-b744-4d0a-a10a-1e34703c5285,46190,Portugal vs Congo DR,Portugal vs Congo DR,Portugal,Congo DR,Tie,0,0,Amante Xerri,France,17/06/2026_Portugal vs Congo DR,17/06/2026_Portugal vs Congo DR_Amante Xerri,OK,OK,OK,OK,OK,1,1,3,0,3
,b07ee1dd-85ce-4fa1-bf8b-d19c52967617,46190,England vs Croatia,England vs Croatia,England,Croatia,England,2,1,Amante Xerri,France,17/06/2026_England vs Croatia,17/06/2026_England vs Croatia_Amante Xerri,OK,OK,OK,OK,OK,4,2,3,0,3
,39e1b35a-689e-49c4-a76c-9a28781ab7fd,46191,Ghana vs Panama,Ghana vs Panama,Ghana,Panama,Tie,1,1,Amante Xerri,France,18/06/2026_Ghana vs Panama,18/06/2026_Ghana vs Panama_Amante Xerri,OK,OK,OK,OK,OK,1,0,0,0,0
,4226cbb6-c729-4dda-aca4-90c1fb3fc7b9,46191,Uzbekistan vs Colombia,Uzbekistan vs Colombia,Uzbekistan,Colombia,Tie,1,1,Amante Xerri,France,18/06/2026_Uzbekistan vs Colombia,18/06/2026_Uzbekistan vs Colombia_Amante Xerri,OK,OK,OK,OK,OK,1,3,0,0,0
,6e82c0dd-7e51-44e5-823a-a18b513bbf24,46191,Czechia vs South Africa,Czechia vs South Africa,Czechia,South Africa,South Africa,0,1,Amante Xerri,France,18/06/2026_Czechia vs South Africa,18/06/2026_Czechia vs South Africa_Amante Xerri,OK,OK,OK,OK,OK,1,1,0,0,0
,a9b9f325-d5d5-45de-87ed-0c587be9caf6,46191,Switzerland vs Bosnia-Herzegovina,Switzerland vs Bosnia-Herzegovina,Switzerland,Bosnia-Herzegovina,Tie,1,1,Amante Xerri,France,18/06/2026_Switzerland vs Bosnia-Herzegovina,18/06/2026_Switzerland vs Bosnia-Herzegovina_Amante Xerri,OK,OK,OK,OK,OK,4,1,0,0,0
,c3d0aacf-22fe-46fe-850a-5f3f7bdc81df,46192,Canada vs Qatar,Canada vs Qatar,Canada,Qatar,Canada,1,0,Amante Xerri,France,19/06/2026_Canada vs Qatar,19/06/2026_Canada vs Qatar_Amante Xerri,OK,OK,OK,OK,OK,6,0,3,0,3
,e8ac2a90-3f9b-42d0-b518-da0ca90ba8fe,46192,Mexico vs South Korea,Mexico vs South Korea,Mexico,South Korea,South Korea,1,2,Amante Xerri,France,19/06/2026_Mexico vs South Korea,19/06/2026_Mexico vs South Korea_Amante Xerri,OK,OK,OK,OK,OK,1,0,0,0,0
,2b3fbf64-a126-4105-b755-6df4cf16b062,46192,United States vs Australia,United States vs Australia,United States,Australia,Tie,0,0,Amante Xerri,France,19/06/2026_United States vs Australia,19/06/2026_United States vs Australia_Amante Xerri,OK,OK,OK,OK,OK,2,0,0,0,0
,cd6d7d79-adbf-45b1-bae2-9284cf24171e,46193,Scotland vs Morocco,Scotland vs Morocco,Scotland,Morocco,Morocco,0,2,Amante Xerri,France,20/06/2026_Scotland vs Morocco,20/06/2026_Scotland vs Morocco_Amante Xerri,OK,OK,OK,OK,OK,0,1,3,0,3
,c52fa593-b545-4b4a-a6cb-f4b05458ff00,46193,Brazil vs Haiti,Brazil vs Haiti,Brazil,Haiti,Brazil,3,0,Amante Xerri,France,20/06/2026_Brazil vs Haiti,20/06/2026_Brazil vs Haiti_Amante Xerri,OK,OK,OK,OK,OK,3,0,3,5,8
,9c0f9d31-23d2-40e8-abe5-184a08a7408d,46193,Turkey vs Paraguay,Turkey vs Paraguay,Turkey,Paraguay,Paraguay,1,3,Amante Xerri,France,20/06/2026_Turkey vs Paraguay,20/06/2026_Turkey vs Paraguay_Amante Xerri,OK,OK,OK,OK,OK,0,1,3,0,3
,5d28b49b-1ec3-44f5-9776-23662237ee65,46193,Netherlands vs Sweden,Netherlands vs Sweden,Netherlands,Sweden,Sweden,2,3,Amante Xerri,France,20/06/2026_Netherlands vs Sweden,20/06/2026_Netherlands vs Sweden_Amante Xerri,OK,OK,OK,OK,OK,5,1,0,0,0
,258674fc-d76a-4951-8e31-c50461bda803,46193,Germany vs Ivory Coast,Germany vs Ivory Coast,Germany,Ivory Coast,Germany,3,2,Amante Xerri,France,20/06/2026_Germany vs Ivory Coast,20/06/2026_Germany vs Ivory Coast_Amante Xerri,OK,OK,OK,OK,OK,2,1,3,0,3
,e237659a-0edf-4104-8bd2-d8cd5542a9ff,46194,Ecuador vs Curaçao,Ecuador vs Curaçao,Ecuador,Curaçao,Ecuador,2,1,Amante Xerri,France,21/06/2026_Ecuador vs Curaçao,21/06/2026_Ecuador vs Curaçao_Amante Xerri,OK,OK,OK,OK,OK,0,0,0,0,0
,489bb981-1088-4ff1-aec0-424c16e24320,46194,Tunisia vs Japan,Tunisia vs Japan,Tunisia,Japan,Japan,1,2,Amante Xerri,France,21/06/2026_Tunisia vs Japan,21/06/2026_Tunisia vs Japan_Amante Xerri,OK,OK,OK,OK,OK,0,4,3,0,3
,9661fbf8-e8ab-4851-9ea9-a686b4cc7cb4,46194,Spain vs Saudi Arabia,Spain vs Saudi Arabia,Spain,Saudi Arabia,Spain,3,0,Amante Xerri,France,21/06/2026_Spain vs Saudi Arabia,21/06/2026_Spain vs Saudi Arabia_Amante Xerri,OK,OK,OK,OK,OK,4,0,3,0,3
,a1331341-2774-4383-8a9f-bdbd970ddd35,46194,Belgium vs Iran,Belgium vs Iran,Belgium,Iran,Belgium,2,1,Amante Xerri,France,21/06/2026_Belgium vs Iran,21/06/2026_Belgium vs Iran_Amante Xerri,OK,OK,OK,OK,OK,0,0,0,0,0
,261ac3be-2765-4feb-9f04-658279f43aa8,46195,Uruguay vs Cape Verde Islands,Uruguay vs Cape Verde Islands,Uruguay,Cape Verde Islands,Uruguay,3,1,Amante Xerri,France,22/06/2026_Uruguay vs Cape Verde Islands,22/06/2026_Uruguay vs Cape Verde Islands_Amante Xerri,OK,OK,OK,OK,OK,2,2,0,0,0
,e9c5b982-bcc6-4299-8258-d1333100184e,46195,New Zealand vs Egypt,New Zealand vs Egypt,New Zealand,Egypt,Tie,0,0,Amante Xerri,France,22/06/2026_New Zealand vs Egypt,22/06/2026_New Zealand vs Egypt_Amante Xerri,OK,OK,OK,OK,OK,1,3,0,0,0
,8ac3b2dc-c721-4dc1-8581-734d283399a1,46195,Argentina vs Austria,Argentina vs Austria,Argentina,Austria,Argentina,2,1,Amante Xerri,France,22/06/2026_Argentina vs Austria,22/06/2026_Argentina vs Austria_Amante Xerri,OK,OK,OK,OK,OK,2,0,3,0,3
,efd0bb64-70c4-4cb0-80a5-955c8aae4b6f,46195,France vs Iraq,France vs Iraq,France,Iraq,France,4,0,Amante Xerri,France,22/06/2026_France vs Iraq,22/06/2026_France vs Iraq_Amante Xerri,OK,OK,OK,OK,OK,3,0,3,0,3
,8e937e30-1087-4357-bc5e-9689bef0cdea,46196,Norway vs Senegal,Norway vs Senegal,Norway,Senegal,Tie,3,3,Amante Xerri,France,23/06/2026_Norway vs Senegal,23/06/2026_Norway vs Senegal_Amante Xerri,OK,OK,OK,OK,OK,3,2,0,0,0
,25369930-7f78-44e9-894b-1f82f5361ff2,46196,Jordan vs Algeria,Jordan vs Algeria,Jordan,Algeria,Tie,2,2,Amante Xerri,France,23/06/2026_Jordan vs Algeria,23/06/2026_Jordan vs Algeria_Amante Xerri,OK,OK,OK,OK,OK,1,2,0,0,0
,71f97c66-c19f-46b7-b60a-b89e775def3b,46196,Portugal vs Uzbekistan,Portugal vs Uzbekistan,Portugal,Uzbekistan,Portugal,3,1,Amante Xerri,France,23/06/2026_Portugal vs Uzbekistan,23/06/2026_Portugal vs Uzbekistan_Amante Xerri,OK,OK,OK,OK,OK,5,0,3,0,3
,b5f01e97-1aaf-4b04-b452-7cd4665f250f,46196,England vs Ghana,England vs Ghana,England,Ghana,England,2,1,Amante Xerri,France,23/06/2026_England vs Ghana,23/06/2026_England vs Ghana_Amante Xerri,OK,OK,OK,OK,OK,0,0,0,0,0
,cf9c860e-11bc-48ff-8831-284c1658a107,46197,Panama vs Croatia,Panama vs Croatia,Panama,Croatia,Croatia,1,2,Amante Xerri,France,24/06/2026_Panama vs Croatia,24/06/2026_Panama vs Croatia_Amante Xerri,OK,OK,OK,OK,OK,0,1,3,0,3
,06a14524-2e5e-4d61-97d3-dfb230e7c912,46197,Colombia vs Congo DR,Colombia vs Congo DR,Colombia,Congo DR,Colombia,2,1,Amante Xerri,France,24/06/2026_Colombia vs Congo DR,24/06/2026_Colombia vs Congo DR_Amante Xerri,OK,OK,OK,OK,OK,1,0,3,0,3
,1cd07591-e5ac-4093-baf4-d4409b0e4aee,46197,Switzerland vs Canada,Switzerland vs Canada,Switzerland,Canada,Switzerland,2,0,Amante Xerri,France,24/06/2026_Switzerland vs Canada,24/06/2026_Switzerland vs Canada_Amante Xerri,OK,OK,OK,OK,OK,2,1,3,0,3
,3d2bc0a8-12d1-43ce-9945-744130509145,46197,Bosnia-Herzegovina vs Qatar,Bosnia-Herzegovina vs Qatar,Bosnia-Herzegovina,Qatar,Tie,2,2,Amante Xerri,France,24/06/2026_Bosnia-Herzegovina vs Qatar,24/06/2026_Bosnia-Herzegovina vs Qatar_Amante Xerri,OK,OK,OK,OK,OK,3,1,0,0,0
,b63a1291-1846-4c43-90b7-b28090f36c0a,46198,Morocco vs Haiti,Morocco vs Haiti,Morocco,Haiti,Tie,1,1,Amante Xerri,France,25/06/2026_Morocco vs Haiti,25/06/2026_Morocco vs Haiti_Amante Xerri,OK,OK,OK,OK,OK,4,2,0,0,0
,1e51fd0b-22b7-4c96-a33e-27d8fc988273,46198,Scotland vs Brazil,Scotland vs Brazil,Scotland,Brazil,Brazil,1,3,Amante Xerri,France,25/06/2026_Scotland vs Brazil,25/06/2026_Scotland vs Brazil_Amante Xerri,OK,OK,OK,OK,OK,0,3,3,0,3
,cd83a8ad-f9d8-4e4c-8d85-6f9c03d48613,46198,South Africa vs South Korea,South Africa vs South Korea,South Africa,South Korea,Tie,1,1,Amante Xerri,France,25/06/2026_South Africa vs South Korea,25/06/2026_South Africa vs South Korea_Amante Xerri,OK,OK,OK,OK,OK,1,0,0,0,0
,08445246-0e13-4f70-ace4-730cd81ec1cc,46198,Czechia vs Mexico,Czechia vs Mexico,Czechia,Mexico,Czechia,2,1,Amante Xerri,France,25/06/2026_Czechia vs Mexico,25/06/2026_Czechia vs Mexico_Amante Xerri,OK,OK,OK,OK,OK,0,3,0,0,0
,92b408fa-71b2-410b-9b00-631ebe14b050,46198,Curaçao vs Ivory Coast,Curaçao vs Ivory Coast,Curaçao,Ivory Coast,Tie,1,1,Amante Xerri,France,25/06/2026_Curaçao vs Ivory Coast,25/06/2026_Curaçao vs Ivory Coast_Amante Xerri,OK,OK,OK,OK,OK,0,2,0,0,0
,2d08ee29-6fe9-4ca3-b2be-566d6c0baaf2,46198,Ecuador vs Germany,Ecuador vs Germany,Ecuador,Germany,Germany,1,3,Amante Xerri,France,25/06/2026_Ecuador vs Germany,25/06/2026_Ecuador vs Germany_Amante Xerri,OK,OK,OK,OK,OK,2,1,0,0,0
,64ac3a29-8a15-4e5f-a2e3-25709096eb5a,46199,Tunisia vs Netherlands,Tunisia vs Netherlands,Tunisia,Netherlands,Tie,2,2,Amante Xerri,France,26/06/2026_Tunisia vs Netherlands,26/06/2026_Tunisia vs Netherlands_Amante Xerri,OK,OK,OK,OK,OK,1,3,0,0,0
,1107ec4b-8664-4e94-b7cb-fd73add2a27d,46199,Japan vs Sweden,Japan vs Sweden,Japan,Sweden,Tie,1,1,Amante Xerri,France,26/06/2026_Japan vs Sweden,26/06/2026_Japan vs Sweden_Amante Xerri,OK,OK,OK,OK,OK,1,1,3,5,8
,99664db9-ef82-4438-9083-3bc8b0e87217,46199,Turkey vs United States,Turkey vs United States,Turkey,United States,United States,1,2,Amante Xerri,France,26/06/2026_Turkey vs United States,26/06/2026_Turkey vs United States_Amante Xerri,OK,OK,OK,OK,OK,3,2,0,0,0
,e49e2568-a96f-408c-8691-d3a888550690,46199,Paraguay vs Australia,Paraguay vs Australia,Paraguay,Australia,Tie,1,1,Amante Xerri,France,26/06/2026_Paraguay vs Australia,26/06/2026_Paraguay vs Australia_Amante Xerri,OK,OK,OK,OK,OK,0,0,3,0,3
,551b217c-9330-451e-83b0-32a36b4f4af8,46199,Norway vs France,Norway vs France,Norway,France,France,2,3,Amante Xerri,France,26/06/2026_Norway vs France,26/06/2026_Norway vs France_Amante Xerri,OK,OK,OK,OK,OK,1,4,3,0,3
,b3b5463f-50a6-42bb-93ef-7d7471d76bd4,46199,Senegal vs Iraq,Senegal vs Iraq,Senegal,Iraq,Senegal,2,0,Amante Xerri,France,26/06/2026_Senegal vs Iraq,26/06/2026_Senegal vs Iraq_Amante Xerri,OK,OK,OK,OK,OK,5,0,3,0,3
,8bc7096c-0a8b-4755-b31d-b61bc9cf3531,46200,Cape Verde Islands vs Saudi Arabia,Cape Verde Islands vs Saudi Arabia,Cape Verde Islands,Saudi Arabia,Tie,1,1,Amante Xerri,France,27/06/2026_Cape Verde Islands vs Saudi Arabia,27/06/2026_Cape Verde Islands vs Saudi Arabia_Amante Xerri,OK,OK,OK,OK,OK,0,0,3,0,3
,b1eace4a-c2a6-43b6-99bc-36b82ab91b4b,46200,Uruguay vs Spain,Uruguay vs Spain,Uruguay,Spain,Spain,1,4,Amante Xerri,France,27/06/2026_Uruguay vs Spain,27/06/2026_Uruguay vs Spain_Amante Xerri,OK,OK,OK,OK,OK,0,1,3,0,3
,ce2c0ecc-1ce8-401b-a179-a38989824ac4,46200,New Zealand vs Belgium,New Zealand vs Belgium,New Zealand,Belgium,Tie,2,2,Amante Xerri,France,27/06/2026_New Zealand vs Belgium,27/06/2026_New Zealand vs Belgium_Amante Xerri,OK,OK,OK,OK,OK,1,5,0,0,0
,d5be7a1c-bb94-4990-879e-297e0ea6afc8,46200,Egypt vs Iran,Egypt vs Iran,Egypt,Iran,Egypt,3,1,Amante Xerri,France,27/06/2026_Egypt vs Iran,27/06/2026_Egypt vs Iran_Amante Xerri,OK,OK,OK,OK,OK,1,1,0,0,0
,dc2b01e6-e147-4278-83e2-37a388101edf,46200,Panama vs England,Panama vs England,Panama,England,England,1,2,Amante Xerri,France,27/06/2026_Panama vs England,27/06/2026_Panama vs England_Amante Xerri,OK,OK,OK,OK,OK,0,2,3,0,3
,2a0a2ca7-43c9-4b12-8c84-4de056b1f82f,46200,Croatia vs Ghana,Croatia vs Ghana,Croatia,Ghana,Tie,2,2,Amante Xerri,France,27/06/2026_Croatia vs Ghana,27/06/2026_Croatia vs Ghana_Amante Xerri,OK,OK,OK,OK,OK,2,1,0,0,0
,1846146f-9d0e-4b20-aa7f-67b995a91547,46201,Colombia vs Portugal,Colombia vs Portugal,Colombia,Portugal,Tie,2,2,Amante Xerri,France,28/06/2026_Colombia vs Portugal,28/06/2026_Colombia vs Portugal_Amante Xerri,OK,OK,OK,OK,OK,0,0,3,0,3
,bd788a90-8a60-4b47-81f7-cd3f7439cd34,46201,Congo DR vs Uzbekistan,Congo DR vs Uzbekistan,Congo DR,Uzbekistan,Uzbekistan,1,2,Amante Xerri,France,28/06/2026_Congo DR vs Uzbekistan,28/06/2026_Congo DR vs Uzbekistan_Amante Xerri,OK,OK,OK,OK,OK,3,1,0,0,0
,e617a942-0d49-4815-8327-e196a4c51cc7,46201,Algeria vs Austria,Algeria vs Austria,Algeria,Austria,Austria,1,3,Amante Xerri,France,28/06/2026_Algeria vs Austria,28/06/2026_Algeria vs Austria_Amante Xerri,OK,OK,OK,OK,OK,3,3,0,0,0
,7ec6c766-840b-4528-9573-ea724129005f,46201,Jordan vs Argentina,Jordan vs Argentina,Jordan,Argentina,Tie,2,2,Amante Xerri,France,28/06/2026_Jordan vs Argentina,28/06/2026_Jordan vs Argentina_Amante Xerri,OK,OK,OK,OK,OK,1,3,0,0,0
,bd3bb0fe-fb97-4f0f-902d-2dd361d40df4,46184,Mexico vs South Africa,Mexico vs South Africa,Mexico,South Africa,Mexico,2,0,Alberto Tittoni,Spain,11/06/2026_Mexico vs South Africa,11/06/2026_Mexico vs South Africa_Alberto Tittoni,OK,OK,OK,OK,OK,2,0,3,5,8
,a003fea5-5eec-45e2-b137-d617bedbfc89,46185,South Korea vs Czechia,South Korea vs Czechia,South Korea,Czechia,Tie,1,1,Alberto Tittoni,Spain,12/06/2026_South Korea vs Czechia,12/06/2026_South Korea vs Czechia_Alberto Tittoni,OK,OK,OK,OK,OK,2,1,0,0,0
,bafd73cc-7c8f-496f-a731-0d6221d6e069,46185,Canada vs Bosnia-Herzegovina,Canada vs Bosnia-Herzegovina,Canada,Bosnia-Herzegovina,Canada,2,1,Alberto Tittoni,Spain,12/06/2026_Canada vs Bosnia-Herzegovina,12/06/2026_Canada vs Bosnia-Herzegovina_Alberto Tittoni,OK,OK,OK,OK,OK,1,1,0,0,0
,7b550a71-96ab-416f-9345-a532f82c200b,46186,United States vs Paraguay,United States vs Paraguay,United States,Paraguay,United States,2,0,Alberto Tittoni,Spain,13/06/2026_United States vs Paraguay,13/06/2026_United States vs Paraguay_Alberto Tittoni,OK,OK,OK,OK,OK,4,1,3,0,3
,fcb456e8-d17c-43c7-88b5-63d99fdc7883,46186,Qatar vs Switzerland,Qatar vs Switzerland,Qatar,Switzerland,Switzerland,0,2,Alberto Tittoni,Spain,13/06/2026_Qatar vs Switzerland,13/06/2026_Qatar vs Switzerland_Alberto Tittoni,OK,OK,OK,OK,OK,1,1,0,0,0
,b1cd66dd-aefb-418b-b2d8-4febcef84ed9,46187,Brazil vs Morocco,Brazil vs Morocco,Brazil,Morocco,Brazil,2,0,Alberto Tittoni,Spain,14/06/2026_Brazil vs Morocco,14/06/2026_Brazil vs Morocco_Alberto Tittoni,OK,OK,OK,OK,OK,1,1,0,0,0
,dd4bc316-3430-417d-ab36-4180a63e25b8,46187,Haiti vs Scotland,Haiti vs Scotland,Haiti,Scotland,Scotland,0,2,Alberto Tittoni,Spain,14/06/2026_Haiti vs Scotland,14/06/2026_Haiti vs Scotland_Alberto Tittoni,OK,OK,OK,OK,OK,0,1,3,0,3
,205c1aec-ee80-493a-9624-89a820741908,46187,Australia vs Turkey,Australia vs Turkey,Australia,Turkey,Turkey,0,1,Alberto Tittoni,Spain,14/06/2026_Australia vs Turkey,14/06/2026_Australia vs Turkey_Alberto Tittoni,OK,OK,OK,OK,OK,2,0,0,0,0
,6745a043-747c-4f59-a4c6-cc3a3cef9489,46187,Germany vs Curaçao,Germany vs Curaçao,Germany,Curaçao,Germany,4,0,Alberto Tittoni,Spain,14/06/2026_Germany vs Curaçao,14/06/2026_Germany vs Curaçao_Alberto Tittoni,OK,OK,OK,OK,OK,7,1,3,0,3
,9a421ae3-c5bc-417b-968b-59066b9a8856,46187,Netherlands vs Japan,Netherlands vs Japan,Netherlands,Japan,Netherlands,2,1,Alberto Tittoni,Spain,14/06/2026_Netherlands vs Japan,14/06/2026_Netherlands vs Japan_Alberto Tittoni,OK,OK,OK,OK,OK,2,2,0,0,0
,9af4fc76-554b-4cfa-a3b2-88d3ad210b7d,46188,Ivory Coast vs Ecuador,Ivory Coast vs Ecuador,Ivory Coast,Ecuador,Tie,1,1,Alberto Tittoni,Spain,15/06/2026_Ivory Coast vs Ecuador,15/06/2026_Ivory Coast vs Ecuador_Alberto Tittoni,OK,OK,OK,OK,OK,1,0,0,0,0
,d527dedb-d2b8-4f27-ae7f-f61f9ea2b9d1,46188,Sweden vs Tunisia,Sweden vs Tunisia,Sweden,Tunisia,Sweden,2,0,Alberto Tittoni,Spain,15/06/2026_Sweden vs Tunisia,15/06/2026_Sweden vs Tunisia_Alberto Tittoni,OK,OK,OK,OK,OK,5,1,3,0,3
,b3cc55c9-7838-4fac-bbaf-dfd92d319921,46188,Belgium vs Egypt,Belgium vs Egypt,Belgium,Egypt,Belgium,2,0,Alberto Tittoni,Spain,15/06/2026_Belgium vs Egypt,15/06/2026_Belgium vs Egypt_Alberto Tittoni,OK,OK,OK,OK,OK,1,1,0,0,0
,5f7b6592-8ef9-4c8d-af41-914819834953,46188,Spain vs Cape Verde Islands,Spain vs Cape Verde Islands,Spain,Cape Verde Islands,Spain,3,0,Alberto Tittoni,Spain,15/06/2026_Spain vs Cape Verde Islands,15/06/2026_Spain vs Cape Verde Islands_Alberto Tittoni,OK,OK,OK,OK,OK,0,0,0,0,0
,7044ce50-c3bb-4938-8302-f71cd92e2173,46189,Saudi Arabia vs Uruguay,Saudi Arabia vs Uruguay,Saudi Arabia,Uruguay,Uruguay,0,2,Alberto Tittoni,Spain,16/06/2026_Saudi Arabia vs Uruguay,16/06/2026_Saudi Arabia vs Uruguay_Alberto Tittoni,OK,OK,OK,OK,OK,1,1,0,0,0
,2efd9474-c40d-4786-83b4-c702f24555bd,46189,Iran vs New Zealand,Iran vs New Zealand,Iran,New Zealand,Iran,2,0,Alberto Tittoni,Spain,16/06/2026_Iran vs New Zealand,16/06/2026_Iran vs New Zealand_Alberto Tittoni,OK,OK,OK,OK,OK,2,2,0,0,0
,63ae3c25-b4d1-4c11-9b31-3caa3374c923,46189,France vs Senegal,France vs Senegal,France,Senegal,France,2,0,Alberto Tittoni,Spain,16/06/2026_France vs Senegal,16/06/2026_France vs Senegal_Alberto Tittoni,OK,OK,OK,OK,OK,3,1,3,0,3
,e2113765-002f-4372-a475-21547d5f91ff,46190,Iraq vs Norway,Iraq vs Norway,Iraq,Norway,Norway,0,2,Alberto Tittoni,Spain,17/06/2026_Iraq vs Norway,17/06/2026_Iraq vs Norway_Alberto Tittoni,OK,OK,OK,OK,OK,1,4,3,0,3
,d6432b04-41b2-441e-b4a7-21f3e48d6f5f,46190,Argentina vs Algeria,Argentina vs Algeria,Argentina,Algeria,Argentina,2,0,Alberto Tittoni,Spain,17/06/2026_Argentina vs Algeria,17/06/2026_Argentina vs Algeria_Alberto Tittoni,OK,OK,OK,OK,OK,3,0,3,0,3
,da98d892-0edb-4635-82a6-b30bcea42ca9,46190,Austria vs Jordan,Austria vs Jordan,Austria,Jordan,Austria,2,0,Alberto Tittoni,Spain,17/06/2026_Austria vs Jordan,17/06/2026_Austria vs Jordan_Alberto Tittoni,OK,OK,OK,OK,OK,3,1,3,0,3
,1d63677a-c7dc-4e3a-9b43-48a79adf4af4,46190,Portugal vs Congo DR,Portugal vs Congo DR,Portugal,Congo DR,Portugal,3,0,Alberto Tittoni,Spain,17/06/2026_Portugal vs Congo DR,17/06/2026_Portugal vs Congo DR_Alberto Tittoni,OK,OK,OK,OK,OK,1,1,0,0,0
,b34def9a-7514-4221-b0a3-35f8264a724a,46190,England vs Croatia,England vs Croatia,England,Croatia,England,1,0,Alberto Tittoni,Spain,17/06/2026_England vs Croatia,17/06/2026_England vs Croatia_Alberto Tittoni,OK,OK,OK,OK,OK,4,2,3,0,3
,b27ba2c7-d290-43f8-b9c6-0e6ce20727bb,46191,Ghana vs Panama,Ghana vs Panama,Ghana,Panama,Ghana,2,0,Alberto Tittoni,Spain,18/06/2026_Ghana vs Panama,18/06/2026_Ghana vs Panama_Alberto Tittoni,OK,OK,OK,OK,OK,1,0,3,0,3
,6f8fa104-2d7c-4ba1-83f3-3677c6683134,46191,Uzbekistan vs Colombia,Uzbekistan vs Colombia,Uzbekistan,Colombia,Colombia,0,2,Alberto Tittoni,Spain,18/06/2026_Uzbekistan vs Colombia,18/06/2026_Uzbekistan vs Colombia_Alberto Tittoni,OK,OK,OK,OK,OK,1,3,3,0,3
,6d6cfe5c-dd45-4e8a-a462-f38adca427a6,46191,Czechia vs South Africa,Czechia vs South Africa,Czechia,South Africa,Tie,1,1,Alberto Tittoni,Spain,18/06/2026_Czechia vs South Africa,18/06/2026_Czechia vs South Africa_Alberto Tittoni,OK,OK,OK,OK,OK,1,1,3,5,8
,38ad2e84-0f3f-4245-a763-ba586a2c1771,46191,Switzerland vs Bosnia-Herzegovina,Switzerland vs Bosnia-Herzegovina,Switzerland,Bosnia-Herzegovina,Switzerland,2,0,Alberto Tittoni,Spain,18/06/2026_Switzerland vs Bosnia-Herzegovina,18/06/2026_Switzerland vs Bosnia-Herzegovina_Alberto Tittoni,OK,OK,OK,OK,OK,4,1,3,0,3
,d546bc94-5201-4466-bedb-c7c4bde1b644,46192,Canada vs Qatar,Canada vs Qatar,Canada,Qatar,Canada,2,1,Alberto Tittoni,Spain,19/06/2026_Canada vs Qatar,19/06/2026_Canada vs Qatar_Alberto Tittoni,OK,OK,OK,OK,OK,6,0,3,0,3
,e5ed3f5a-a525-4886-a631-40668668d28a,46192,Mexico vs South Korea,Mexico vs South Korea,Mexico,South Korea,Tie,1,1,Alberto Tittoni,Spain,19/06/2026_Mexico vs South Korea,19/06/2026_Mexico vs South Korea_Alberto Tittoni,OK,OK,OK,OK,OK,1,0,0,0,0
,a036b239-4ae2-4ef5-baf6-6e2e67db7ef2,46192,United States vs Australia,United States vs Australia,United States,Australia,United States,2,0,Alberto Tittoni,Spain,19/06/2026_United States vs Australia,19/06/2026_United States vs Australia_Alberto Tittoni,OK,OK,OK,OK,OK,2,0,3,5,8
,c9db8e3c-4518-4cef-b74a-e24abe1a7026,46193,Scotland vs Morocco,Scotland vs Morocco,Scotland,Morocco,Morocco,0,1,Alberto Tittoni,Spain,20/06/2026_Scotland vs Morocco,20/06/2026_Scotland vs Morocco_Alberto Tittoni,OK,OK,OK,OK,OK,0,1,3,5,8
,3cac26aa-aa93-4a30-9360-92f5c75fece7,46193,Brazil vs Haiti,Brazil vs Haiti,Brazil,Haiti,Brazil,3,0,Alberto Tittoni,Spain,20/06/2026_Brazil vs Haiti,20/06/2026_Brazil vs Haiti_Alberto Tittoni,OK,OK,OK,OK,OK,3,0,3,5,8
,a416839d-95e9-4dbd-adfd-176bc53b63cc,46193,Turkey vs Paraguay,Turkey vs Paraguay,Turkey,Paraguay,Turkey,1,0,Alberto Tittoni,Spain,20/06/2026_Turkey vs Paraguay,20/06/2026_Turkey vs Paraguay_Alberto Tittoni,OK,OK,OK,OK,OK,0,1,0,0,0
,4411b1c3-74dc-4a44-bdd8-136b1d9bd39e,46193,Netherlands vs Sweden,Netherlands vs Sweden,Netherlands,Sweden,Netherlands,2,0,Alberto Tittoni,Spain,20/06/2026_Netherlands vs Sweden,20/06/2026_Netherlands vs Sweden_Alberto Tittoni,OK,OK,OK,OK,OK,5,1,3,0,3
,af441c53-94ce-4704-9671-b1011003b563,46193,Germany vs Ivory Coast,Germany vs Ivory Coast,Germany,Ivory Coast,Germany,2,0,Alberto Tittoni,Spain,20/06/2026_Germany vs Ivory Coast,20/06/2026_Germany vs Ivory Coast_Alberto Tittoni,OK,OK,OK,OK,OK,2,1,3,0,3
,a46502eb-0c1a-4879-9af6-78a9e4611667,46194,Ecuador vs Curaçao,Ecuador vs Curaçao,Ecuador,Curaçao,Ecuador,2,0,Alberto Tittoni,Spain,21/06/2026_Ecuador vs Curaçao,21/06/2026_Ecuador vs Curaçao_Alberto Tittoni,OK,OK,OK,OK,OK,0,0,0,0,0
,52be5140-85df-4315-938d-7c9861bb0a0c,46194,Tunisia vs Japan,Tunisia vs Japan,Tunisia,Japan,Japan,0,1,Alberto Tittoni,Spain,21/06/2026_Tunisia vs Japan,21/06/2026_Tunisia vs Japan_Alberto Tittoni,OK,OK,OK,OK,OK,0,4,3,0,3
,eb69a5d0-42e3-4074-899f-d10cebcf805b,46194,Spain vs Saudi Arabia,Spain vs Saudi Arabia,Spain,Saudi Arabia,Spain,2,0,Alberto Tittoni,Spain,21/06/2026_Spain vs Saudi Arabia,21/06/2026_Spain vs Saudi Arabia_Alberto Tittoni,OK,OK,OK,OK,OK,4,0,3,0,3
,7f8a4516-c668-4a20-9314-db8560185d9d,46194,Belgium vs Iran,Belgium vs Iran,Belgium,Iran,Belgium,2,0,Alberto Tittoni,Spain,21/06/2026_Belgium vs Iran,21/06/2026_Belgium vs Iran_Alberto Tittoni,OK,OK,OK,OK,OK,0,0,0,0,0
,fac96a11-cdf7-46e0-a211-2ad1a5c48ee2,46195,Uruguay vs Cape Verde Islands,Uruguay vs Cape Verde Islands,Uruguay,Cape Verde Islands,Uruguay,2,0,Alberto Tittoni,Spain,22/06/2026_Uruguay vs Cape Verde Islands,22/06/2026_Uruguay vs Cape Verde Islands_Alberto Tittoni,OK,OK,OK,OK,OK,2,2,0,0,0
,e3bf3a02-e84b-4e57-9817-407884ea3c0e,46195,New Zealand vs Egypt,New Zealand vs Egypt,New Zealand,Egypt,Egypt,1,2,Alberto Tittoni,Spain,22/06/2026_New Zealand vs Egypt,22/06/2026_New Zealand vs Egypt_Alberto Tittoni,OK,OK,OK,OK,OK,1,3,3,0,3
,31c9f08e-42dd-4450-8c1b-53e5d185074a,46195,Argentina vs Austria,Argentina vs Austria,Argentina,Austria,Argentina,2,0,Alberto Tittoni,Spain,22/06/2026_Argentina vs Austria,22/06/2026_Argentina vs Austria_Alberto Tittoni,OK,OK,OK,OK,OK,2,0,3,5,8
,e7473f85-a042-4e66-a9de-7afec8bd5d35,46195,France vs Iraq,France vs Iraq,France,Iraq,France,3,0,Alberto Tittoni,Spain,22/06/2026_France vs Iraq,22/06/2026_France vs Iraq_Alberto Tittoni,OK,OK,OK,OK,OK,3,0,3,5,8
,b0c0d205-4f4c-40b6-bbd4-cce6eb0694a2,46196,Norway vs Senegal,Norway vs Senegal,Norway,Senegal,Senegal,1,2,Alberto Tittoni,Spain,23/06/2026_Norway vs Senegal,23/06/2026_Norway vs Senegal_Alberto Tittoni,OK,OK,OK,OK,OK,3,2,0,0,0
,7aeb2aea-32d4-4326-ade4-67a8918f305e,46196,Jordan vs Algeria,Jordan vs Algeria,Jordan,Algeria,Algeria,0,2,Alberto Tittoni,Spain,23/06/2026_Jordan vs Algeria,23/06/2026_Jordan vs Algeria_Alberto Tittoni,OK,OK,OK,OK,OK,1,2,3,0,3
,875750e7-a183-4ab1-88c3-0ea950352036,46196,Portugal vs Uzbekistan,Portugal vs Uzbekistan,Portugal,Uzbekistan,Portugal,3,0,Alberto Tittoni,Spain,23/06/2026_Portugal vs Uzbekistan,23/06/2026_Portugal vs Uzbekistan_Alberto Tittoni,OK,OK,OK,OK,OK,5,0,3,0,3
,039acda9-ba5c-4f88-b9be-0334f4e1b894,46196,England vs Ghana,England vs Ghana,England,Ghana,England,2,0,Alberto Tittoni,Spain,23/06/2026_England vs Ghana,23/06/2026_England vs Ghana_Alberto Tittoni,OK,OK,OK,OK,OK,0,0,0,0,0
,3a662f1c-5149-4752-a96e-26b08bf65fe7,46197,Panama vs Croatia,Panama vs Croatia,Panama,Croatia,Croatia,0,2,Alberto Tittoni,Spain,24/06/2026_Panama vs Croatia,24/06/2026_Panama vs Croatia_Alberto Tittoni,OK,OK,OK,OK,OK,0,1,3,0,3
,28bd0e6b-bad1-4f4d-a72a-9e2e77cca4bf,46197,Colombia vs Congo DR,Colombia vs Congo DR,Colombia,Congo DR,Colombia,2,0,Alberto Tittoni,Spain,24/06/2026_Colombia vs Congo DR,24/06/2026_Colombia vs Congo DR_Alberto Tittoni,OK,OK,OK,OK,OK,1,0,3,0,3
,5a3135bb-d10c-42d0-a06b-58517af3edb0,46197,Switzerland vs Canada,Switzerland vs Canada,Switzerland,Canada,Switzerland,1,0,Alberto Tittoni,Spain,24/06/2026_Switzerland vs Canada,24/06/2026_Switzerland vs Canada_Alberto Tittoni,OK,OK,OK,OK,OK,2,1,3,0,3
,bfeb628f-7ac6-431b-b6ff-ecc6d648bab7,46197,Bosnia-Herzegovina vs Qatar,Bosnia-Herzegovina vs Qatar,Bosnia-Herzegovina,Qatar,Tie,1,1,Alberto Tittoni,Spain,24/06/2026_Bosnia-Herzegovina vs Qatar,24/06/2026_Bosnia-Herzegovina vs Qatar_Alberto Tittoni,OK,OK,OK,OK,OK,3,1,0,0,0
,ab056f70-aa4c-40ee-b288-6edc86007c3c,46198,Morocco vs Haiti,Morocco vs Haiti,Morocco,Haiti,Morocco,3,0,Alberto Tittoni,Spain,25/06/2026_Morocco vs Haiti,25/06/2026_Morocco vs Haiti_Alberto Tittoni,OK,OK,OK,OK,OK,4,2,3,0,3
,14cbcf7f-fa10-4389-a021-7a30fd7bebbd,46198,Scotland vs Brazil,Scotland vs Brazil,Scotland,Brazil,Brazil,0,2,Alberto Tittoni,Spain,25/06/2026_Scotland vs Brazil,25/06/2026_Scotland vs Brazil_Alberto Tittoni,OK,OK,OK,OK,OK,0,3,3,0,3
,3795da87-208d-43ff-91f8-a61fdfe01627,46198,South Africa vs South Korea,South Africa vs South Korea,South Africa,South Korea,South Korea,0,2,Alberto Tittoni,Spain,25/06/2026_South Africa vs South Korea,25/06/2026_South Africa vs South Korea_Alberto Tittoni,OK,OK,OK,OK,OK,1,0,0,0,0
,5e45ee73-dd38-4603-8a98-aab77fc41f8f,46198,Czechia vs Mexico,Czechia vs Mexico,Czechia,Mexico,Mexico,0,2,Alberto Tittoni,Spain,25/06/2026_Czechia vs Mexico,25/06/2026_Czechia vs Mexico_Alberto Tittoni,OK,OK,OK,OK,OK,0,3,3,0,3
,f15762fb-51de-421d-9d17-b77401fd7c6f,46198,Curaçao vs Ivory Coast,Curaçao vs Ivory Coast,Curaçao,Ivory Coast,Ivory Coast,0,2,Alberto Tittoni,Spain,25/06/2026_Curaçao vs Ivory Coast,25/06/2026_Curaçao vs Ivory Coast_Alberto Tittoni,OK,OK,OK,OK,OK,0,2,3,5,8
,940d0d01-02f2-410c-bbe6-ebff51d89685,46198,Ecuador vs Germany,Ecuador vs Germany,Ecuador,Germany,Germany,0,2,Alberto Tittoni,Spain,25/06/2026_Ecuador vs Germany,25/06/2026_Ecuador vs Germany_Alberto Tittoni,OK,OK,OK,OK,OK,2,1,0,0,0
,b8e47d65-70e6-49f6-90bf-85b152aea99b,46199,Tunisia vs Netherlands,Tunisia vs Netherlands,Tunisia,Netherlands,Netherlands,0,2,Alberto Tittoni,Spain,26/06/2026_Tunisia vs Netherlands,26/06/2026_Tunisia vs Netherlands_Alberto Tittoni,OK,OK,OK,OK,OK,1,3,3,0,3
,3f007b31-7a1e-440b-9781-30d26ee5b5fa,46199,Japan vs Sweden,Japan vs Sweden,Japan,Sweden,Japan,2,1,Alberto Tittoni,Spain,26/06/2026_Japan vs Sweden,26/06/2026_Japan vs Sweden_Alberto Tittoni,OK,OK,OK,OK,OK,1,1,0,0,0
,cf8faa5a-7246-4752-936b-4cc1b839e467,46199,Turkey vs United States,Turkey vs United States,Turkey,United States,United States,1,2,Alberto Tittoni,Spain,26/06/2026_Turkey vs United States,26/06/2026_Turkey vs United States_Alberto Tittoni,OK,OK,OK,OK,OK,3,2,0,0,0
,d1cd0945-510e-43a3-a836-720dcba0c7e5,46199,Paraguay vs Australia,Paraguay vs Australia,Paraguay,Australia,Tie,1,1,Alberto Tittoni,Spain,26/06/2026_Paraguay vs Australia,26/06/2026_Paraguay vs Australia_Alberto Tittoni,OK,OK,OK,OK,OK,0,0,3,0,3
,8f210ff7-272a-46f5-ac6d-36a2bd0ebb33,46199,Norway vs France,Norway vs France,Norway,France,France,0,2,Alberto Tittoni,Spain,26/06/2026_Norway vs France,26/06/2026_Norway vs France_Alberto Tittoni,OK,OK,OK,OK,OK,1,4,3,0,3
,5e81c964-b5f3-46ca-85d4-b0f1f3b62561,46199,Senegal vs Iraq,Senegal vs Iraq,Senegal,Iraq,Senegal,2,0,Alberto Tittoni,Spain,26/06/2026_Senegal vs Iraq,26/06/2026_Senegal vs Iraq_Alberto Tittoni,OK,OK,OK,OK,OK,5,0,3,0,3
,4adb1647-a927-4ac3-b0cf-ed77faf2cf15,46200,Cape Verde Islands vs Saudi Arabia,Cape Verde Islands vs Saudi Arabia,Cape Verde Islands,Saudi Arabia,Saudi Arabia,0,1,Alberto Tittoni,Spain,27/06/2026_Cape Verde Islands vs Saudi Arabia,27/06/2026_Cape Verde Islands vs Saudi Arabia_Alberto Tittoni,OK,OK,OK,OK,OK,0,0,0,0,0
,3d899a92-b430-4aeb-bff4-76da1707eedc,46200,Uruguay vs Spain,Uruguay vs Spain,Uruguay,Spain,Spain,0,1,Alberto Tittoni,Spain,27/06/2026_Uruguay vs Spain,27/06/2026_Uruguay vs Spain_Alberto Tittoni,OK,OK,OK,OK,OK,0,1,3,5,8
,e2ea8863-f6c6-489d-9d66-dd515ee5b32d,46200,New Zealand vs Belgium,New Zealand vs Belgium,New Zealand,Belgium,Belgium,0,2,Alberto Tittoni,Spain,27/06/2026_New Zealand vs Belgium,27/06/2026_New Zealand vs Belgium_Alberto Tittoni,OK,OK,OK,OK,OK,1,5,3,0,3
,61e1458d-77af-4d6a-bf99-a9c120a32cb5,46200,Egypt vs Iran,Egypt vs Iran,Egypt,Iran,Tie,1,1,Alberto Tittoni,Spain,27/06/2026_Egypt vs Iran,27/06/2026_Egypt vs Iran_Alberto Tittoni,OK,OK,OK,OK,OK,1,1,3,5,8
,deef39f5-c92c-487a-996e-714f363d0e46,46200,Panama vs England,Panama vs England,Panama,England,England,0,2,Alberto Tittoni,Spain,27/06/2026_Panama vs England,27/06/2026_Panama vs England_Alberto Tittoni,OK,OK,OK,OK,OK,0,2,3,5,8
,db3d4001-2ed2-452d-80ac-51f72895999d,46200,Croatia vs Ghana,Croatia vs Ghana,Croatia,Ghana,Croatia,2,0,Alberto Tittoni,Spain,27/06/2026_Croatia vs Ghana,27/06/2026_Croatia vs Ghana_Alberto Tittoni,OK,OK,OK,OK,OK,2,1,3,0,3
,fb5cfa9f-5b48-49b2-87a6-0c3f1e3da773,46201,Colombia vs Portugal,Colombia vs Portugal,Colombia,Portugal,Portugal,1,2,Alberto Tittoni,Spain,28/06/2026_Colombia vs Portugal,28/06/2026_Colombia vs Portugal_Alberto Tittoni,OK,OK,OK,OK,OK,0,0,0,0,0
,afcbea4a-567b-4c28-af26-7141b735eff2,46201,Congo DR vs Uzbekistan,Congo DR vs Uzbekistan,Congo DR,Uzbekistan,Uzbekistan,0,1,Alberto Tittoni,Spain,28/06/2026_Congo DR vs Uzbekistan,28/06/2026_Congo DR vs Uzbekistan_Alberto Tittoni,OK,OK,OK,OK,OK,3,1,0,0,0
,cc217df0-64cf-4bcf-bbc3-51dc2dfc771a,46201,Algeria vs Austria,Algeria vs Austria,Algeria,Austria,Austria,1,2,Alberto Tittoni,Spain,28/06/2026_Algeria vs Austria,28/06/2026_Algeria vs Austria_Alberto Tittoni,OK,OK,OK,OK,OK,3,3,0,0,0
,cf0483af-766e-4d04-b393-b82eef3b1e8b,46201,Jordan vs Argentina,Jordan vs Argentina,Jordan,Argentina,Argentina,0,2,Alberto Tittoni,Spain,28/06/2026_Jordan vs Argentina,28/06/2026_Jordan vs Argentina_Alberto Tittoni,OK,OK,OK,OK,OK,1,3,3,0,3
,3833abf5-5c5e-4e25-b069-aef81b39a4d2,46184,Mexico vs South Africa,Mexico vs South Africa,Mexico,South Africa,Mexico,2,0,Glorianne Gatt,Spain,11/06/2026_Mexico vs South Africa,11/06/2026_Mexico vs South Africa_Glorianne Gatt,OK,OK,OK,OK,OK,2,0,3,5,8
,9de2f3aa-6a26-4766-9da9-46534f2bf543,46185,South Korea vs Czechia,South Korea vs Czechia,South Korea,Czechia,South Korea,2,1,Glorianne Gatt,Spain,12/06/2026_South Korea vs Czechia,12/06/2026_South Korea vs Czechia_Glorianne Gatt,OK,OK,OK,OK,OK,2,1,3,5,8
,a824d6e8-d0eb-4dd9-a5fa-65b3e29c8f17,46185,Canada vs Bosnia-Herzegovina,Canada vs Bosnia-Herzegovina,Canada,Bosnia-Herzegovina,Tie,1,1,Glorianne Gatt,Spain,12/06/2026_Canada vs Bosnia-Herzegovina,12/06/2026_Canada vs Bosnia-Herzegovina_Glorianne Gatt,OK,OK,OK,OK,OK,1,1,3,5,8
,94b80cc1-0b88-46c8-ade9-4f4171870b61,46186,United States vs Paraguay,United States vs Paraguay,United States,Paraguay,United States,1,0,Glorianne Gatt,Spain,13/06/2026_United States vs Paraguay,13/06/2026_United States vs Paraguay_Glorianne Gatt,OK,OK,OK,OK,OK,4,1,3,0,3
,b62a0f99-f4ff-451b-9e6b-f5ff55b58043,46186,Qatar vs Switzerland,Qatar vs Switzerland,Qatar,Switzerland,Switzerland,1,3,Glorianne Gatt,Spain,13/06/2026_Qatar vs Switzerland,13/06/2026_Qatar vs Switzerland_Glorianne Gatt,OK,OK,OK,OK,OK,1,1,0,0,0
,578d5519-91a4-4494-aa8c-a6c96637ec36,46187,Brazil vs Morocco,Brazil vs Morocco,Brazil,Morocco,Brazil,2,1,Glorianne Gatt,Spain,14/06/2026_Brazil vs Morocco,14/06/2026_Brazil vs Morocco_Glorianne Gatt,OK,OK,OK,OK,OK,1,1,0,0,0
,04701c14-a0ad-4127-abe0-8a18b3507225,46187,Haiti vs Scotland,Haiti vs Scotland,Haiti,Scotland,Scotland,0,2,Glorianne Gatt,Spain,14/06/2026_Haiti vs Scotland,14/06/2026_Haiti vs Scotland_Glorianne Gatt,OK,OK,OK,OK,OK,0,1,3,0,3
,cba520e3-311b-406d-8002-bbf185272b9a,46187,Australia vs Turkey,Australia vs Turkey,Australia,Turkey,Turkey,1,2,Glorianne Gatt,Spain,14/06/2026_Australia vs Turkey,14/06/2026_Australia vs Turkey_Glorianne Gatt,OK,OK,OK,OK,OK,2,0,0,0,0
,e1ab19e3-a422-4070-9d86-452bfb7d908e,46187,Germany vs Curaçao,Germany vs Curaçao,Germany,Curaçao,Germany,3,0,Glorianne Gatt,Spain,14/06/2026_Germany vs Curaçao,14/06/2026_Germany vs Curaçao_Glorianne Gatt,OK,OK,OK,OK,OK,7,1,3,0,3
,3cf9f7d2-a719-4df0-a0e5-5173c9b291a1,46187,Netherlands vs Japan,Netherlands vs Japan,Netherlands,Japan,Tie,1,1,Glorianne Gatt,Spain,14/06/2026_Netherlands vs Japan,14/06/2026_Netherlands vs Japan_Glorianne Gatt,OK,OK,OK,OK,OK,2,2,3,0,3
,c6929813-4f3e-4eea-b8b3-c655a93a9e11,46188,Ivory Coast vs Ecuador,Ivory Coast vs Ecuador,Ivory Coast,Ecuador,Tie,1,1,Glorianne Gatt,Spain,15/06/2026_Ivory Coast vs Ecuador,15/06/2026_Ivory Coast vs Ecuador_Glorianne Gatt,OK,OK,OK,OK,OK,1,0,0,0,0
,1d4d4d4a-9e99-4b97-b3ec-69110d837fa1,46188,Sweden vs Tunisia,Sweden vs Tunisia,Sweden,Tunisia,Sweden,2,1,Glorianne Gatt,Spain,15/06/2026_Sweden vs Tunisia,15/06/2026_Sweden vs Tunisia_Glorianne Gatt,OK,OK,OK,OK,OK,5,1,3,0,3
,a7ee4e1a-7574-4435-bede-a468e14d75b3,46188,Belgium vs Egypt,Belgium vs Egypt,Belgium,Egypt,Belgium,2,1,Glorianne Gatt,Spain,15/06/2026_Belgium vs Egypt,15/06/2026_Belgium vs Egypt_Glorianne Gatt,OK,OK,OK,OK,OK,1,1,0,0,0
,a0cdcdce-e85e-4e83-a29e-d8ffa6b9149a,46188,Spain vs Cape Verde Islands,Spain vs Cape Verde Islands,Spain,Cape Verde Islands,Spain,3,0,Glorianne Gatt,Spain,15/06/2026_Spain vs Cape Verde Islands,15/06/2026_Spain vs Cape Verde Islands_Glorianne Gatt,OK,OK,OK,OK,OK,0,0,0,0,0
,f3971aa4-d149-4d90-8f58-e55f00dee22f,46189,Saudi Arabia vs Uruguay,Saudi Arabia vs Uruguay,Saudi Arabia,Uruguay,Uruguay,1,2,Glorianne Gatt,Spain,16/06/2026_Saudi Arabia vs Uruguay,16/06/2026_Saudi Arabia vs Uruguay_Glorianne Gatt,OK,OK,OK,OK,OK,1,1,0,0,0
,f2369628-8af0-42f6-85db-dd1091a48cea,46189,Iran vs New Zealand,Iran vs New Zealand,Iran,New Zealand,Tie,1,1,Glorianne Gatt,Spain,16/06/2026_Iran vs New Zealand,16/06/2026_Iran vs New Zealand_Glorianne Gatt,OK,OK,OK,OK,OK,2,2,3,0,3
,3c7ea81a-809b-4979-a057-42877ebe032e,46189,France vs Senegal,France vs Senegal,France,Senegal,France,2,0,Glorianne Gatt,Spain,16/06/2026_France vs Senegal,16/06/2026_France vs Senegal_Glorianne Gatt,OK,OK,OK,OK,OK,3,1,3,0,3
,dd9f6e9f-236f-4b62-88e8-bbd4e1652f16,46190,Iraq vs Norway,Iraq vs Norway,Iraq,Norway,Norway,0,2,Glorianne Gatt,Spain,17/06/2026_Iraq vs Norway,17/06/2026_Iraq vs Norway_Glorianne Gatt,OK,OK,OK,OK,OK,1,4,3,0,3
,37a15f95-9e94-4561-841a-801c34dbf40e,46190,Argentina vs Algeria,Argentina vs Algeria,Argentina,Algeria,Argentina,2,0,Glorianne Gatt,Spain,17/06/2026_Argentina vs Algeria,17/06/2026_Argentina vs Algeria_Glorianne Gatt,OK,OK,OK,OK,OK,3,0,3,0,3
,0c458290-6d12-484a-aff5-dc252d9079b0,46190,Austria vs Jordan,Austria vs Jordan,Austria,Jordan,Austria,2,0,Glorianne Gatt,Spain,17/06/2026_Austria vs Jordan,17/06/2026_Austria vs Jordan_Glorianne Gatt,OK,OK,OK,OK,OK,3,1,3,0,3
,24556a0b-8b0b-4938-ac6f-1fa779a098f7,46190,Portugal vs Congo DR,Portugal vs Congo DR,Portugal,Congo DR,Portugal,3,1,Glorianne Gatt,Spain,17/06/2026_Portugal vs Congo DR,17/06/2026_Portugal vs Congo DR_Glorianne Gatt,OK,OK,OK,OK,OK,1,1,0,0,0
,f1abdc9c-9c9b-4a01-aa1c-a6e71e8a6928,46190,England vs Croatia,England vs Croatia,England,Croatia,England,2,1,Glorianne Gatt,Spain,17/06/2026_England vs Croatia,17/06/2026_England vs Croatia_Glorianne Gatt,OK,OK,OK,OK,OK,4,2,3,0,3
,45d53a99-ee57-499b-8562-89fe2b21467b,46191,Ghana vs Panama,Ghana vs Panama,Ghana,Panama,Ghana,2,1,Glorianne Gatt,Spain,18/06/2026_Ghana vs Panama,18/06/2026_Ghana vs Panama_Glorianne Gatt,OK,OK,OK,OK,OK,1,0,3,0,3
,f408898c-ac23-4c50-9a10-09f42e760710,46191,Uzbekistan vs Colombia,Uzbekistan vs Colombia,Uzbekistan,Colombia,Colombia,1,2,Glorianne Gatt,Spain,18/06/2026_Uzbekistan vs Colombia,18/06/2026_Uzbekistan vs Colombia_Glorianne Gatt,OK,OK,OK,OK,OK,1,3,3,0,3
,15dfe7fe-2ff5-4939-bc59-aeb7c8f96e65,46191,Czechia vs South Africa,Czechia vs South Africa,Czechia,South Africa,Tie,1,1,Glorianne Gatt,Spain,18/06/2026_Czechia vs South Africa,18/06/2026_Czechia vs South Africa_Glorianne Gatt,OK,OK,OK,OK,OK,1,1,3,5,8
,7374c878-6406-4693-99b4-8a92c9802462,46191,Switzerland vs Bosnia-Herzegovina,Switzerland vs Bosnia-Herzegovina,Switzerland,Bosnia-Herzegovina,Switzerland,2,1,Glorianne Gatt,Spain,18/06/2026_Switzerland vs Bosnia-Herzegovina,18/06/2026_Switzerland vs Bosnia-Herzegovina_Glorianne Gatt,OK,OK,OK,OK,OK,4,1,3,0,3
,48be7bef-334f-4c18-8431-8ae9dafbcd24,46192,Canada vs Qatar,Canada vs Qatar,Canada,Qatar,Canada,2,1,Glorianne Gatt,Spain,19/06/2026_Canada vs Qatar,19/06/2026_Canada vs Qatar_Glorianne Gatt,OK,OK,OK,OK,OK,6,0,3,0,3
,42483784-c68b-42c3-b236-f5a5d4242d88,46192,Mexico vs South Korea,Mexico vs South Korea,Mexico,South Korea,Mexico,2,1,Glorianne Gatt,Spain,19/06/2026_Mexico vs South Korea,19/06/2026_Mexico vs South Korea_Glorianne Gatt,OK,OK,OK,OK,OK,1,0,3,0,3
,b16d4341-2d5d-4ac2-a48d-272f434ea31c,46192,United States vs Australia,United States vs Australia,United States,Australia,United States,2,1,Glorianne Gatt,Spain,19/06/2026_United States vs Australia,19/06/2026_United States vs Australia_Glorianne Gatt,OK,OK,OK,OK,OK,2,0,3,0,3
,3d115d3d-4ef1-47c4-9cf5-541a2be2d09e,46193,Scotland vs Morocco,Scotland vs Morocco,Scotland,Morocco,Morocco,1,2,Glorianne Gatt,Spain,20/06/2026_Scotland vs Morocco,20/06/2026_Scotland vs Morocco_Glorianne Gatt,OK,OK,OK,OK,OK,0,1,3,0,3
,84c7690b-c49b-4a6c-bdb5-f6c7b98af4a5,46193,Brazil vs Haiti,Brazil vs Haiti,Brazil,Haiti,Brazil,3,0,Glorianne Gatt,Spain,20/06/2026_Brazil vs Haiti,20/06/2026_Brazil vs Haiti_Glorianne Gatt,OK,OK,OK,OK,OK,3,0,3,5,8
,dab0791d-89f7-4865-8c3c-aa08b0241b57,46193,Turkey vs Paraguay,Turkey vs Paraguay,Turkey,Paraguay,Tie,1,1,Glorianne Gatt,Spain,20/06/2026_Turkey vs Paraguay,20/06/2026_Turkey vs Paraguay_Glorianne Gatt,OK,OK,OK,OK,OK,0,1,0,0,0
,d9e733f2-9041-4215-bc0a-06f69039d92a,46193,Netherlands vs Sweden,Netherlands vs Sweden,Netherlands,Sweden,Tie,1,1,Glorianne Gatt,Spain,20/06/2026_Netherlands vs Sweden,20/06/2026_Netherlands vs Sweden_Glorianne Gatt,OK,OK,OK,OK,OK,5,1,0,0,0
,04687cdd-b5ec-4fa4-ad10-13a2f34be106,46193,Germany vs Ivory Coast,Germany vs Ivory Coast,Germany,Ivory Coast,Germany,2,1,Glorianne Gatt,Spain,20/06/2026_Germany vs Ivory Coast,20/06/2026_Germany vs Ivory Coast_Glorianne Gatt,OK,OK,OK,OK,OK,2,1,3,5,8
,df739543-5996-4520-bfee-322cc2c3ce94,46194,Ecuador vs Curaçao,Ecuador vs Curaçao,Ecuador,Curaçao,Ecuador,2,1,Glorianne Gatt,Spain,21/06/2026_Ecuador vs Curaçao,21/06/2026_Ecuador vs Curaçao_Glorianne Gatt,OK,OK,OK,OK,OK,0,0,0,0,0
,f4fa5c90-2c2e-4431-9fe0-178cd2e79e37,46194,Tunisia vs Japan,Tunisia vs Japan,Tunisia,Japan,Japan,0,1,Glorianne Gatt,Spain,21/06/2026_Tunisia vs Japan,21/06/2026_Tunisia vs Japan_Glorianne Gatt,OK,OK,OK,OK,OK,0,4,3,0,3
,289de371-ac20-4053-a3e0-c7a7e9879396,46194,Spain vs Saudi Arabia,Spain vs Saudi Arabia,Spain,Saudi Arabia,Spain,3,1,Glorianne Gatt,Spain,21/06/2026_Spain vs Saudi Arabia,21/06/2026_Spain vs Saudi Arabia_Glorianne Gatt,OK,OK,OK,OK,OK,4,0,3,0,3
,fac6453f-4836-4204-89dd-a08815d82236,46194,Belgium vs Iran,Belgium vs Iran,Belgium,Iran,Belgium,3,0,Glorianne Gatt,Spain,21/06/2026_Belgium vs Iran,21/06/2026_Belgium vs Iran_Glorianne Gatt,OK,OK,OK,OK,OK,0,0,0,0,0
,1a2cb77d-e9af-4d33-b124-be3dfdadc513,46195,Uruguay vs Cape Verde Islands,Uruguay vs Cape Verde Islands,Uruguay,Cape Verde Islands,Uruguay,2,0,Glorianne Gatt,Spain,22/06/2026_Uruguay vs Cape Verde Islands,22/06/2026_Uruguay vs Cape Verde Islands_Glorianne Gatt,OK,OK,OK,OK,OK,2,2,0,0,0
,f1dc6a9b-3f7c-41dd-96f8-3e380d56f3ab,46195,New Zealand vs Egypt,New Zealand vs Egypt,New Zealand,Egypt,Egypt,1,2,Glorianne Gatt,Spain,22/06/2026_New Zealand vs Egypt,22/06/2026_New Zealand vs Egypt_Glorianne Gatt,OK,OK,OK,OK,OK,1,3,3,0,3
,d058a56b-95e4-4e2d-a83d-d085620d4bb2,46195,Argentina vs Austria,Argentina vs Austria,Argentina,Austria,Argentina,2,1,Glorianne Gatt,Spain,22/06/2026_Argentina vs Austria,22/06/2026_Argentina vs Austria_Glorianne Gatt,OK,OK,OK,OK,OK,2,0,3,0,3
,007534e0-869e-4675-a51f-11d437648b2e,46195,France vs Iraq,France vs Iraq,France,Iraq,France,3,0,Glorianne Gatt,Spain,22/06/2026_France vs Iraq,22/06/2026_France vs Iraq_Glorianne Gatt,OK,OK,OK,OK,OK,3,0,3,5,8
,c6d3da9a-e354-402e-94d0-4b5c79e3f5d3,46196,Norway vs Senegal,Norway vs Senegal,Norway,Senegal,Norway,2,1,Glorianne Gatt,Spain,23/06/2026_Norway vs Senegal,23/06/2026_Norway vs Senegal_Glorianne Gatt,OK,OK,OK,OK,OK,3,2,3,0,3
,42d5414e-d3cc-42b1-9128-689887e01df8,46196,Jordan vs Algeria,Jordan vs Algeria,Jordan,Algeria,Algeria,1,2,Glorianne Gatt,Spain,23/06/2026_Jordan vs Algeria,23/06/2026_Jordan vs Algeria_Glorianne Gatt,OK,OK,OK,OK,OK,1,2,3,5,8
,12316f50-d8f6-4573-908f-391fcf9f7115,46196,Portugal vs Uzbekistan,Portugal vs Uzbekistan,Portugal,Uzbekistan,Portugal,2,1,Glorianne Gatt,Spain,23/06/2026_Portugal vs Uzbekistan,23/06/2026_Portugal vs Uzbekistan_Glorianne Gatt,OK,OK,OK,OK,OK,5,0,3,0,3
,b2c2f4a3-f135-45ac-822c-f732687e6fbb,46196,England vs Ghana,England vs Ghana,England,Ghana,England,2,1,Glorianne Gatt,Spain,23/06/2026_England vs Ghana,23/06/2026_England vs Ghana_Glorianne Gatt,OK,OK,OK,OK,OK,0,0,0,0,0
,cdf71717-b80b-4873-bfb4-ec3e2dd5d69a,46197,Panama vs Croatia,Panama vs Croatia,Panama,Croatia,Croatia,0,2,Glorianne Gatt,Spain,24/06/2026_Panama vs Croatia,24/06/2026_Panama vs Croatia_Glorianne Gatt,OK,OK,OK,OK,OK,0,1,3,0,3
,a3dcfcc8-e860-4933-992e-7296ab517ca3,46197,Colombia vs Congo DR,Colombia vs Congo DR,Colombia,Congo DR,Colombia,2,0,Glorianne Gatt,Spain,24/06/2026_Colombia vs Congo DR,24/06/2026_Colombia vs Congo DR_Glorianne Gatt,OK,OK,OK,OK,OK,1,0,3,0,3
,26b54c1e-b5ce-4877-9505-9ae4c446fb50,46197,Switzerland vs Canada,Switzerland vs Canada,Switzerland,Canada,Tie,1,1,Glorianne Gatt,Spain,24/06/2026_Switzerland vs Canada,24/06/2026_Switzerland vs Canada_Glorianne Gatt,OK,OK,OK,OK,OK,2,1,0,0,0
,0ee261d2-f96f-46cf-8202-73555f0556a7,46197,Bosnia-Herzegovina vs Qatar,Bosnia-Herzegovina vs Qatar,Bosnia-Herzegovina,Qatar,Tie,1,1,Glorianne Gatt,Spain,24/06/2026_Bosnia-Herzegovina vs Qatar,24/06/2026_Bosnia-Herzegovina vs Qatar_Glorianne Gatt,OK,OK,OK,OK,OK,3,1,0,0,0
,6e4acee5-a7b1-45f8-bbf1-91a123fb05ef,46198,Morocco vs Haiti,Morocco vs Haiti,Morocco,Haiti,Morocco,2,0,Glorianne Gatt,Spain,25/06/2026_Morocco vs Haiti,25/06/2026_Morocco vs Haiti_Glorianne Gatt,OK,OK,OK,OK,OK,4,2,3,0,3
,439c5632-00fb-4189-a01b-41331364eab0,46198,Scotland vs Brazil,Scotland vs Brazil,Scotland,Brazil,Brazil,1,3,Glorianne Gatt,Spain,25/06/2026_Scotland vs Brazil,25/06/2026_Scotland vs Brazil_Glorianne Gatt,OK,OK,OK,OK,OK,0,3,3,0,3
,e66215d5-61ad-4b33-9b4a-2c7396ed3afd,46198,South Africa vs South Korea,South Africa vs South Korea,South Africa,South Korea,South Korea,1,2,Glorianne Gatt,Spain,25/06/2026_South Africa vs South Korea,25/06/2026_South Africa vs South Korea_Glorianne Gatt,OK,OK,OK,OK,OK,1,0,0,0,0
,f41a0e61-60df-4cfd-a31b-56459ecf684f,46198,Czechia vs Mexico,Czechia vs Mexico,Czechia,Mexico,Tie,1,1,Glorianne Gatt,Spain,25/06/2026_Czechia vs Mexico,25/06/2026_Czechia vs Mexico_Glorianne Gatt,OK,OK,OK,OK,OK,0,3,0,0,0
,f02a6bbb-f985-42c8-a96a-7afb4217a0e3,46198,Curaçao vs Ivory Coast,Curaçao vs Ivory Coast,Curaçao,Ivory Coast,Ivory Coast,0,2,Glorianne Gatt,Spain,25/06/2026_Curaçao vs Ivory Coast,25/06/2026_Curaçao vs Ivory Coast_Glorianne Gatt,OK,OK,OK,OK,OK,0,2,3,5,8
,c76422df-413e-4048-8e4e-4ed4a9da0417,46198,Ecuador vs Germany,Ecuador vs Germany,Ecuador,Germany,Tie,1,1,Glorianne Gatt,Spain,25/06/2026_Ecuador vs Germany,25/06/2026_Ecuador vs Germany_Glorianne Gatt,OK,OK,OK,OK,OK,2,1,0,0,0
,36513f1c-7117-41f2-9952-3aa7ac3df8f2,46199,Tunisia vs Netherlands,Tunisia vs Netherlands,Tunisia,Netherlands,Netherlands,1,2,Glorianne Gatt,Spain,26/06/2026_Tunisia vs Netherlands,26/06/2026_Tunisia vs Netherlands_Glorianne Gatt,OK,OK,OK,OK,OK,1,3,3,0,3
,80204b62-2b0c-44ba-99e5-6f5d85fea9a8,46199,Japan vs Sweden,Japan vs Sweden,Japan,Sweden,Sweden,0,1,Glorianne Gatt,Spain,26/06/2026_Japan vs Sweden,26/06/2026_Japan vs Sweden_Glorianne Gatt,OK,OK,OK,OK,OK,1,1,0,0,0
,c7a5a8d0-f327-4229-9cb9-216e056213fe,46199,Turkey vs United States,Turkey vs United States,Turkey,United States,Tie,1,1,Glorianne Gatt,Spain,26/06/2026_Turkey vs United States,26/06/2026_Turkey vs United States_Glorianne Gatt,OK,OK,OK,OK,OK,3,2,0,0,0
,a21572a2-ad9e-459e-bbfc-de5a88f1329f,46199,Paraguay vs Australia,Paraguay vs Australia,Paraguay,Australia,Tie,0,0,Glorianne Gatt,Spain,26/06/2026_Paraguay vs Australia,26/06/2026_Paraguay vs Australia_Glorianne Gatt,OK,OK,OK,OK,OK,0,0,3,5,8
,3a287f93-dcd4-485b-bdf8-eaebb9f661cf,46199,Norway vs France,Norway vs France,Norway,France,Tie,1,1,Glorianne Gatt,Spain,26/06/2026_Norway vs France,26/06/2026_Norway vs France_Glorianne Gatt,OK,OK,OK,OK,OK,1,4,0,0,0
,0fbd7b54-81e5-4533-b644-c92d7870c28c,46199,Senegal vs Iraq,Senegal vs Iraq,Senegal,Iraq,Senegal,2,0,Glorianne Gatt,Spain,26/06/2026_Senegal vs Iraq,26/06/2026_Senegal vs Iraq_Glorianne Gatt,OK,OK,OK,OK,OK,5,0,3,0,3
,2495c224-1806-44fa-b4f7-433b5640865f,46200,Cape Verde Islands vs Saudi Arabia,Cape Verde Islands vs Saudi Arabia,Cape Verde Islands,Saudi Arabia,Saudi Arabia,1,2,Glorianne Gatt,Spain,27/06/2026_Cape Verde Islands vs Saudi Arabia,27/06/2026_Cape Verde Islands vs Saudi Arabia_Glorianne Gatt,OK,OK,OK,OK,OK,0,0,0,0,0
,ae047c73-d33f-4789-b46d-cef02f69e29d,46200,Uruguay vs Spain,Uruguay vs Spain,Uruguay,Spain,Spain,1,2,Glorianne Gatt,Spain,27/06/2026_Uruguay vs Spain,27/06/2026_Uruguay vs Spain_Glorianne Gatt,OK,OK,OK,OK,OK,0,1,3,0,3
,f70c4a7a-7a93-4b68-8c91-16193d4682f3,46200,New Zealand vs Belgium,New Zealand vs Belgium,New Zealand,Belgium,Belgium,0,2,Glorianne Gatt,Spain,27/06/2026_New Zealand vs Belgium,27/06/2026_New Zealand vs Belgium_Glorianne Gatt,OK,OK,OK,OK,OK,1,5,3,0,3
,3a3dcf85-f135-4e50-8e89-d84626a422f3,46200,Egypt vs Iran,Egypt vs Iran,Egypt,Iran,Egypt,2,1,Glorianne Gatt,Spain,27/06/2026_Egypt vs Iran,27/06/2026_Egypt vs Iran_Glorianne Gatt,OK,OK,OK,OK,OK,1,1,0,0,0
,ad91008d-0430-448c-97c3-bced93584035,46200,Panama vs England,Panama vs England,Panama,England,England,0,2,Glorianne Gatt,Spain,27/06/2026_Panama vs England,27/06/2026_Panama vs England_Glorianne Gatt,OK,OK,OK,OK,OK,0,2,3,5,8
,a85f6166-ebf4-431b-930c-c9b27434d77d,46200,Croatia vs Ghana,Croatia vs Ghana,Croatia,Ghana,Tie,1,1,Glorianne Gatt,Spain,27/06/2026_Croatia vs Ghana,27/06/2026_Croatia vs Ghana_Glorianne Gatt,OK,OK,OK,OK,OK,2,1,0,0,0
,8d644394-95bb-4574-9c0e-0aacbc8eda02,46201,Colombia vs Portugal,Colombia vs Portugal,Colombia,Portugal,Tie,1,1,Glorianne Gatt,Spain,28/06/2026_Colombia vs Portugal,28/06/2026_Colombia vs Portugal_Glorianne Gatt,OK,OK,OK,OK,OK,0,0,3,0,3
,d748837c-08e4-4cab-8ef1-551b3c7acacf,46201,Congo DR vs Uzbekistan,Congo DR vs Uzbekistan,Congo DR,Uzbekistan,Tie,2,2,Glorianne Gatt,Spain,28/06/2026_Congo DR vs Uzbekistan,28/06/2026_Congo DR vs Uzbekistan_Glorianne Gatt,OK,OK,OK,OK,OK,3,1,0,0,0
,562896e7-5c13-4ca4-95ab-c261cd32a161,46201,Algeria vs Austria,Algeria vs Austria,Algeria,Austria,Algeria,1,0,Glorianne Gatt,Spain,28/06/2026_Algeria vs Austria,28/06/2026_Algeria vs Austria_Glorianne Gatt,OK,OK,OK,OK,OK,3,3,0,0,0
,f1e06518-2d60-40d5-9c9d-be5672c6829b,46201,Jordan vs Argentina,Jordan vs Argentina,Jordan,Argentina,Argentina,0,3,Glorianne Gatt,Spain,28/06/2026_Jordan vs Argentina,28/06/2026_Jordan vs Argentina_Glorianne Gatt,OK,OK,OK,OK,OK,1,3,3,0,3
,c68a71fb-448d-4f47-b016-f986dfe1e3ff,46184,Mexico vs South Africa,Mexico vs South Africa,Mexico,South Africa,Mexico,2,0,Jonathan Sammut,France,11/06/2026_Mexico vs South Africa,11/06/2026_Mexico vs South Africa_Jonathan Sammut,OK,OK,OK,OK,OK,2,0,3,5,8
,24483db8-e697-4db2-9224-6b00972599a7,46185,South Korea vs Czechia,South Korea vs Czechia,South Korea,Czechia,Tie,1,1,Jonathan Sammut,France,12/06/2026_South Korea vs Czechia,12/06/2026_South Korea vs Czechia_Jonathan Sammut,OK,OK,OK,OK,OK,2,1,0,0,0
,e475eb49-4981-4a59-a003-2c2a2b69bc5d,46185,Canada vs Bosnia-Herzegovina,Canada vs Bosnia-Herzegovina,Canada,Bosnia-Herzegovina,Canada,2,1,Jonathan Sammut,France,12/06/2026_Canada vs Bosnia-Herzegovina,12/06/2026_Canada vs Bosnia-Herzegovina_Jonathan Sammut,OK,OK,OK,OK,OK,1,1,0,0,0
,fe29317b-cc61-4e01-99c5-d7208d037f2a,46186,United States vs Paraguay,United States vs Paraguay,United States,Paraguay,United States,2,1,Jonathan Sammut,France,13/06/2026_United States vs Paraguay,13/06/2026_United States vs Paraguay_Jonathan Sammut,OK,OK,OK,OK,OK,4,1,3,0,3
,db7ff3e7-94b6-4830-bf1b-3674fbaea834,46186,Qatar vs Switzerland,Qatar vs Switzerland,Qatar,Switzerland,Switzerland,0,2,Jonathan Sammut,France,13/06/2026_Qatar vs Switzerland,13/06/2026_Qatar vs Switzerland_Jonathan Sammut,OK,OK,OK,OK,OK,1,1,0,0,0
,0e0e1ce8-5609-4495-9e44-c9c1fe69f550,46187,Brazil vs Morocco,Brazil vs Morocco,Brazil,Morocco,Brazil,2,1,Jonathan Sammut,France,14/06/2026_Brazil vs Morocco,14/06/2026_Brazil vs Morocco_Jonathan Sammut,OK,OK,OK,OK,OK,1,1,0,0,0
,f225492a-3795-412e-85db-5c66345101ae,46187,Haiti vs Scotland,Haiti vs Scotland,Haiti,Scotland,Scotland,0,2,Jonathan Sammut,France,14/06/2026_Haiti vs Scotland,14/06/2026_Haiti vs Scotland_Jonathan Sammut,OK,OK,OK,OK,OK,0,1,3,0,3
,90b2f86d-0dd7-412a-9c75-1d612a2375e5,46187,Australia vs Turkey,Australia vs Turkey,Australia,Turkey,Turkey,1,2,Jonathan Sammut,France,14/06/2026_Australia vs Turkey,14/06/2026_Australia vs Turkey_Jonathan Sammut,OK,OK,OK,OK,OK,2,0,0,0,0
,ed2ee7cd-f748-4105-a5e8-4c74e47173a6,46187,Germany vs Curaçao,Germany vs Curaçao,Germany,Curaçao,Germany,3,0,Jonathan Sammut,France,14/06/2026_Germany vs Curaçao,14/06/2026_Germany vs Curaçao_Jonathan Sammut,OK,OK,OK,OK,OK,7,1,3,0,3
,f9a7ba0d-fa87-4b6b-82e5-d07d449de818,46187,Netherlands vs Japan,Netherlands vs Japan,Netherlands,Japan,Netherlands,2,1,Jonathan Sammut,France,14/06/2026_Netherlands vs Japan,14/06/2026_Netherlands vs Japan_Jonathan Sammut,OK,OK,OK,OK,OK,2,2,0,0,0
,56688e94-9702-4a1a-83c0-d0a2d1f7bfee,46188,Ivory Coast vs Ecuador,Ivory Coast vs Ecuador,Ivory Coast,Ecuador,Tie,1,1,Jonathan Sammut,France,15/06/2026_Ivory Coast vs Ecuador,15/06/2026_Ivory Coast vs Ecuador_Jonathan Sammut,OK,OK,OK,OK,OK,1,0,0,0,0
,2f70ba2a-6034-4b06-91b7-a9a507d7af4f,46188,Sweden vs Tunisia,Sweden vs Tunisia,Sweden,Tunisia,Sweden,1,0,Jonathan Sammut,France,15/06/2026_Sweden vs Tunisia,15/06/2026_Sweden vs Tunisia_Jonathan Sammut,OK,OK,OK,OK,OK,5,1,3,0,3
,9f76ff94-0593-4ee9-b440-7f1891c43a17,46188,Belgium vs Egypt,Belgium vs Egypt,Belgium,Egypt,Belgium,2,0,Jonathan Sammut,France,15/06/2026_Belgium vs Egypt,15/06/2026_Belgium vs Egypt_Jonathan Sammut,OK,OK,OK,OK,OK,1,1,0,0,0
,038a27a0-1025-45c0-b37e-c4da2146fc2d,46188,Spain vs Cape Verde Islands,Spain vs Cape Verde Islands,Spain,Cape Verde Islands,Spain,3,0,Jonathan Sammut,France,15/06/2026_Spain vs Cape Verde Islands,15/06/2026_Spain vs Cape Verde Islands_Jonathan Sammut,OK,OK,OK,OK,OK,0,0,0,0,0
,76c4224f-7f13-485c-a64f-78d4d877a2ac,46189,Saudi Arabia vs Uruguay,Saudi Arabia vs Uruguay,Saudi Arabia,Uruguay,Saudi Arabia,2,0,Jonathan Sammut,France,16/06/2026_Saudi Arabia vs Uruguay,16/06/2026_Saudi Arabia vs Uruguay_Jonathan Sammut,OK,OK,OK,OK,OK,1,1,0,0,0
,0bf09d3a-793e-4a7b-bd35-7a54c2a28411,46189,Iran vs New Zealand,Iran vs New Zealand,Iran,New Zealand,Iran,1,0,Jonathan Sammut,France,16/06/2026_Iran vs New Zealand,16/06/2026_Iran vs New Zealand_Jonathan Sammut,OK,OK,OK,OK,OK,2,2,0,0,0
,77299f82-4874-4167-9226-43727aae043d,46189,France vs Senegal,France vs Senegal,France,Senegal,France,2,1,Jonathan Sammut,France,16/06/2026_France vs Senegal,16/06/2026_France vs Senegal_Jonathan Sammut,OK,OK,OK,OK,OK,3,1,3,0,3
,a1ef5d46-1149-4282-917c-f26e14c98aba,46190,Iraq vs Norway,Iraq vs Norway,Iraq,Norway,Norway,0,2,Jonathan Sammut,France,17/06/2026_Iraq vs Norway,17/06/2026_Iraq vs Norway_Jonathan Sammut,OK,OK,OK,OK,OK,1,4,3,0,3
,bd146149-ae84-4733-9165-a8f79dd3e6c9,46190,Argentina vs Algeria,Argentina vs Algeria,Argentina,Algeria,Argentina,2,0,Jonathan Sammut,France,17/06/2026_Argentina vs Algeria,17/06/2026_Argentina vs Algeria_Jonathan Sammut,OK,OK,OK,OK,OK,3,0,3,0,3
,e6f3634e-dd13-4826-8b34-c3b9e3955217,46190,Austria vs Jordan,Austria vs Jordan,Austria,Jordan,Austria,2,0,Jonathan Sammut,France,17/06/2026_Austria vs Jordan,17/06/2026_Austria vs Jordan_Jonathan Sammut,OK,OK,OK,OK,OK,3,1,3,0,3
,a6bf0a72-6b9d-41ed-b66c-c45078f46a62,46190,Portugal vs Congo DR,Portugal vs Congo DR,Portugal,Congo DR,Portugal,2,0,Jonathan Sammut,France,17/06/2026_Portugal vs Congo DR,17/06/2026_Portugal vs Congo DR_Jonathan Sammut,OK,OK,OK,OK,OK,1,1,0,0,0
,4684ddb7-a1cd-4f36-8816-022e3ef85bf1,46190,England vs Croatia,England vs Croatia,England,Croatia,England,2,1,Jonathan Sammut,France,17/06/2026_England vs Croatia,17/06/2026_England vs Croatia_Jonathan Sammut,OK,OK,OK,OK,OK,4,2,3,0,3
,6658c048-a41d-42cc-81e3-b8f04d4086cf,46191,Ghana vs Panama,Ghana vs Panama,Ghana,Panama,Ghana,1,0,Jonathan Sammut,France,18/06/2026_Ghana vs Panama,18/06/2026_Ghana vs Panama_Jonathan Sammut,OK,OK,OK,OK,OK,1,0,3,5,8
,3faebb74-782d-4463-a8be-7b9e099f5565,46191,Uzbekistan vs Colombia,Uzbekistan vs Colombia,Uzbekistan,Colombia,Colombia,0,1,Jonathan Sammut,France,18/06/2026_Uzbekistan vs Colombia,18/06/2026_Uzbekistan vs Colombia_Jonathan Sammut,OK,OK,OK,OK,OK,1,3,3,0,3
,42c94949-d920-4be6-ab49-3f97901103b5,46191,Czechia vs South Africa,Czechia vs South Africa,Czechia,South Africa,Czechia,2,1,Jonathan Sammut,France,18/06/2026_Czechia vs South Africa,18/06/2026_Czechia vs South Africa_Jonathan Sammut,OK,OK,OK,OK,OK,1,1,0,0,0
,e7969125-432e-4a40-9e36-7fbc9d98e2b3,46191,Switzerland vs Bosnia-Herzegovina,Switzerland vs Bosnia-Herzegovina,Switzerland,Bosnia-Herzegovina,Switzerland,1,0,Jonathan Sammut,France,18/06/2026_Switzerland vs Bosnia-Herzegovina,18/06/2026_Switzerland vs Bosnia-Herzegovina_Jonathan Sammut,OK,OK,OK,OK,OK,4,1,3,0,3
,8c4544bb-961f-414a-a930-5e3f032279b8,46192,Canada vs Qatar,Canada vs Qatar,Canada,Qatar,Canada,2,0,Jonathan Sammut,France,19/06/2026_Canada vs Qatar,19/06/2026_Canada vs Qatar_Jonathan Sammut,OK,OK,OK,OK,OK,6,0,3,0,3
,354d5f0d-3e63-4887-8a6f-c5a70b5c6554,46192,Mexico vs South Korea,Mexico vs South Korea,Mexico,South Korea,Tie,1,1,Jonathan Sammut,France,19/06/2026_Mexico vs South Korea,19/06/2026_Mexico vs South Korea_Jonathan Sammut,OK,OK,OK,OK,OK,1,0,0,0,0
,3ec28994-b7a4-4b90-9cd0-ab525211a531,46192,United States vs Australia,United States vs Australia,United States,Australia,United States,2,0,Jonathan Sammut,France,19/06/2026_United States vs Australia,19/06/2026_United States vs Australia_Jonathan Sammut,OK,OK,OK,OK,OK,2,0,3,5,8
,d8c33bb3-79ee-4a50-a900-502528dae992,46193,Scotland vs Morocco,Scotland vs Morocco,Scotland,Morocco,Morocco,0,1,Jonathan Sammut,France,20/06/2026_Scotland vs Morocco,20/06/2026_Scotland vs Morocco_Jonathan Sammut,OK,OK,OK,OK,OK,0,1,3,5,8
,a11155f5-d472-42f8-9c7e-c62221e06f04,46193,Brazil vs Haiti,Brazil vs Haiti,Brazil,Haiti,Brazil,3,0,Jonathan Sammut,France,20/06/2026_Brazil vs Haiti,20/06/2026_Brazil vs Haiti_Jonathan Sammut,OK,OK,OK,OK,OK,3,0,3,5,8
,83429167-f34f-4f11-a6d6-548eac346e40,46193,Turkey vs Paraguay,Turkey vs Paraguay,Turkey,Paraguay,Tie,1,1,Jonathan Sammut,France,20/06/2026_Turkey vs Paraguay,20/06/2026_Turkey vs Paraguay_Jonathan Sammut,OK,OK,OK,OK,OK,0,1,0,0,0
,5822e368-c852-4a73-ac73-24c6222c33a4,46193,Netherlands vs Sweden,Netherlands vs Sweden,Netherlands,Sweden,Tie,1,1,Jonathan Sammut,France,20/06/2026_Netherlands vs Sweden,20/06/2026_Netherlands vs Sweden_Jonathan Sammut,OK,OK,OK,OK,OK,5,1,0,0,0
,74bf6747-b221-43eb-88f0-ffc4e8b14639,46193,Germany vs Ivory Coast,Germany vs Ivory Coast,Germany,Ivory Coast,Germany,2,1,Jonathan Sammut,France,20/06/2026_Germany vs Ivory Coast,20/06/2026_Germany vs Ivory Coast_Jonathan Sammut,OK,OK,OK,OK,OK,2,1,3,5,8
,e6344661-e03d-47e3-a71b-64b1dd3ff4cb,46194,Ecuador vs Curaçao,Ecuador vs Curaçao,Ecuador,Curaçao,Ecuador,2,0,Jonathan Sammut,France,21/06/2026_Ecuador vs Curaçao,21/06/2026_Ecuador vs Curaçao_Jonathan Sammut,OK,OK,OK,OK,OK,0,0,0,0,0
,cca132d6-b8d1-4d15-aa8c-e4fafe8f8673,46194,Tunisia vs Japan,Tunisia vs Japan,Tunisia,Japan,Japan,0,1,Jonathan Sammut,France,21/06/2026_Tunisia vs Japan,21/06/2026_Tunisia vs Japan_Jonathan Sammut,OK,OK,OK,OK,OK,0,4,3,0,3
,08221dd6-6c8d-4886-9d80-97ae34f40721,46194,Spain vs Saudi Arabia,Spain vs Saudi Arabia,Spain,Saudi Arabia,Spain,3,0,Jonathan Sammut,France,21/06/2026_Spain vs Saudi Arabia,21/06/2026_Spain vs Saudi Arabia_Jonathan Sammut,OK,OK,OK,OK,OK,4,0,3,0,3
,dd21a8ce-0ee5-43b3-a842-3748bd086068,46194,Belgium vs Iran,Belgium vs Iran,Belgium,Iran,Belgium,2,0,Jonathan Sammut,France,21/06/2026_Belgium vs Iran,21/06/2026_Belgium vs Iran_Jonathan Sammut,OK,OK,OK,OK,OK,0,0,0,0,0
,71bc1b66-cb3f-4163-991b-ea9bc8895ec0,46195,Uruguay vs Cape Verde Islands,Uruguay vs Cape Verde Islands,Uruguay,Cape Verde Islands,Uruguay,2,0,Jonathan Sammut,France,22/06/2026_Uruguay vs Cape Verde Islands,22/06/2026_Uruguay vs Cape Verde Islands_Jonathan Sammut,OK,OK,OK,OK,OK,2,2,0,0,0
,6c54fe40-8195-4c8d-8e33-f2802913f8c8,46195,New Zealand vs Egypt,New Zealand vs Egypt,New Zealand,Egypt,Egypt,0,1,Jonathan Sammut,France,22/06/2026_New Zealand vs Egypt,22/06/2026_New Zealand vs Egypt_Jonathan Sammut,OK,OK,OK,OK,OK,1,3,3,0,3
,97634ad5-2b99-4de7-ab47-96433876b6b8,46195,Argentina vs Austria,Argentina vs Austria,Argentina,Austria,Argentina,2,1,Jonathan Sammut,France,22/06/2026_Argentina vs Austria,22/06/2026_Argentina vs Austria_Jonathan Sammut,OK,OK,OK,OK,OK,2,0,3,0,3
,a02d805a-6187-4fbc-baf4-5578a8a88040,46195,France vs Iraq,France vs Iraq,France,Iraq,France,3,0,Jonathan Sammut,France,22/06/2026_France vs Iraq,22/06/2026_France vs Iraq_Jonathan Sammut,OK,OK,OK,OK,OK,3,0,3,5,8
,2f28f3dc-f8f8-4b52-b1de-7c2f4105aaf0,46196,Norway vs Senegal,Norway vs Senegal,Norway,Senegal,Tie,1,1,Jonathan Sammut,France,23/06/2026_Norway vs Senegal,23/06/2026_Norway vs Senegal_Jonathan Sammut,OK,OK,OK,OK,OK,3,2,0,0,0
,10335b8d-b9db-4837-b100-65460f0110a4,46196,Jordan vs Algeria,Jordan vs Algeria,Jordan,Algeria,Algeria,0,1,Jonathan Sammut,France,23/06/2026_Jordan vs Algeria,23/06/2026_Jordan vs Algeria_Jonathan Sammut,OK,OK,OK,OK,OK,1,2,3,0,3
,ac099df2-5fdb-4033-bc36-974f1ce1e795,46196,Portugal vs Uzbekistan,Portugal vs Uzbekistan,Portugal,Uzbekistan,Portugal,2,0,Jonathan Sammut,France,23/06/2026_Portugal vs Uzbekistan,23/06/2026_Portugal vs Uzbekistan_Jonathan Sammut,OK,OK,OK,OK,OK,5,0,3,0,3
,fdb7049a-4e06-4732-984a-fba31f31ff59,46196,England vs Ghana,England vs Ghana,England,Ghana,England,2,0,Jonathan Sammut,France,23/06/2026_England vs Ghana,23/06/2026_England vs Ghana_Jonathan Sammut,OK,OK,OK,OK,OK,0,0,0,0,0
,28326d96-a60a-4ee3-b91a-85c0ad5dc865,46197,Panama vs Croatia,Panama vs Croatia,Panama,Croatia,Croatia,0,2,Jonathan Sammut,France,24/06/2026_Panama vs Croatia,24/06/2026_Panama vs Croatia_Jonathan Sammut,OK,OK,OK,OK,OK,0,1,3,0,3
,51c76dfb-58df-4268-8eaa-f7f8959ce352,46197,Colombia vs Congo DR,Colombia vs Congo DR,Colombia,Congo DR,Colombia,2,1,Jonathan Sammut,France,24/06/2026_Colombia vs Congo DR,24/06/2026_Colombia vs Congo DR_Jonathan Sammut,OK,OK,OK,OK,OK,1,0,3,0,3
,246ae61b-c60d-4575-9dd9-80174f8f6b23,46197,Switzerland vs Canada,Switzerland vs Canada,Switzerland,Canada,Tie,1,1,Jonathan Sammut,France,24/06/2026_Switzerland vs Canada,24/06/2026_Switzerland vs Canada_Jonathan Sammut,OK,OK,OK,OK,OK,2,1,0,0,0
,95731188-f923-4452-969d-601ff32ad0b4,46197,Bosnia-Herzegovina vs Qatar,Bosnia-Herzegovina vs Qatar,Bosnia-Herzegovina,Qatar,Tie,1,1,Jonathan Sammut,France,24/06/2026_Bosnia-Herzegovina vs Qatar,24/06/2026_Bosnia-Herzegovina vs Qatar_Jonathan Sammut,OK,OK,OK,OK,OK,3,1,0,0,0
,b771592e-ab38-4a5e-aa2c-ca36be9111c8,46198,Morocco vs Haiti,Morocco vs Haiti,Morocco,Haiti,Morocco,2,0,Jonathan Sammut,France,25/06/2026_Morocco vs Haiti,25/06/2026_Morocco vs Haiti_Jonathan Sammut,OK,OK,OK,OK,OK,4,2,3,0,3
,b6851e0a-cb49-45ed-968b-5acd11a1f7e5,46198,Scotland vs Brazil,Scotland vs Brazil,Scotland,Brazil,Brazil,0,2,Jonathan Sammut,France,25/06/2026_Scotland vs Brazil,25/06/2026_Scotland vs Brazil_Jonathan Sammut,OK,OK,OK,OK,OK,0,3,3,0,3
,e1ecae62-e331-4081-94b2-598c3caf03e2,46198,South Africa vs South Korea,South Africa vs South Korea,South Africa,South Korea,South Korea,0,1,Jonathan Sammut,France,25/06/2026_South Africa vs South Korea,25/06/2026_South Africa vs South Korea_Jonathan Sammut,OK,OK,OK,OK,OK,1,0,0,0,0
,87aff031-4c54-46de-9a23-29e67765b383,46198,Czechia vs Mexico,Czechia vs Mexico,Czechia,Mexico,Tie,1,1,Jonathan Sammut,France,25/06/2026_Czechia vs Mexico,25/06/2026_Czechia vs Mexico_Jonathan Sammut,OK,OK,OK,OK,OK,0,3,0,0,0
,7c43d8c7-231a-4788-a1fc-6b5801fbfbe4,46198,Curaçao vs Ivory Coast,Curaçao vs Ivory Coast,Curaçao,Ivory Coast,Ivory Coast,0,2,Jonathan Sammut,France,25/06/2026_Curaçao vs Ivory Coast,25/06/2026_Curaçao vs Ivory Coast_Jonathan Sammut,OK,OK,OK,OK,OK,0,2,3,5,8
,e5e72008-edf6-4582-adc4-2a5112d266ab,46198,Ecuador vs Germany,Ecuador vs Germany,Ecuador,Germany,Germany,1,2,Jonathan Sammut,France,25/06/2026_Ecuador vs Germany,25/06/2026_Ecuador vs Germany_Jonathan Sammut,OK,OK,OK,OK,OK,2,1,0,0,0
,37977df8-18d0-4797-878d-2878dbf777c2,46199,Tunisia vs Netherlands,Tunisia vs Netherlands,Tunisia,Netherlands,Netherlands,0,2,Jonathan Sammut,France,26/06/2026_Tunisia vs Netherlands,26/06/2026_Tunisia vs Netherlands_Jonathan Sammut,OK,OK,OK,OK,OK,1,3,3,0,3
,3a1f57a4-ae34-4d16-b8af-7486def70df2,46199,Japan vs Sweden,Japan vs Sweden,Japan,Sweden,Tie,1,1,Jonathan Sammut,France,26/06/2026_Japan vs Sweden,26/06/2026_Japan vs Sweden_Jonathan Sammut,OK,OK,OK,OK,OK,1,1,3,5,8
,fe78eb5b-5ab8-4398-9ac0-782b8f8fc2d2,46199,Turkey vs United States,Turkey vs United States,Turkey,United States,Tie,1,1,Jonathan Sammut,France,26/06/2026_Turkey vs United States,26/06/2026_Turkey vs United States_Jonathan Sammut,OK,OK,OK,OK,OK,3,2,0,0,0
,a18212d8-41ec-456a-83a4-a76bd3c3ad6f,46199,Paraguay vs Australia,Paraguay vs Australia,Paraguay,Australia,Tie,1,1,Jonathan Sammut,France,26/06/2026_Paraguay vs Australia,26/06/2026_Paraguay vs Australia_Jonathan Sammut,OK,OK,OK,OK,OK,0,0,3,0,3
,1cec8ac1-8503-4543-b3e1-c63a00ad52f6,46199,Norway vs France,Norway vs France,Norway,France,France,1,2,Jonathan Sammut,France,26/06/2026_Norway vs France,26/06/2026_Norway vs France_Jonathan Sammut,OK,OK,OK,OK,OK,1,4,3,0,3
,be715e65-bba9-45eb-ad99-074973fb4efa,46199,Senegal vs Iraq,Senegal vs Iraq,Senegal,Iraq,Senegal,2,0,Jonathan Sammut,France,26/06/2026_Senegal vs Iraq,26/06/2026_Senegal vs Iraq_Jonathan Sammut,OK,OK,OK,OK,OK,5,0,3,0,3
,7a4435e5-3e94-4c9d-b82a-5ec5c45ccbf8,46200,Cape Verde Islands vs Saudi Arabia,Cape Verde Islands vs Saudi Arabia,Cape Verde Islands,Saudi Arabia,Tie,1,1,Jonathan Sammut,France,27/06/2026_Cape Verde Islands vs Saudi Arabia,27/06/2026_Cape Verde Islands vs Saudi Arabia_Jonathan Sammut,OK,OK,OK,OK,OK,0,0,3,0,3
,187c06b1-673d-48e0-bcd4-5e851b3aaa4b,46200,Uruguay vs Spain,Uruguay vs Spain,Uruguay,Spain,Tie,1,1,Jonathan Sammut,France,27/06/2026_Uruguay vs Spain,27/06/2026_Uruguay vs Spain_Jonathan Sammut,OK,OK,OK,OK,OK,0,1,0,0,0
,1046ce70-1a34-4e54-ab58-635ba77b238d,46200,New Zealand vs Belgium,New Zealand vs Belgium,New Zealand,Belgium,Belgium,0,3,Jonathan Sammut,France,27/06/2026_New Zealand vs Belgium,27/06/2026_New Zealand vs Belgium_Jonathan Sammut,OK,OK,OK,OK,OK,1,5,3,0,3
,48a5b964-9202-4394-9fd0-5410f221a8e5,46200,Egypt vs Iran,Egypt vs Iran,Egypt,Iran,Tie,1,1,Jonathan Sammut,France,27/06/2026_Egypt vs Iran,27/06/2026_Egypt vs Iran_Jonathan Sammut,OK,OK,OK,OK,OK,1,1,3,5,8
,a790351c-4a85-4279-8bb5-0b323bec9fab,46200,Panama vs England,Panama vs England,Panama,England,England,0,3,Jonathan Sammut,France,27/06/2026_Panama vs England,27/06/2026_Panama vs England_Jonathan Sammut,OK,OK,OK,OK,OK,0,2,3,0,3
,8f03088c-557f-4755-9f0f-5038d1dc67f4,46200,Croatia vs Ghana,Croatia vs Ghana,Croatia,Ghana,Tie,1,1,Jonathan Sammut,France,27/06/2026_Croatia vs Ghana,27/06/2026_Croatia vs Ghana_Jonathan Sammut,OK,OK,OK,OK,OK,2,1,0,0,0
,c4fbb259-fbd4-47a7-8632-9e7508467374,46201,Colombia vs Portugal,Colombia vs Portugal,Colombia,Portugal,Portugal,1,2,Jonathan Sammut,France,28/06/2026_Colombia vs Portugal,28/06/2026_Colombia vs Portugal_Jonathan Sammut,OK,OK,OK,OK,OK,0,0,0,0,0
,cb9bded7-0cbe-475e-81f7-9535c77fef71,46201,Congo DR vs Uzbekistan,Congo DR vs Uzbekistan,Congo DR,Uzbekistan,Tie,1,1,Jonathan Sammut,France,28/06/2026_Congo DR vs Uzbekistan,28/06/2026_Congo DR vs Uzbekistan_Jonathan Sammut,OK,OK,OK,OK,OK,3,1,0,0,0
,57ac0dcf-06bd-4df7-a128-d512e8a62a0c,46201,Algeria vs Austria,Algeria vs Austria,Algeria,Austria,Tie,1,1,Jonathan Sammut,France,28/06/2026_Algeria vs Austria,28/06/2026_Algeria vs Austria_Jonathan Sammut,OK,OK,OK,OK,OK,3,3,3,0,3
,ffaef228-b612-4b12-a2d9-a212e2e224c4,46201,Jordan vs Argentina,Jordan vs Argentina,Jordan,Argentina,Argentina,0,3,Jonathan Sammut,France,28/06/2026_Jordan vs Argentina,28/06/2026_Jordan vs Argentina_Jonathan Sammut,OK,OK,OK,OK,OK,1,3,3,0,3
,d23fb02d-c72b-4755-a152-ecca250e4782,46184,Mexico vs South Africa,Mexico vs South Africa,Mexico,South Africa,Mexico,2,0,Raisa Calleja,France,11/06/2026_Mexico vs South Africa,11/06/2026_Mexico vs South Africa_Raisa Calleja,OK,OK,OK,OK,OK,2,0,3,5,8
,87038530-7286-41da-920d-6b72e08b88f4,46185,South Korea vs Czechia,South Korea vs Czechia,South Korea,Czechia,South Korea,2,1,Raisa Calleja,France,12/06/2026_South Korea vs Czechia,12/06/2026_South Korea vs Czechia_Raisa Calleja,OK,OK,OK,OK,OK,2,1,3,5,8
,3b07c034-bfa8-4bbd-bfc7-635d1801bfba,46185,Canada vs Bosnia-Herzegovina,Canada vs Bosnia-Herzegovina,Canada,Bosnia-Herzegovina,Canada,2,0,Raisa Calleja,France,12/06/2026_Canada vs Bosnia-Herzegovina,12/06/2026_Canada vs Bosnia-Herzegovina_Raisa Calleja,OK,OK,OK,OK,OK,1,1,0,0,0
,b1adee08-1477-4eb3-a0c9-39e2588d1123,46186,United States vs Paraguay,United States vs Paraguay,United States,Paraguay,United States,2,1,Raisa Calleja,France,13/06/2026_United States vs Paraguay,13/06/2026_United States vs Paraguay_Raisa Calleja,OK,OK,OK,OK,OK,4,1,3,0,3
,f32a6e07-1d14-49dc-bf26-2230e5024b70,46186,Qatar vs Switzerland,Qatar vs Switzerland,Qatar,Switzerland,Switzerland,0,3,Raisa Calleja,France,13/06/2026_Qatar vs Switzerland,13/06/2026_Qatar vs Switzerland_Raisa Calleja,OK,OK,OK,OK,OK,1,1,0,0,0
,af11fff3-16c8-461e-83e0-ddcad51a626b,46187,Brazil vs Morocco,Brazil vs Morocco,Brazil,Morocco,Brazil,2,1,Raisa Calleja,France,14/06/2026_Brazil vs Morocco,14/06/2026_Brazil vs Morocco_Raisa Calleja,OK,OK,OK,OK,OK,1,1,0,0,0
,53b1d236-e042-4aa6-927e-cb2cfc574b55,46187,Haiti vs Scotland,Haiti vs Scotland,Haiti,Scotland,Scotland,0,2,Raisa Calleja,France,14/06/2026_Haiti vs Scotland,14/06/2026_Haiti vs Scotland_Raisa Calleja,OK,OK,OK,OK,OK,0,1,3,0,3
,bf44f71d-2eca-4d53-b23c-ffb39cf903e9,46187,Australia vs Turkey,Australia vs Turkey,Australia,Turkey,Turkey,1,2,Raisa Calleja,France,14/06/2026_Australia vs Turkey,14/06/2026_Australia vs Turkey_Raisa Calleja,OK,OK,OK,OK,OK,2,0,0,0,0
,9a6c88a6-340a-407f-b9b2-240e59dc21dd,46187,Germany vs Curaçao,Germany vs Curaçao,Germany,Curaçao,Germany,4,0,Raisa Calleja,France,14/06/2026_Germany vs Curaçao,14/06/2026_Germany vs Curaçao_Raisa Calleja,OK,OK,OK,OK,OK,7,1,3,0,3
,3f2ac30c-d4a7-4be3-874a-214403a12fe7,46187,Netherlands vs Japan,Netherlands vs Japan,Netherlands,Japan,Netherlands,2,0,Raisa Calleja,France,14/06/2026_Netherlands vs Japan,14/06/2026_Netherlands vs Japan_Raisa Calleja,OK,OK,OK,OK,OK,2,2,0,0,0
,b048ad14-8319-4099-96dc-75fd9d1c2609,46188,Ivory Coast vs Ecuador,Ivory Coast vs Ecuador,Ivory Coast,Ecuador,Ecuador,1,2,Raisa Calleja,France,15/06/2026_Ivory Coast vs Ecuador,15/06/2026_Ivory Coast vs Ecuador_Raisa Calleja,OK,OK,OK,OK,OK,1,0,0,0,0
,bc27bd3b-be48-4360-a9bb-a298f7fc9b50,46188,Sweden vs Tunisia,Sweden vs Tunisia,Sweden,Tunisia,Sweden,2,0,Raisa Calleja,France,15/06/2026_Sweden vs Tunisia,15/06/2026_Sweden vs Tunisia_Raisa Calleja,OK,OK,OK,OK,OK,5,1,3,0,3
,fa4c95db-a6f0-44d5-ac76-b52ea3b92dc6,46188,Belgium vs Egypt,Belgium vs Egypt,Belgium,Egypt,Belgium,2,0,Raisa Calleja,France,15/06/2026_Belgium vs Egypt,15/06/2026_Belgium vs Egypt_Raisa Calleja,OK,OK,OK,OK,OK,1,1,0,0,0
,36c38b8f-e11a-4fd6-899f-aa6d3a66e8cc,46188,Spain vs Cape Verde Islands,Spain vs Cape Verde Islands,Spain,Cape Verde Islands,Spain,3,0,Raisa Calleja,France,15/06/2026_Spain vs Cape Verde Islands,15/06/2026_Spain vs Cape Verde Islands_Raisa Calleja,OK,OK,OK,OK,OK,0,0,0,0,0
,97335103-9197-4af7-9dff-4dd15d67d355,46189,Saudi Arabia vs Uruguay,Saudi Arabia vs Uruguay,Saudi Arabia,Uruguay,Uruguay,0,2,Raisa Calleja,France,16/06/2026_Saudi Arabia vs Uruguay,16/06/2026_Saudi Arabia vs Uruguay_Raisa Calleja,OK,OK,OK,OK,OK,1,1,0,0,0
,ea6b08f7-b579-40cb-ad2a-fbc500984473,46189,Iran vs New Zealand,Iran vs New Zealand,Iran,New Zealand,Iran,2,1,Raisa Calleja,France,16/06/2026_Iran vs New Zealand,16/06/2026_Iran vs New Zealand_Raisa Calleja,OK,OK,OK,OK,OK,2,2,0,0,0
,78a187b1-1065-45e3-bb24-013dd1871948,46189,France vs Senegal,France vs Senegal,France,Senegal,France,3,0,Raisa Calleja,France,16/06/2026_France vs Senegal,16/06/2026_France vs Senegal_Raisa Calleja,OK,OK,OK,OK,OK,3,1,3,0,3
,23d3b2be-2259-4fb5-bd12-25fa6ef0db2e,46190,Iraq vs Norway,Iraq vs Norway,Iraq,Norway,Norway,0,2,Raisa Calleja,France,17/06/2026_Iraq vs Norway,17/06/2026_Iraq vs Norway_Raisa Calleja,OK,OK,OK,OK,OK,1,4,3,0,3
,dcf4ec10-2763-49cb-b1c6-7b3b8e24c39b,46190,Argentina vs Algeria,Argentina vs Algeria,Argentina,Algeria,Argentina,2,0,Raisa Calleja,France,17/06/2026_Argentina vs Algeria,17/06/2026_Argentina vs Algeria_Raisa Calleja,OK,OK,OK,OK,OK,3,0,3,0,3
,4eba20be-55ef-497e-aae9-41a87bb40221,46190,Austria vs Jordan,Austria vs Jordan,Austria,Jordan,Austria,3,0,Raisa Calleja,France,17/06/2026_Austria vs Jordan,17/06/2026_Austria vs Jordan_Raisa Calleja,OK,OK,OK,OK,OK,3,1,3,0,3
,e43aa765-3202-4e7b-9ae0-949ab551897e,46190,Portugal vs Congo DR,Portugal vs Congo DR,Portugal,Congo DR,Portugal,3,0,Raisa Calleja,France,17/06/2026_Portugal vs Congo DR,17/06/2026_Portugal vs Congo DR_Raisa Calleja,OK,OK,OK,OK,OK,1,1,0,0,0
,f84635cf-76c2-417b-bebf-0851fc1b6b77,46190,England vs Croatia,England vs Croatia,England,Croatia,England,2,1,Raisa Calleja,France,17/06/2026_England vs Croatia,17/06/2026_England vs Croatia_Raisa Calleja,OK,OK,OK,OK,OK,4,2,3,0,3
,32c28f11-23d5-43cf-b3db-9b70f7bb9b3e,46191,Ghana vs Panama,Ghana vs Panama,Ghana,Panama,Ghana,2,1,Raisa Calleja,France,18/06/2026_Ghana vs Panama,18/06/2026_Ghana vs Panama_Raisa Calleja,OK,OK,OK,OK,OK,1,0,3,0,3
,a4143dcf-4f6e-4fb0-a454-71224a70d4cf,46191,Uzbekistan vs Colombia,Uzbekistan vs Colombia,Uzbekistan,Colombia,Colombia,0,2,Raisa Calleja,France,18/06/2026_Uzbekistan vs Colombia,18/06/2026_Uzbekistan vs Colombia_Raisa Calleja,OK,OK,OK,OK,OK,1,3,3,0,3
,c396fd1f-6557-46cd-a9b1-9df36814392d,46191,Czechia vs South Africa,Czechia vs South Africa,Czechia,South Africa,Czechia,2,0,Raisa Calleja,France,18/06/2026_Czechia vs South Africa,18/06/2026_Czechia vs South Africa_Raisa Calleja,OK,OK,OK,OK,OK,1,1,0,0,0
,9057ee38-2b3a-41d4-aab7-3fea353fc31d,46191,Switzerland vs Bosnia-Herzegovina,Switzerland vs Bosnia-Herzegovina,Switzerland,Bosnia-Herzegovina,Switzerland,2,0,Raisa Calleja,France,18/06/2026_Switzerland vs Bosnia-Herzegovina,18/06/2026_Switzerland vs Bosnia-Herzegovina_Raisa Calleja,OK,OK,OK,OK,OK,4,1,3,0,3
,92cc2965-630f-4290-9f8b-e72f7c873bc9,46192,Canada vs Qatar,Canada vs Qatar,Canada,Qatar,Canada,2,0,Raisa Calleja,France,19/06/2026_Canada vs Qatar,19/06/2026_Canada vs Qatar_Raisa Calleja,OK,OK,OK,OK,OK,6,0,3,0,3
,7120a1f4-7341-4dc8-a37f-b85784fab882,46192,Mexico vs South Korea,Mexico vs South Korea,Mexico,South Korea,Mexico,2,1,Raisa Calleja,France,19/06/2026_Mexico vs South Korea,19/06/2026_Mexico vs South Korea_Raisa Calleja,OK,OK,OK,OK,OK,1,0,3,0,3
,6d826fd1-65b7-4358-95aa-45cdb2ef5d19,46192,United States vs Australia,United States vs Australia,United States,Australia,United States,2,1,Raisa Calleja,France,19/06/2026_United States vs Australia,19/06/2026_United States vs Australia_Raisa Calleja,OK,OK,OK,OK,OK,2,0,3,0,3
,18e7e320-f8f2-4202-93df-53a855058bd2,46193,Scotland vs Morocco,Scotland vs Morocco,Scotland,Morocco,Morocco,1,2,Raisa Calleja,France,20/06/2026_Scotland vs Morocco,20/06/2026_Scotland vs Morocco_Raisa Calleja,OK,OK,OK,OK,OK,0,1,3,0,3
,a7f4e1d0-41c5-49b1-a5e6-7b5799b65278,46193,Brazil vs Haiti,Brazil vs Haiti,Brazil,Haiti,Brazil,4,0,Raisa Calleja,France,20/06/2026_Brazil vs Haiti,20/06/2026_Brazil vs Haiti_Raisa Calleja,OK,OK,OK,OK,OK,3,0,3,0,3
,c4ffd75d-6b10-4f73-bbee-1ac5efe66745,46193,Turkey vs Paraguay,Turkey vs Paraguay,Turkey,Paraguay,Turkey,2,1,Raisa Calleja,France,20/06/2026_Turkey vs Paraguay,20/06/2026_Turkey vs Paraguay_Raisa Calleja,OK,OK,OK,OK,OK,0,1,0,0,0
,32d22ea2-1eb2-4a91-b8a7-617a3072d6db,46193,Netherlands vs Sweden,Netherlands vs Sweden,Netherlands,Sweden,Netherlands,2,0,Raisa Calleja,France,20/06/2026_Netherlands vs Sweden,20/06/2026_Netherlands vs Sweden_Raisa Calleja,OK,OK,OK,OK,OK,5,1,3,0,3
,9b79bde8-17c9-4f0c-a52c-4659aab37529,46193,Germany vs Ivory Coast,Germany vs Ivory Coast,Germany,Ivory Coast,Germany,3,0,Raisa Calleja,France,20/06/2026_Germany vs Ivory Coast,20/06/2026_Germany vs Ivory Coast_Raisa Calleja,OK,OK,OK,OK,OK,2,1,3,0,3
,495aeddb-fc99-4e0c-8ae7-80ac1cfc7f45,46194,Ecuador vs Curaçao,Ecuador vs Curaçao,Ecuador,Curaçao,Ecuador,3,0,Raisa Calleja,France,21/06/2026_Ecuador vs Curaçao,21/06/2026_Ecuador vs Curaçao_Raisa Calleja,OK,OK,OK,OK,OK,0,0,0,0,0
,05b57d0d-9bc5-45f9-b457-01277569af78,46194,Tunisia vs Japan,Tunisia vs Japan,Tunisia,Japan,Japan,1,2,Raisa Calleja,France,21/06/2026_Tunisia vs Japan,21/06/2026_Tunisia vs Japan_Raisa Calleja,OK,OK,OK,OK,OK,0,4,3,0,3
,a432fb45-edd9-4b7e-9eda-22a7042d1984,46194,Spain vs Saudi Arabia,Spain vs Saudi Arabia,Spain,Saudi Arabia,Spain,3,0,Raisa Calleja,France,21/06/2026_Spain vs Saudi Arabia,21/06/2026_Spain vs Saudi Arabia_Raisa Calleja,OK,OK,OK,OK,OK,4,0,3,0,3
,c42ea130-3afa-4d7a-baf5-a650338c8b75,46194,Belgium vs Iran,Belgium vs Iran,Belgium,Iran,Belgium,2,0,Raisa Calleja,France,21/06/2026_Belgium vs Iran,21/06/2026_Belgium vs Iran_Raisa Calleja,OK,OK,OK,OK,OK,0,0,0,0,0
,f41d377d-7704-4cce-a172-95469e77510a,46195,Uruguay vs Cape Verde Islands,Uruguay vs Cape Verde Islands,Uruguay,Cape Verde Islands,Uruguay,3,0,Raisa Calleja,France,22/06/2026_Uruguay vs Cape Verde Islands,22/06/2026_Uruguay vs Cape Verde Islands_Raisa Calleja,OK,OK,OK,OK,OK,2,2,0,0,0
,08dc43f1-2366-4e1e-8dca-d6502e2e2cd0,46195,New Zealand vs Egypt,New Zealand vs Egypt,New Zealand,Egypt,Egypt,0,2,Raisa Calleja,France,22/06/2026_New Zealand vs Egypt,22/06/2026_New Zealand vs Egypt_Raisa Calleja,OK,OK,OK,OK,OK,1,3,3,0,3
,24380f7b-da82-473b-a597-183edb5bf603,46195,Argentina vs Austria,Argentina vs Austria,Argentina,Austria,Argentina,2,0,Raisa Calleja,France,22/06/2026_Argentina vs Austria,22/06/2026_Argentina vs Austria_Raisa Calleja,OK,OK,OK,OK,OK,2,0,3,5,8
,b2fc2d65-dbb7-4691-9a04-8a61a799a87d,46195,France vs Iraq,France vs Iraq,France,Iraq,France,3,0,Raisa Calleja,France,22/06/2026_France vs Iraq,22/06/2026_France vs Iraq_Raisa Calleja,OK,OK,OK,OK,OK,3,0,3,5,8
,80d9b27b-140b-4907-b536-52e0724b023e,46196,Norway vs Senegal,Norway vs Senegal,Norway,Senegal,Norway,2,1,Raisa Calleja,France,23/06/2026_Norway vs Senegal,23/06/2026_Norway vs Senegal_Raisa Calleja,OK,OK,OK,OK,OK,3,2,3,0,3
,c8b266ab-9706-4286-996a-56ce9f0bc8ed,46196,Jordan vs Algeria,Jordan vs Algeria,Jordan,Algeria,Algeria,0,2,Raisa Calleja,France,23/06/2026_Jordan vs Algeria,23/06/2026_Jordan vs Algeria_Raisa Calleja,OK,OK,OK,OK,OK,1,2,3,0,3
,05a1aba1-f082-4ffc-bbfb-1bb49ffe018a,46196,Portugal vs Uzbekistan,Portugal vs Uzbekistan,Portugal,Uzbekistan,Portugal,3,0,Raisa Calleja,France,23/06/2026_Portugal vs Uzbekistan,23/06/2026_Portugal vs Uzbekistan_Raisa Calleja,OK,OK,OK,OK,OK,5,0,3,0,3
,46aedddc-9246-480b-a346-ce5801d4e981,46196,England vs Ghana,England vs Ghana,England,Ghana,England,3,0,Raisa Calleja,France,23/06/2026_England vs Ghana,23/06/2026_England vs Ghana_Raisa Calleja,OK,OK,OK,OK,OK,0,0,0,0,0
,b8f9de0d-2e05-4fa8-b5cd-c402a3e56a08,46197,Panama vs Croatia,Panama vs Croatia,Panama,Croatia,Croatia,0,2,Raisa Calleja,France,24/06/2026_Panama vs Croatia,24/06/2026_Panama vs Croatia_Raisa Calleja,OK,OK,OK,OK,OK,0,1,3,0,3
,8b10d854-83b7-4155-8ce5-fae4ddfecde3,46197,Colombia vs Congo DR,Colombia vs Congo DR,Colombia,Congo DR,Colombia,2,0,Raisa Calleja,France,24/06/2026_Colombia vs Congo DR,24/06/2026_Colombia vs Congo DR_Raisa Calleja,OK,OK,OK,OK,OK,1,0,3,0,3
,073d365e-951e-4de9-a1cd-4210b3d7ad31,46197,Switzerland vs Canada,Switzerland vs Canada,Switzerland,Canada,Switzerland,2,0,Raisa Calleja,France,24/06/2026_Switzerland vs Canada,24/06/2026_Switzerland vs Canada_Raisa Calleja,OK,OK,OK,OK,OK,2,1,3,0,3
,22bcc33f-2148-4035-9484-0d23cb850ac5,46197,Bosnia-Herzegovina vs Qatar,Bosnia-Herzegovina vs Qatar,Bosnia-Herzegovina,Qatar,Bosnia-Herzegovina,2,1,Raisa Calleja,France,24/06/2026_Bosnia-Herzegovina vs Qatar,24/06/2026_Bosnia-Herzegovina vs Qatar_Raisa Calleja,OK,OK,OK,OK,OK,3,1,3,0,3
,6025ffee-8587-41f5-8e63-5b763d01257a,46198,Morocco vs Haiti,Morocco vs Haiti,Morocco,Haiti,Morocco,3,0,Raisa Calleja,France,25/06/2026_Morocco vs Haiti,25/06/2026_Morocco vs Haiti_Raisa Calleja,OK,OK,OK,OK,OK,4,2,3,0,3
,437d7d4e-0d13-48c0-9d77-97e572c65d2a,46198,Scotland vs Brazil,Scotland vs Brazil,Scotland,Brazil,Brazil,0,3,Raisa Calleja,France,25/06/2026_Scotland vs Brazil,25/06/2026_Scotland vs Brazil_Raisa Calleja,OK,OK,OK,OK,OK,0,3,3,5,8
,9d4474a4-7351-48c4-8d45-a903f2dc2502,46198,South Africa vs South Korea,South Africa vs South Korea,South Africa,South Korea,South Korea,0,2,Raisa Calleja,France,25/06/2026_South Africa vs South Korea,25/06/2026_South Africa vs South Korea_Raisa Calleja,OK,OK,OK,OK,OK,1,0,0,0,0
,5ecc2085-d485-4e72-b057-344f7dd92f55,46198,Czechia vs Mexico,Czechia vs Mexico,Czechia,Mexico,Mexico,1,2,Raisa Calleja,France,25/06/2026_Czechia vs Mexico,25/06/2026_Czechia vs Mexico_Raisa Calleja,OK,OK,OK,OK,OK,0,3,3,0,3
,493e5239-a216-4ea8-b006-cc3321662d0d,46198,Curaçao vs Ivory Coast,Curaçao vs Ivory Coast,Curaçao,Ivory Coast,Ivory Coast,0,3,Raisa Calleja,France,25/06/2026_Curaçao vs Ivory Coast,25/06/2026_Curaçao vs Ivory Coast_Raisa Calleja,OK,OK,OK,OK,OK,0,2,3,0,3
,06162c47-0121-4f00-8c2e-264ebd39c638,46198,Ecuador vs Germany,Ecuador vs Germany,Ecuador,Germany,Germany,1,2,Raisa Calleja,France,25/06/2026_Ecuador vs Germany,25/06/2026_Ecuador vs Germany_Raisa Calleja,OK,OK,OK,OK,OK,2,1,0,0,0
,0d9f40c2-5f04-4d7e-9c25-0ed4e1651d42,46199,Tunisia vs Netherlands,Tunisia vs Netherlands,Tunisia,Netherlands,Netherlands,0,2,Raisa Calleja,France,26/06/2026_Tunisia vs Netherlands,26/06/2026_Tunisia vs Netherlands_Raisa Calleja,OK,OK,OK,OK,OK,1,3,3,0,3
,699624a8-b6ee-4b79-85d1-34d2af2ac6c0,46199,Japan vs Sweden,Japan vs Sweden,Japan,Sweden,Japan,2,1,Raisa Calleja,France,26/06/2026_Japan vs Sweden,26/06/2026_Japan vs Sweden_Raisa Calleja,OK,OK,OK,OK,OK,1,1,0,0,0
,df1bf4f5-845d-4964-8388-78916229ef53,46199,Turkey vs United States,Turkey vs United States,Turkey,United States,United States,1,2,Raisa Calleja,France,26/06/2026_Turkey vs United States,26/06/2026_Turkey vs United States_Raisa Calleja,OK,OK,OK,OK,OK,3,2,0,0,0
,61330337-5e1c-4a38-9c85-919bde4cb7d1,46199,Paraguay vs Australia,Paraguay vs Australia,Paraguay,Australia,Paraguay,2,1,Raisa Calleja,France,26/06/2026_Paraguay vs Australia,26/06/2026_Paraguay vs Australia_Raisa Calleja,OK,OK,OK,OK,OK,0,0,0,0,0
,46632395-7601-44f0-8e13-0b7cf4391b6d,46199,Norway vs France,Norway vs France,Norway,France,France,1,2,Raisa Calleja,France,26/06/2026_Norway vs France,26/06/2026_Norway vs France_Raisa Calleja,OK,OK,OK,OK,OK,1,4,3,0,3
,b2410a15-3b47-48c6-b5c9-d17eef3121a5,46199,Senegal vs Iraq,Senegal vs Iraq,Senegal,Iraq,Senegal,2,0,Raisa Calleja,France,26/06/2026_Senegal vs Iraq,26/06/2026_Senegal vs Iraq_Raisa Calleja,OK,OK,OK,OK,OK,5,0,3,0,3
,7ad7005f-7b62-4e70-a1c7-cbef410a0393,46200,Cape Verde Islands vs Saudi Arabia,Cape Verde Islands vs Saudi Arabia,Cape Verde Islands,Saudi Arabia,Saudi Arabia,1,2,Raisa Calleja,France,27/06/2026_Cape Verde Islands vs Saudi Arabia,27/06/2026_Cape Verde Islands vs Saudi Arabia_Raisa Calleja,OK,OK,OK,OK,OK,0,0,0,0,0
,2c4116bd-4c55-4422-97bc-8dc6f786420a,46200,Uruguay vs Spain,Uruguay vs Spain,Uruguay,Spain,Spain,1,2,Raisa Calleja,France,27/06/2026_Uruguay vs Spain,27/06/2026_Uruguay vs Spain_Raisa Calleja,OK,OK,OK,OK,OK,0,1,3,0,3
,f16625fe-5c2c-4ea2-9777-37eb2786e058,46200,New Zealand vs Belgium,New Zealand vs Belgium,New Zealand,Belgium,Belgium,0,3,Raisa Calleja,France,27/06/2026_New Zealand vs Belgium,27/06/2026_New Zealand vs Belgium_Raisa Calleja,OK,OK,OK,OK,OK,1,5,3,0,3
,1cffce83-4135-4a86-99e4-15e718681f81,46200,Egypt vs Iran,Egypt vs Iran,Egypt,Iran,Iran,1,2,Raisa Calleja,France,27/06/2026_Egypt vs Iran,27/06/2026_Egypt vs Iran_Raisa Calleja,OK,OK,OK,OK,OK,1,1,0,0,0
,d98b523a-12d9-43d3-a21e-c2e99b5692c7,46200,Panama vs England,Panama vs England,Panama,England,England,0,2,Raisa Calleja,France,27/06/2026_Panama vs England,27/06/2026_Panama vs England_Raisa Calleja,OK,OK,OK,OK,OK,0,2,3,5,8
,d7649bf2-5123-4f1c-9dce-cd90ecd8c3bd,46200,Croatia vs Ghana,Croatia vs Ghana,Croatia,Ghana,Croatia,2,0,Raisa Calleja,France,27/06/2026_Croatia vs Ghana,27/06/2026_Croatia vs Ghana_Raisa Calleja,OK,OK,OK,OK,OK,2,1,3,0,3
,8235675c-108e-4566-9939-fd03272b3460,46201,Colombia vs Portugal,Colombia vs Portugal,Colombia,Portugal,Portugal,1,2,Raisa Calleja,France,28/06/2026_Colombia vs Portugal,28/06/2026_Colombia vs Portugal_Raisa Calleja,OK,OK,OK,OK,OK,0,0,0,0,0
,6e034070-a155-451e-b7a9-6f84aa0e90b1,46201,Congo DR vs Uzbekistan,Congo DR vs Uzbekistan,Congo DR,Uzbekistan,Uzbekistan,1,2,Raisa Calleja,France,28/06/2026_Congo DR vs Uzbekistan,28/06/2026_Congo DR vs Uzbekistan_Raisa Calleja,OK,OK,OK,OK,OK,3,1,0,0,0
,7f1e95fe-0b8a-467a-9c37-0fbe2f126ece,46201,Algeria vs Austria,Algeria vs Austria,Algeria,Austria,Austria,1,2,Raisa Calleja,France,28/06/2026_Algeria vs Austria,28/06/2026_Algeria vs Austria_Raisa Calleja,OK,OK,OK,OK,OK,3,3,0,0,0
,7cd4559c-4a6d-463a-a1b6-fbc88073fe44,46201,Jordan vs Argentina,Jordan vs Argentina,Jordan,Argentina,Argentina,0,3,Raisa Calleja,France,28/06/2026_Jordan vs Argentina,28/06/2026_Jordan vs Argentina_Raisa Calleja,OK,OK,OK,OK,OK,1,3,3,0,3
,ed9adad4-3ea3-4a2f-bb31-51acc533bf34,46184,Mexico vs South Africa,Mexico vs South Africa,Mexico,South Africa,Mexico,3,1,Mario Garavaglia,Portugal,11/06/2026_Mexico vs South Africa,11/06/2026_Mexico vs South Africa_Mario Garavaglia,OK,OK,OK,OK,OK,2,0,3,0,3
,1aac7175-faa0-42de-a800-3cdada4fe8f3,46185,South Korea vs Czechia,South Korea vs Czechia,South Korea,Czechia,Tie,0,0,Mario Garavaglia,Portugal,12/06/2026_South Korea vs Czechia,12/06/2026_South Korea vs Czechia_Mario Garavaglia,OK,OK,OK,OK,OK,2,1,0,0,0
,5da018cf-4187-4d68-971a-fbbf67eab6f5,46185,Canada vs Bosnia-Herzegovina,Canada vs Bosnia-Herzegovina,Canada,Bosnia-Herzegovina,Tie,1,1,Mario Garavaglia,Portugal,12/06/2026_Canada vs Bosnia-Herzegovina,12/06/2026_Canada vs Bosnia-Herzegovina_Mario Garavaglia,OK,OK,OK,OK,OK,1,1,3,5,8
,92f4bbe4-9397-4de8-a0d1-3db2d12e244a,46186,United States vs Paraguay,United States vs Paraguay,United States,Paraguay,United States,2,0,Mario Garavaglia,Portugal,13/06/2026_United States vs Paraguay,13/06/2026_United States vs Paraguay_Mario Garavaglia,OK,OK,OK,OK,OK,4,1,3,0,3
,f902ed04-adcf-4d85-a07e-3913eaaffb5c,46186,Qatar vs Switzerland,Qatar vs Switzerland,Qatar,Switzerland,Switzerland,0,2,Mario Garavaglia,Portugal,13/06/2026_Qatar vs Switzerland,13/06/2026_Qatar vs Switzerland_Mario Garavaglia,OK,OK,OK,OK,OK,1,1,0,0,0
,32f989c5-54f6-4cce-975b-99fc46144ff5,46187,Brazil vs Morocco,Brazil vs Morocco,Brazil,Morocco,Brazil,4,0,Mario Garavaglia,Portugal,14/06/2026_Brazil vs Morocco,14/06/2026_Brazil vs Morocco_Mario Garavaglia,OK,OK,OK,OK,OK,1,1,0,0,0
,b5bac135-5568-4b4b-9e9c-9b20942e925a,46187,Haiti vs Scotland,Haiti vs Scotland,Haiti,Scotland,Scotland,0,2,Mario Garavaglia,Portugal,14/06/2026_Haiti vs Scotland,14/06/2026_Haiti vs Scotland_Mario Garavaglia,OK,OK,OK,OK,OK,0,1,3,0,3
,c1f3368a-dabf-471e-a738-57ba2b8af2c9,46187,Australia vs Turkey,Australia vs Turkey,Australia,Turkey,Tie,1,1,Mario Garavaglia,Portugal,14/06/2026_Australia vs Turkey,14/06/2026_Australia vs Turkey_Mario Garavaglia,OK,OK,OK,OK,OK,2,0,0,0,0
,5512dffc-bf8e-4314-abe3-9298860b2454,46187,Germany vs Curaçao,Germany vs Curaçao,Germany,Curaçao,Germany,4,1,Mario Garavaglia,Portugal,14/06/2026_Germany vs Curaçao,14/06/2026_Germany vs Curaçao_Mario Garavaglia,OK,OK,OK,OK,OK,7,1,3,0,3
,4c89c640-9c11-4c3e-ac63-47bab1a5f112,46187,Netherlands vs Japan,Netherlands vs Japan,Netherlands,Japan,Netherlands,2,1,Mario Garavaglia,Portugal,14/06/2026_Netherlands vs Japan,14/06/2026_Netherlands vs Japan_Mario Garavaglia,OK,OK,OK,OK,OK,2,2,0,0,0
,5698da3d-00b9-428e-a5bb-6b35b43bde96,46188,Ivory Coast vs Ecuador,Ivory Coast vs Ecuador,Ivory Coast,Ecuador,Tie,0,0,Mario Garavaglia,Portugal,15/06/2026_Ivory Coast vs Ecuador,15/06/2026_Ivory Coast vs Ecuador_Mario Garavaglia,OK,OK,OK,OK,OK,1,0,0,0,0
,aaf2ab05-cda2-4b8b-baf5-1c1a2799de40,46188,Sweden vs Tunisia,Sweden vs Tunisia,Sweden,Tunisia,Sweden,3,0,Mario Garavaglia,Portugal,15/06/2026_Sweden vs Tunisia,15/06/2026_Sweden vs Tunisia_Mario Garavaglia,OK,OK,OK,OK,OK,5,1,3,0,3
,52d7ff51-6936-4564-acf9-60e4d39bb209,46188,Belgium vs Egypt,Belgium vs Egypt,Belgium,Egypt,Belgium,2,0,Mario Garavaglia,Portugal,15/06/2026_Belgium vs Egypt,15/06/2026_Belgium vs Egypt_Mario Garavaglia,OK,OK,OK,OK,OK,1,1,0,0,0
,082e451c-7c1a-46c3-a2be-9187479fa953,46188,Spain vs Cape Verde Islands,Spain vs Cape Verde Islands,Spain,Cape Verde Islands,Spain,3,0,Mario Garavaglia,Portugal,15/06/2026_Spain vs Cape Verde Islands,15/06/2026_Spain vs Cape Verde Islands_Mario Garavaglia,OK,OK,OK,OK,OK,0,0,0,0,0
,73f04d8b-664f-418f-9962-7eeaf7e08366,46189,Saudi Arabia vs Uruguay,Saudi Arabia vs Uruguay,Saudi Arabia,Uruguay,Uruguay,0,2,Mario Garavaglia,Portugal,16/06/2026_Saudi Arabia vs Uruguay,16/06/2026_Saudi Arabia vs Uruguay_Mario Garavaglia,OK,OK,OK,OK,OK,1,1,0,0,0
,55f44a00-0013-4388-9e50-b27b85632bed,46189,Iran vs New Zealand,Iran vs New Zealand,Iran,New Zealand,Tie,0,0,Mario Garavaglia,Portugal,16/06/2026_Iran vs New Zealand,16/06/2026_Iran vs New Zealand_Mario Garavaglia,OK,OK,OK,OK,OK,2,2,3,0,3
,a0652e71-467d-44bc-a7ba-996580099d21,46189,France vs Senegal,France vs Senegal,France,Senegal,France,4,0,Mario Garavaglia,Portugal,16/06/2026_France vs Senegal,16/06/2026_France vs Senegal_Mario Garavaglia,OK,OK,OK,OK,OK,3,1,3,0,3
,e7e0c4ba-1336-49ed-a449-7117935cf19b,46190,Iraq vs Norway,Iraq vs Norway,Iraq,Norway,Tie,1,1,Mario Garavaglia,Portugal,17/06/2026_Iraq vs Norway,17/06/2026_Iraq vs Norway_Mario Garavaglia,OK,OK,OK,OK,OK,1,4,0,0,0
,b9f68a7e-75b2-47c2-9fb7-1bca287b9b37,46190,Argentina vs Algeria,Argentina vs Algeria,Argentina,Algeria,Argentina,4,0,Mario Garavaglia,Portugal,17/06/2026_Argentina vs Algeria,17/06/2026_Argentina vs Algeria_Mario Garavaglia,OK,OK,OK,OK,OK,3,0,3,0,3
,c82a0883-16a5-4c58-9d0a-c3a99fdba500,46190,Austria vs Jordan,Austria vs Jordan,Austria,Jordan,Austria,4,0,Mario Garavaglia,Portugal,17/06/2026_Austria vs Jordan,17/06/2026_Austria vs Jordan_Mario Garavaglia,OK,OK,OK,OK,OK,3,1,3,0,3
,ac9a83a0-632b-410e-93ff-a348a004b442,46190,Portugal vs Congo DR,Portugal vs Congo DR,Portugal,Congo DR,Portugal,5,0,Mario Garavaglia,Portugal,17/06/2026_Portugal vs Congo DR,17/06/2026_Portugal vs Congo DR_Mario Garavaglia,OK,OK,OK,OK,OK,1,1,0,0,0
,d581357e-1217-4e18-b802-280b05008881,46190,England vs Croatia,England vs Croatia,England,Croatia,England,3,1,Mario Garavaglia,Portugal,17/06/2026_England vs Croatia,17/06/2026_England vs Croatia_Mario Garavaglia,OK,OK,OK,OK,OK,4,2,3,0,3
,adcf4cfd-225e-464f-9ca9-161335ef64c6,46191,Ghana vs Panama,Ghana vs Panama,Ghana,Panama,Tie,1,1,Mario Garavaglia,Portugal,18/06/2026_Ghana vs Panama,18/06/2026_Ghana vs Panama_Mario Garavaglia,OK,OK,OK,OK,OK,1,0,0,0,0
,32a89c81-b5fe-4c31-8c26-02b3692fe7ca,46191,Uzbekistan vs Colombia,Uzbekistan vs Colombia,Uzbekistan,Colombia,Tie,0,0,Mario Garavaglia,Portugal,18/06/2026_Uzbekistan vs Colombia,18/06/2026_Uzbekistan vs Colombia_Mario Garavaglia,OK,OK,OK,OK,OK,1,3,0,0,0
,334e3841-84e5-4310-b56a-97f2d29c52ba,46191,Czechia vs South Africa,Czechia vs South Africa,Czechia,South Africa,Tie,1,1,Mario Garavaglia,Portugal,18/06/2026_Czechia vs South Africa,18/06/2026_Czechia vs South Africa_Mario Garavaglia,OK,OK,OK,OK,OK,1,1,3,5,8
,98324a4d-3bbf-4ada-933c-6a85f2b05d00,46191,Switzerland vs Bosnia-Herzegovina,Switzerland vs Bosnia-Herzegovina,Switzerland,Bosnia-Herzegovina,Switzerland,2,0,Mario Garavaglia,Portugal,18/06/2026_Switzerland vs Bosnia-Herzegovina,18/06/2026_Switzerland vs Bosnia-Herzegovina_Mario Garavaglia,OK,OK,OK,OK,OK,4,1,3,0,3
,c3c311c8-049b-4b6b-bc91-c62091ef26cc,46192,Canada vs Qatar,Canada vs Qatar,Canada,Qatar,Tie,0,0,Mario Garavaglia,Portugal,19/06/2026_Canada vs Qatar,19/06/2026_Canada vs Qatar_Mario Garavaglia,OK,OK,OK,OK,OK,6,0,0,0,0
,6fff180f-b3fa-4091-8e00-6f12df9c37b3,46192,Mexico vs South Korea,Mexico vs South Korea,Mexico,South Korea,Mexico,3,0,Mario Garavaglia,Portugal,19/06/2026_Mexico vs South Korea,19/06/2026_Mexico vs South Korea_Mario Garavaglia,OK,OK,OK,OK,OK,1,0,3,0,3
,82b4ae9f-b7b0-4265-9da0-0119cbe01f55,46192,United States vs Australia,United States vs Australia,United States,Australia,United States,2,0,Mario Garavaglia,Portugal,19/06/2026_United States vs Australia,19/06/2026_United States vs Australia_Mario Garavaglia,OK,OK,OK,OK,OK,2,0,3,5,8
,38ea2aa3-b4fd-4dc3-95ca-11ec46579484,46193,Scotland vs Morocco,Scotland vs Morocco,Scotland,Morocco,Scotland,2,0,Mario Garavaglia,Portugal,20/06/2026_Scotland vs Morocco,20/06/2026_Scotland vs Morocco_Mario Garavaglia,OK,OK,OK,OK,OK,0,1,0,0,0
,70b9c81e-1d90-46fc-84e7-690e67b162b2,46193,Brazil vs Haiti,Brazil vs Haiti,Brazil,Haiti,Brazil,5,0,Mario Garavaglia,Portugal,20/06/2026_Brazil vs Haiti,20/06/2026_Brazil vs Haiti_Mario Garavaglia,OK,OK,OK,OK,OK,3,0,3,0,3
,0d9139be-8b95-458c-adcd-adfb74da5bb1,46193,Turkey vs Paraguay,Turkey vs Paraguay,Turkey,Paraguay,Tie,1,1,Mario Garavaglia,Portugal,20/06/2026_Turkey vs Paraguay,20/06/2026_Turkey vs Paraguay_Mario Garavaglia,OK,OK,OK,OK,OK,0,1,0,0,0
,558e8f5e-6875-4708-99b7-d22487c416ec,46193,Netherlands vs Sweden,Netherlands vs Sweden,Netherlands,Sweden,Netherlands,3,0,Mario Garavaglia,Portugal,20/06/2026_Netherlands vs Sweden,20/06/2026_Netherlands vs Sweden_Mario Garavaglia,OK,OK,OK,OK,OK,5,1,3,0,3
,68c8d7bd-d51c-4684-8feb-853d2b678a1e,46193,Germany vs Ivory Coast,Germany vs Ivory Coast,Germany,Ivory Coast,Germany,3,0,Mario Garavaglia,Portugal,20/06/2026_Germany vs Ivory Coast,20/06/2026_Germany vs Ivory Coast_Mario Garavaglia,OK,OK,OK,OK,OK,2,1,3,0,3
,06599260-87eb-4592-b8f7-daa5c5065b36,46194,Ecuador vs Curaçao,Ecuador vs Curaçao,Ecuador,Curaçao,Ecuador,1,0,Mario Garavaglia,Portugal,21/06/2026_Ecuador vs Curaçao,21/06/2026_Ecuador vs Curaçao_Mario Garavaglia,OK,OK,OK,OK,OK,0,0,0,0,0
,23e2e77f-89e1-4d0e-92d3-f3a048a68fee,46194,Tunisia vs Japan,Tunisia vs Japan,Tunisia,Japan,Tie,1,1,Mario Garavaglia,Portugal,21/06/2026_Tunisia vs Japan,21/06/2026_Tunisia vs Japan_Mario Garavaglia,OK,OK,OK,OK,OK,0,4,0,0,0
,53bc4960-37d7-44f4-a03e-52cf24bf544b,46194,Spain vs Saudi Arabia,Spain vs Saudi Arabia,Spain,Saudi Arabia,Spain,4,0,Mario Garavaglia,Portugal,21/06/2026_Spain vs Saudi Arabia,21/06/2026_Spain vs Saudi Arabia_Mario Garavaglia,OK,OK,OK,OK,OK,4,0,3,5,8
,e6eacb88-618d-4cb0-87e1-418674b1b23c,46194,Belgium vs Iran,Belgium vs Iran,Belgium,Iran,Belgium,3,0,Mario Garavaglia,Portugal,21/06/2026_Belgium vs Iran,21/06/2026_Belgium vs Iran_Mario Garavaglia,OK,OK,OK,OK,OK,0,0,0,0,0
,36930566-8c1f-4d57-976f-3c4176d3fb24,46195,Uruguay vs Cape Verde Islands,Uruguay vs Cape Verde Islands,Uruguay,Cape Verde Islands,Uruguay,3,0,Mario Garavaglia,Portugal,22/06/2026_Uruguay vs Cape Verde Islands,22/06/2026_Uruguay vs Cape Verde Islands_Mario Garavaglia,OK,OK,OK,OK,OK,2,2,0,0,0
,dbfab25f-fb02-493a-a4e3-5895916d6267,46195,New Zealand vs Egypt,New Zealand vs Egypt,New Zealand,Egypt,Tie,0,0,Mario Garavaglia,Portugal,22/06/2026_New Zealand vs Egypt,22/06/2026_New Zealand vs Egypt_Mario Garavaglia,OK,OK,OK,OK,OK,1,3,0,0,0
,2b18d02e-75bb-448a-a9a4-9d3ceea772eb,46195,Argentina vs Austria,Argentina vs Austria,Argentina,Austria,Argentina,2,0,Mario Garavaglia,Portugal,22/06/2026_Argentina vs Austria,22/06/2026_Argentina vs Austria_Mario Garavaglia,OK,OK,OK,OK,OK,2,0,3,5,8
,f3806186-1f04-467f-b76b-73724c58fa91,46195,France vs Iraq,France vs Iraq,France,Iraq,France,3,0,Mario Garavaglia,Portugal,22/06/2026_France vs Iraq,22/06/2026_France vs Iraq_Mario Garavaglia,OK,OK,OK,OK,OK,3,0,3,5,8
,3b6fd6c8-46ee-4a0c-b346-72f81195d6f8,46196,Norway vs Senegal,Norway vs Senegal,Norway,Senegal,Norway,2,0,Mario Garavaglia,Portugal,23/06/2026_Norway vs Senegal,23/06/2026_Norway vs Senegal_Mario Garavaglia,OK,OK,OK,OK,OK,3,2,3,0,3
,083c2d50-9498-434f-aeac-8614b7781e24,46196,Jordan vs Algeria,Jordan vs Algeria,Jordan,Algeria,Tie,1,1,Mario Garavaglia,Portugal,23/06/2026_Jordan vs Algeria,23/06/2026_Jordan vs Algeria_Mario Garavaglia,OK,OK,OK,OK,OK,1,2,0,0,0
,bb73d8a9-356e-49d3-84c9-abec371ae2c9,46196,Portugal vs Uzbekistan,Portugal vs Uzbekistan,Portugal,Uzbekistan,Portugal,3,0,Mario Garavaglia,Portugal,23/06/2026_Portugal vs Uzbekistan,23/06/2026_Portugal vs Uzbekistan_Mario Garavaglia,OK,OK,OK,OK,OK,5,0,3,0,3
,893704cf-6f1a-4d2b-8997-87017cf953d8,46196,England vs Ghana,England vs Ghana,England,Ghana,England,3,0,Mario Garavaglia,Portugal,23/06/2026_England vs Ghana,23/06/2026_England vs Ghana_Mario Garavaglia,OK,OK,OK,OK,OK,0,0,0,0,0
,a73a6381-2640-448f-8cc5-85c9b0c3a7c3,46197,Panama vs Croatia,Panama vs Croatia,Panama,Croatia,Tie,1,1,Mario Garavaglia,Portugal,24/06/2026_Panama vs Croatia,24/06/2026_Panama vs Croatia_Mario Garavaglia,OK,OK,OK,OK,OK,0,1,0,0,0
,a2140d2a-9ff0-43f6-86f6-f9b45ef536b9,46197,Colombia vs Congo DR,Colombia vs Congo DR,Colombia,Congo DR,Colombia,2,0,Mario Garavaglia,Portugal,24/06/2026_Colombia vs Congo DR,24/06/2026_Colombia vs Congo DR_Mario Garavaglia,OK,OK,OK,OK,OK,1,0,3,0,3
,f4d76425-726f-4e21-a9db-92e8e976ec41,46197,Switzerland vs Canada,Switzerland vs Canada,Switzerland,Canada,Switzerland,1,0,Mario Garavaglia,Portugal,24/06/2026_Switzerland vs Canada,24/06/2026_Switzerland vs Canada_Mario Garavaglia,OK,OK,OK,OK,OK,2,1,3,0,3
,a1cfef9f-1156-4088-a578-e00a26eb0108,46197,Bosnia-Herzegovina vs Qatar,Bosnia-Herzegovina vs Qatar,Bosnia-Herzegovina,Qatar,Tie,1,1,Mario Garavaglia,Portugal,24/06/2026_Bosnia-Herzegovina vs Qatar,24/06/2026_Bosnia-Herzegovina vs Qatar_Mario Garavaglia,OK,OK,OK,OK,OK,3,1,0,0,0
,dce034b6-13f0-4000-a9a8-84b6730224eb,46198,Morocco vs Haiti,Morocco vs Haiti,Morocco,Haiti,Morocco,2,0,Mario Garavaglia,Portugal,25/06/2026_Morocco vs Haiti,25/06/2026_Morocco vs Haiti_Mario Garavaglia,OK,OK,OK,OK,OK,4,2,3,0,3
,b1526c88-f4c5-45d7-9e6b-4734505e557e,46198,Scotland vs Brazil,Scotland vs Brazil,Scotland,Brazil,Tie,2,2,Mario Garavaglia,Portugal,25/06/2026_Scotland vs Brazil,25/06/2026_Scotland vs Brazil_Mario Garavaglia,OK,OK,OK,OK,OK,0,3,0,0,0
,3ffc91cc-c9e8-49a3-a3c3-f1eb814ee57f,46198,South Africa vs South Korea,South Africa vs South Korea,South Africa,South Korea,South Africa,2,0,Mario Garavaglia,Portugal,25/06/2026_South Africa vs South Korea,25/06/2026_South Africa vs South Korea_Mario Garavaglia,OK,OK,OK,OK,OK,1,0,3,0,3
,48017922-c6cc-4a2e-8468-6751088f019b,46198,Czechia vs Mexico,Czechia vs Mexico,Czechia,Mexico,Tie,1,1,Mario Garavaglia,Portugal,25/06/2026_Czechia vs Mexico,25/06/2026_Czechia vs Mexico_Mario Garavaglia,OK,OK,OK,OK,OK,0,3,0,0,0
,e2b701e2-e98f-42f5-8cf6-1cd7be3cd898,46198,Curaçao vs Ivory Coast,Curaçao vs Ivory Coast,Curaçao,Ivory Coast,Tie,2,2,Mario Garavaglia, ,25/06/2026_Curaçao vs Ivory Coast,25/06/2026_Curaçao vs Ivory Coast_Mario Garavaglia,OK,OK,OK,OK,OK,0,2,0,0,0
,51d7b17b-bb24-4357-ae3c-a958ee08a5f7,46198,Ecuador vs Germany,Ecuador vs Germany,Ecuador,Germany,Germany,0,2,Mario Garavaglia, ,25/06/2026_Ecuador vs Germany,25/06/2026_Ecuador vs Germany_Mario Garavaglia,OK,OK,OK,OK,OK,2,1,0,0,0
,a5d8ce81-15ca-4176-a420-8ea4d9358bc4,46199,Tunisia vs Netherlands,Tunisia vs Netherlands,Tunisia,Netherlands,Netherlands,0,2,Mario Garavaglia, ,26/06/2026_Tunisia vs Netherlands,26/06/2026_Tunisia vs Netherlands_Mario Garavaglia,OK,OK,OK,OK,OK,1,3,3,0,3
,d68f85ef-cf58-4374-a438-91d290af24e3,46199,Japan vs Sweden,Japan vs Sweden,Japan,Sweden,Sweden,0,3,Mario Garavaglia, ,26/06/2026_Japan vs Sweden,26/06/2026_Japan vs Sweden_Mario Garavaglia,OK,OK,OK,OK,OK,1,1,0,0,0
,ae950d25-e308-4001-b020-47f34b727911,46199,Turkey vs United States,Turkey vs United States,Turkey,United States,United States,0,2,Mario Garavaglia, ,26/06/2026_Turkey vs United States,26/06/2026_Turkey vs United States_Mario Garavaglia,OK,OK,OK,OK,OK,3,2,0,0,0
,b1416a6d-2536-4989-9166-4d9a68d8d588,46199,Paraguay vs Australia,Paraguay vs Australia,Paraguay,Australia,Paraguay,1,0,Mario Garavaglia, ,26/06/2026_Paraguay vs Australia,26/06/2026_Paraguay vs Australia_Mario Garavaglia,OK,OK,OK,OK,OK,0,0,0,0,0
,68ccc98a-83cc-49c7-ba90-f90086046bdc,46199,Norway vs France,Norway vs France,Norway,France,Tie,1,1,Mario Garavaglia, ,26/06/2026_Norway vs France,26/06/2026_Norway vs France_Mario Garavaglia,OK,OK,OK,OK,OK,1,4,0,0,0
,9cbf023c-b784-47b8-a4c4-fe71e1e568e6,46199,Senegal vs Iraq,Senegal vs Iraq,Senegal,Iraq,Senegal,2,0,Mario Garavaglia, ,26/06/2026_Senegal vs Iraq,26/06/2026_Senegal vs Iraq_Mario Garavaglia,OK,OK,OK,OK,OK,5,0,3,0,3
,da5c7655-391f-46e6-b710-0d7682416a0a,46200,Cape Verde Islands vs Saudi Arabia,Cape Verde Islands vs Saudi Arabia,Cape Verde Islands,Saudi Arabia,Tie,1,1,Mario Garavaglia, ,27/06/2026_Cape Verde Islands vs Saudi Arabia,27/06/2026_Cape Verde Islands vs Saudi Arabia_Mario Garavaglia,OK,OK,OK,OK,OK,0,0,3,0,3
,d18200ab-449e-4b01-bd7f-f3831bbfd56c,46200,Uruguay vs Spain,Uruguay vs Spain,Uruguay,Spain,Spain,0,3,Mario Garavaglia, ,27/06/2026_Uruguay vs Spain,27/06/2026_Uruguay vs Spain_Mario Garavaglia,OK,OK,OK,OK,OK,0,1,3,0,3
,4ee413c0-235d-4828-abcf-d46a267b8cfc,46200,New Zealand vs Belgium,New Zealand vs Belgium,New Zealand,Belgium,New Zealand,1,0,Mario Garavaglia, ,27/06/2026_New Zealand vs Belgium,27/06/2026_New Zealand vs Belgium_Mario Garavaglia,OK,OK,OK,OK,OK,1,5,0,0,0
,3f37693f-b1ba-4389-b40a-f826854eab10,46200,Egypt vs Iran,Egypt vs Iran,Egypt,Iran,Tie,1,1,Mario Garavaglia, ,27/06/2026_Egypt vs Iran,27/06/2026_Egypt vs Iran_Mario Garavaglia,OK,OK,OK,OK,OK,1,1,3,5,8
,9ffb47ba-ea58-423c-92c2-9e4a83293ab8,46200,Panama vs England,Panama vs England,Panama,England,England,0,2,Mario Garavaglia, ,27/06/2026_Panama vs England,27/06/2026_Panama vs England_Mario Garavaglia,OK,OK,OK,OK,OK,0,2,3,5,8
,1f2b006b-4bda-44dc-803f-e0f54e33383f,46200,Croatia vs Ghana,Croatia vs Ghana,Croatia,Ghana,Croatia,1,0,Mario Garavaglia, ,27/06/2026_Croatia vs Ghana,27/06/2026_Croatia vs Ghana_Mario Garavaglia,OK,OK,OK,OK,OK,2,1,3,0,3
,cdfd7b26-3af6-4282-889e-929c59d72781,46201,Colombia vs Portugal,Colombia vs Portugal,Colombia,Portugal,Portugal,0,3,Mario Garavaglia, ,28/06/2026_Colombia vs Portugal,28/06/2026_Colombia vs Portugal_Mario Garavaglia,OK,OK,OK,OK,OK,0,0,0,0,0
,72eedc52-047a-4a74-af3d-d749c37c385b,46201,Congo DR vs Uzbekistan,Congo DR vs Uzbekistan,Congo DR,Uzbekistan,Tie,0,0,Mario Garavaglia, ,28/06/2026_Congo DR vs Uzbekistan,28/06/2026_Congo DR vs Uzbekistan_Mario Garavaglia,OK,OK,OK,OK,OK,3,1,0,0,0
,6b7d5b58-ccc9-481d-ad65-c0bf7c4a044f,46201,Algeria vs Austria,Algeria vs Austria,Algeria,Austria,Austria,0,2,Mario Garavaglia, ,28/06/2026_Algeria vs Austria,28/06/2026_Algeria vs Austria_Mario Garavaglia,OK,OK,OK,OK,OK,3,3,0,0,0
,d10e6ed0-d236-4820-93fd-ce207ca80ba9,46201,Jordan vs Argentina,Jordan vs Argentina,Jordan,Argentina,Argentina,0,3,Mario Garavaglia, ,28/06/2026_Jordan vs Argentina,28/06/2026_Jordan vs Argentina_Mario Garavaglia,OK,OK,OK,OK,OK,1,3,3,0,3
,7fe15eda-79df-4eaa-a909-f03487570c78,46184,Mexico vs South Africa,Mexico vs South Africa,Mexico,South Africa,Mexico,2,0,Jessica Curmi,France,11/06/2026_Mexico vs South Africa,11/06/2026_Mexico vs South Africa_Jessica Curmi,OK,OK,OK,OK,OK,2,0,3,5,8
,77448d16-a9f9-4215-8d26-0fa978c70693,46185,South Korea vs Czechia,South Korea vs Czechia,South Korea,Czechia,Tie,1,1,Jessica Curmi,France,12/06/2026_South Korea vs Czechia,12/06/2026_South Korea vs Czechia_Jessica Curmi,OK,OK,OK,OK,OK,2,1,0,0,0
,86b61de6-6b90-4834-bca4-d3f4730eb1cf,46185,Canada vs Bosnia-Herzegovina,Canada vs Bosnia-Herzegovina,Canada,Bosnia-Herzegovina,Tie,1,1,Jessica Curmi,France,12/06/2026_Canada vs Bosnia-Herzegovina,12/06/2026_Canada vs Bosnia-Herzegovina_Jessica Curmi,OK,OK,OK,OK,OK,1,1,3,5,8
,682a9d08-4519-41d8-842f-202f7714f351,46186,United States vs Paraguay,United States vs Paraguay,United States,Paraguay,United States,2,0,Jessica Curmi,France,13/06/2026_United States vs Paraguay,13/06/2026_United States vs Paraguay_Jessica Curmi,OK,OK,OK,OK,OK,4,1,3,0,3
,49ebdfac-e090-4c52-a576-c7b8cea7b1c0,46186,Qatar vs Switzerland,Qatar vs Switzerland,Qatar,Switzerland,Switzerland,0,2,Jessica Curmi,France,13/06/2026_Qatar vs Switzerland,13/06/2026_Qatar vs Switzerland_Jessica Curmi,OK,OK,OK,OK,OK,1,1,0,0,0
,2266a4dd-9cd5-4e15-abc0-d66e57c306d7,46187,Brazil vs Morocco,Brazil vs Morocco,Brazil,Morocco,Brazil,2,1,Jessica Curmi,France,14/06/2026_Brazil vs Morocco,14/06/2026_Brazil vs Morocco_Jessica Curmi,OK,OK,OK,OK,OK,1,1,0,0,0
,a8e58348-f45e-46db-962f-32f20e89e11a,46187,Haiti vs Scotland,Haiti vs Scotland,Haiti,Scotland,Scotland,0,2,Jessica Curmi,France,14/06/2026_Haiti vs Scotland,14/06/2026_Haiti vs Scotland_Jessica Curmi,OK,OK,OK,OK,OK,0,1,3,0,3
,9078ea29-636a-462c-ae09-ccf1985cce0e,46187,Australia vs Turkey,Australia vs Turkey,Australia,Turkey,Tie,1,1,Jessica Curmi,France,14/06/2026_Australia vs Turkey,14/06/2026_Australia vs Turkey_Jessica Curmi,OK,OK,OK,OK,OK,2,0,0,0,0
,36570695-9b0c-452c-9d89-be9850a1563d,46187,Germany vs Curaçao,Germany vs Curaçao,Germany,Curaçao,Germany,4,0,Jessica Curmi,France,14/06/2026_Germany vs Curaçao,14/06/2026_Germany vs Curaçao_Jessica Curmi,OK,OK,OK,OK,OK,7,1,3,0,3
,0147b146-d899-47a9-a244-0afcab41e9b6,46187,Netherlands vs Japan,Netherlands vs Japan,Netherlands,Japan,Netherlands,2,1,Jessica Curmi,France,14/06/2026_Netherlands vs Japan,14/06/2026_Netherlands vs Japan_Jessica Curmi,OK,OK,OK,OK,OK,2,2,0,0,0
,2644c04d-ee84-4320-a79f-356f72cd1819,46188,Ivory Coast vs Ecuador,Ivory Coast vs Ecuador,Ivory Coast,Ecuador,Tie,1,1,Jessica Curmi,France,15/06/2026_Ivory Coast vs Ecuador,15/06/2026_Ivory Coast vs Ecuador_Jessica Curmi,OK,OK,OK,OK,OK,1,0,0,0,0
,fc7a165d-2d89-45d5-9079-f76c964a0f6f,46188,Sweden vs Tunisia,Sweden vs Tunisia,Sweden,Tunisia,Sweden,2,0,Jessica Curmi,France,15/06/2026_Sweden vs Tunisia,15/06/2026_Sweden vs Tunisia_Jessica Curmi,OK,OK,OK,OK,OK,5,1,3,0,3
,9f534a0b-8a4c-4198-b2de-dc607054a5db,46188,Belgium vs Egypt,Belgium vs Egypt,Belgium,Egypt,Belgium,2,1,Jessica Curmi,France,15/06/2026_Belgium vs Egypt,15/06/2026_Belgium vs Egypt_Jessica Curmi,OK,OK,OK,OK,OK,1,1,0,0,0
,3bfc0665-2ba5-4924-bcb2-51e081885b61,46188,Spain vs Cape Verde Islands,Spain vs Cape Verde Islands,Spain,Cape Verde Islands,Spain,5,0,Jessica Curmi,France,15/06/2026_Spain vs Cape Verde Islands,15/06/2026_Spain vs Cape Verde Islands_Jessica Curmi,OK,OK,OK,OK,OK,0,0,0,0,0
,f2f82aa5-9d45-4d16-9c1e-88f72432d715,46189,Saudi Arabia vs Uruguay,Saudi Arabia vs Uruguay,Saudi Arabia,Uruguay,Uruguay,1,2,Jessica Curmi,France,16/06/2026_Saudi Arabia vs Uruguay,16/06/2026_Saudi Arabia vs Uruguay_Jessica Curmi,OK,OK,OK,OK,OK,1,1,0,0,0
,949b47f5-b2a7-436a-8e51-7a0a40330df1,46189,Iran vs New Zealand,Iran vs New Zealand,Iran,New Zealand,Iran,1,0,Jessica Curmi,France,16/06/2026_Iran vs New Zealand,16/06/2026_Iran vs New Zealand_Jessica Curmi,OK,OK,OK,OK,OK,2,2,0,0,0
,54cf3ffc-2772-45db-8a42-defa952da9a7,46189,France vs Senegal,France vs Senegal,France,Senegal,France,2,0,Jessica Curmi,France,16/06/2026_France vs Senegal,16/06/2026_France vs Senegal_Jessica Curmi,OK,OK,OK,OK,OK,3,1,3,0,3
,e6159c0f-3e6c-4814-b270-f5867e2a2ebf,46190,Iraq vs Norway,Iraq vs Norway,Iraq,Norway,Norway,0,3,Jessica Curmi,France,17/06/2026_Iraq vs Norway,17/06/2026_Iraq vs Norway_Jessica Curmi,OK,OK,OK,OK,OK,1,4,3,0,3
,2315efb2-9ac1-4c6c-99c5-29cd9ddf73a4,46190,Argentina vs Algeria,Argentina vs Algeria,Argentina,Algeria,Argentina,3,0,Jessica Curmi,France,17/06/2026_Argentina vs Algeria,17/06/2026_Argentina vs Algeria_Jessica Curmi,OK,OK,OK,OK,OK,3,0,3,5,8
,d8f4eca8-eaf3-420c-95ee-10059f756040,46190,Austria vs Jordan,Austria vs Jordan,Austria,Jordan,Austria,2,0,Jessica Curmi,France,17/06/2026_Austria vs Jordan,17/06/2026_Austria vs Jordan_Jessica Curmi,OK,OK,OK,OK,OK,3,1,3,0,3
,faa34ce9-a10a-43ee-8702-a1a723d8cb8b,46190,Portugal vs Congo DR,Portugal vs Congo DR,Portugal,Congo DR,Portugal,3,1,Jessica Curmi,France,17/06/2026_Portugal vs Congo DR,17/06/2026_Portugal vs Congo DR_Jessica Curmi,OK,OK,OK,OK,OK,1,1,0,0,0
,ba811490-4505-40e8-a3f3-3e9e67dd4c55,46190,England vs Croatia,England vs Croatia,England,Croatia,England,2,1,Jessica Curmi,France,17/06/2026_England vs Croatia,17/06/2026_England vs Croatia_Jessica Curmi,OK,OK,OK,OK,OK,4,2,3,0,3
,243274eb-5468-433f-8fbb-b57c0f0303d7,46191,Ghana vs Panama,Ghana vs Panama,Ghana,Panama,Tie,1,1,Jessica Curmi,France,18/06/2026_Ghana vs Panama,18/06/2026_Ghana vs Panama_Jessica Curmi,OK,OK,OK,OK,OK,1,0,0,0,0
,033ab665-6fd8-444f-990a-bbca08fdd1c5,46191,Uzbekistan vs Colombia,Uzbekistan vs Colombia,Uzbekistan,Colombia,Colombia,0,2,Jessica Curmi,France,18/06/2026_Uzbekistan vs Colombia,18/06/2026_Uzbekistan vs Colombia_Jessica Curmi,OK,OK,OK,OK,OK,1,3,3,0,3
,e8bd9573-abf4-43fa-afaf-139742d05161,46191,Czechia vs South Africa,Czechia vs South Africa,Czechia,South Africa,Czechia,1,0,Jessica Curmi,France,18/06/2026_Czechia vs South Africa,18/06/2026_Czechia vs South Africa_Jessica Curmi,OK,OK,OK,OK,OK,1,1,0,0,0
,e0037b63-8d11-452d-a4ca-9c3417ebb895,46191,Switzerland vs Bosnia-Herzegovina,Switzerland vs Bosnia-Herzegovina,Switzerland,Bosnia-Herzegovina,Switzerland,2,1,Jessica Curmi,France,18/06/2026_Switzerland vs Bosnia-Herzegovina,18/06/2026_Switzerland vs Bosnia-Herzegovina_Jessica Curmi,OK,OK,OK,OK,OK,4,1,3,0,3
,efa2cb41-aa96-4600-bcb9-e02e72b91d04,46192,Canada vs Qatar,Canada vs Qatar,Canada,Qatar,Canada,2,0,Jessica Curmi,France,19/06/2026_Canada vs Qatar,19/06/2026_Canada vs Qatar_Jessica Curmi,OK,OK,OK,OK,OK,6,0,3,0,3
,944375ed-c552-4fa6-a5a1-022c31b451a3,46192,Mexico vs South Korea,Mexico vs South Korea,Mexico,South Korea,Mexico,2,1,Jessica Curmi,France,19/06/2026_Mexico vs South Korea,19/06/2026_Mexico vs South Korea_Jessica Curmi,OK,OK,OK,OK,OK,1,0,3,0,3
,6b165f0c-7837-45df-96b4-bf4581909a17,46192,United States vs Australia,United States vs Australia,United States,Australia,United States,2,1,Jessica Curmi,France,19/06/2026_United States vs Australia,19/06/2026_United States vs Australia_Jessica Curmi,OK,OK,OK,OK,OK,2,0,3,0,3
,5ba0603a-deec-4645-9a95-c518971aba05,46193,Scotland vs Morocco,Scotland vs Morocco,Scotland,Morocco,Morocco,1,2,Jessica Curmi,France,20/06/2026_Scotland vs Morocco,20/06/2026_Scotland vs Morocco_Jessica Curmi,OK,OK,OK,OK,OK,0,1,3,0,3
,8d115700-eaba-487e-b7c0-b4722c506bff,46193,Brazil vs Haiti,Brazil vs Haiti,Brazil,Haiti,Brazil,4,0,Jessica Curmi,France,20/06/2026_Brazil vs Haiti,20/06/2026_Brazil vs Haiti_Jessica Curmi,OK,OK,OK,OK,OK,3,0,3,0,3
,28b58ee6-8223-4bd1-b757-c8f0b79879e1,46193,Turkey vs Paraguay,Turkey vs Paraguay,Turkey,Paraguay,Turkey,2,0,Jessica Curmi,France,20/06/2026_Turkey vs Paraguay,20/06/2026_Turkey vs Paraguay_Jessica Curmi,OK,OK,OK,OK,OK,0,1,0,0,0
,5163320d-6596-497a-a407-a9b27978279d,46193,Netherlands vs Sweden,Netherlands vs Sweden,Netherlands,Sweden,Netherlands,2,0,Jessica Curmi,France,20/06/2026_Netherlands vs Sweden,20/06/2026_Netherlands vs Sweden_Jessica Curmi,OK,OK,OK,OK,OK,5,1,3,0,3
,a09a4396-3e35-458b-bec6-b8b57c3f7f1b,46193,Germany vs Ivory Coast,Germany vs Ivory Coast,Germany,Ivory Coast,Germany,2,1,Jessica Curmi,France,20/06/2026_Germany vs Ivory Coast,20/06/2026_Germany vs Ivory Coast_Jessica Curmi,OK,OK,OK,OK,OK,2,1,3,5,8
,331d15e0-5e93-4a66-8395-896750bc4794,46194,Ecuador vs Curaçao,Ecuador vs Curaçao,Ecuador,Curaçao,Ecuador,3,0,Jessica Curmi,France,21/06/2026_Ecuador vs Curaçao,21/06/2026_Ecuador vs Curaçao_Jessica Curmi,OK,OK,OK,OK,OK,0,0,0,0,0
,806dc3ba-902e-4ac7-bd83-77f90cb012da,46194,Tunisia vs Japan,Tunisia vs Japan,Tunisia,Japan,Japan,1,2,Jessica Curmi,France,21/06/2026_Tunisia vs Japan,21/06/2026_Tunisia vs Japan_Jessica Curmi,OK,OK,OK,OK,OK,0,4,3,0,3
,a4c3bc61-72e2-4a98-a47f-d848096e2d7c,46194,Spain vs Saudi Arabia,Spain vs Saudi Arabia,Spain,Saudi Arabia,Spain,2,0,Jessica Curmi,France,21/06/2026_Spain vs Saudi Arabia,21/06/2026_Spain vs Saudi Arabia_Jessica Curmi,OK,OK,OK,OK,OK,4,0,3,0,3
,97a404a4-1bad-4b73-ba7b-8999d92f457d,46194,Belgium vs Iran,Belgium vs Iran,Belgium,Iran,Belgium,2,0,Jessica Curmi,France,21/06/2026_Belgium vs Iran,21/06/2026_Belgium vs Iran_Jessica Curmi,OK,OK,OK,OK,OK,0,0,0,0,0
,0d7ef7bd-e90b-4340-9223-c7278dfca329,46195,Uruguay vs Cape Verde Islands,Uruguay vs Cape Verde Islands,Uruguay,Cape Verde Islands,Uruguay,2,0,Jessica Curmi,France,22/06/2026_Uruguay vs Cape Verde Islands,22/06/2026_Uruguay vs Cape Verde Islands_Jessica Curmi,OK,OK,OK,OK,OK,2,2,0,0,0
,4e5eda45-05cb-497b-9f0d-2180aff6d02f,46195,New Zealand vs Egypt,New Zealand vs Egypt,New Zealand,Egypt,Egypt,0,2,Jessica Curmi,France,22/06/2026_New Zealand vs Egypt,22/06/2026_New Zealand vs Egypt_Jessica Curmi,OK,OK,OK,OK,OK,1,3,3,0,3
,26769c2f-165b-4f7b-a885-a08e1a723cb1,46195,Argentina vs Austria,Argentina vs Austria,Argentina,Austria,Argentina,2,1,Jessica Curmi,France,22/06/2026_Argentina vs Austria,22/06/2026_Argentina vs Austria_Jessica Curmi,OK,OK,OK,OK,OK,2,0,3,0,3
,0e7f86fa-533b-4478-85fb-2d94ade52c59,46195,France vs Iraq,France vs Iraq,France,Iraq,France,4,0,Jessica Curmi,France,22/06/2026_France vs Iraq,22/06/2026_France vs Iraq_Jessica Curmi,OK,OK,OK,OK,OK,3,0,3,0,3
,6fe8f780-15c4-4b92-933d-ac958e4baf84,46196,Norway vs Senegal,Norway vs Senegal,Norway,Senegal,Tie,1,1,Jessica Curmi,France,23/06/2026_Norway vs Senegal,23/06/2026_Norway vs Senegal_Jessica Curmi,OK,OK,OK,OK,OK,3,2,0,0,0
,7add25e8-dad0-41ee-8a94-d378bd737fce,46196,Jordan vs Algeria,Jordan vs Algeria,Jordan,Algeria,Algeria,1,2,Jessica Curmi,France,23/06/2026_Jordan vs Algeria,23/06/2026_Jordan vs Algeria_Jessica Curmi,OK,OK,OK,OK,OK,1,2,3,5,8
,b693dd69-954b-4fe7-9a1e-0faecca9f531,46196,Portugal vs Uzbekistan,Portugal vs Uzbekistan,Portugal,Uzbekistan,Portugal,2,0,Jessica Curmi,France,23/06/2026_Portugal vs Uzbekistan,23/06/2026_Portugal vs Uzbekistan_Jessica Curmi,OK,OK,OK,OK,OK,5,0,3,0,3
,38518350-6cae-43d5-ad28-a09e151d6e16,46196,England vs Ghana,England vs Ghana,England,Ghana,England,3,0,Jessica Curmi,France,23/06/2026_England vs Ghana,23/06/2026_England vs Ghana_Jessica Curmi,OK,OK,OK,OK,OK,0,0,0,0,0
,4b1d10ee-69d7-428b-8045-9312b3be4e21,46197,Panama vs Croatia,Panama vs Croatia,Panama,Croatia,Croatia,0,3,Jessica Curmi,France,24/06/2026_Panama vs Croatia,24/06/2026_Panama vs Croatia_Jessica Curmi,OK,OK,OK,OK,OK,0,1,3,0,3
,2b9316b9-86c0-41c3-845e-e1c3b5ceaef1,46197,Colombia vs Congo DR,Colombia vs Congo DR,Colombia,Congo DR,Colombia,2,1,Jessica Curmi,France,24/06/2026_Colombia vs Congo DR,24/06/2026_Colombia vs Congo DR_Jessica Curmi,OK,OK,OK,OK,OK,1,0,3,0,3
,747410b8-f1b4-473a-b86d-ec1a22fe9791,46197,Switzerland vs Canada,Switzerland vs Canada,Switzerland,Canada,Tie,1,1,Jessica Curmi,France,24/06/2026_Switzerland vs Canada,24/06/2026_Switzerland vs Canada_Jessica Curmi,OK,OK,OK,OK,OK,2,1,0,0,0
,18d67474-c128-4196-8842-44f9ea95ccec,46197,Bosnia-Herzegovina vs Qatar,Bosnia-Herzegovina vs Qatar,Bosnia-Herzegovina,Qatar,Bosnia-Herzegovina,1,0,Jessica Curmi,France,24/06/2026_Bosnia-Herzegovina vs Qatar,24/06/2026_Bosnia-Herzegovina vs Qatar_Jessica Curmi,OK,OK,OK,OK,OK,3,1,3,0,3
,e87afbb7-b5c8-4bab-b418-a763afea16dc,46198,Morocco vs Haiti,Morocco vs Haiti,Morocco,Haiti,Morocco,3,0,Jessica Curmi,France,25/06/2026_Morocco vs Haiti,25/06/2026_Morocco vs Haiti_Jessica Curmi,OK,OK,OK,OK,OK,4,2,3,0,3
,d9720c0e-a153-4fc9-a350-beb145208afc,46198,Scotland vs Brazil,Scotland vs Brazil,Scotland,Brazil,Brazil,0,2,Jessica Curmi,France,25/06/2026_Scotland vs Brazil,25/06/2026_Scotland vs Brazil_Jessica Curmi,OK,OK,OK,OK,OK,0,3,3,0,3
,bd3d9dff-ac95-462e-b60b-5e7bfd80f492,46198,South Africa vs South Korea,South Africa vs South Korea,South Africa,South Korea,South Korea,0,2,Jessica Curmi,France,25/06/2026_South Africa vs South Korea,25/06/2026_South Africa vs South Korea_Jessica Curmi,OK,OK,OK,OK,OK,1,0,0,0,0
,0cc58f40-fa80-4162-a712-7d6dccd587a6,46198,Czechia vs Mexico,Czechia vs Mexico,Czechia,Mexico,Mexico,0,2,Jessica Curmi,France,25/06/2026_Czechia vs Mexico,25/06/2026_Czechia vs Mexico_Jessica Curmi,OK,OK,OK,OK,OK,0,3,3,0,3
,c3ad6640-3cb4-43db-9a02-299c0e12ec2c,46198,Curaçao vs Ivory Coast,Curaçao vs Ivory Coast,Curaçao,Ivory Coast,Ivory Coast,0,4,Jessica Curmi,France,25/06/2026_Curaçao vs Ivory Coast,25/06/2026_Curaçao vs Ivory Coast_Jessica Curmi,OK,OK,OK,OK,OK,0,2,3,0,3
,69a90c9e-ab04-4598-a108-53ce04380097,46198,Ecuador vs Germany,Ecuador vs Germany,Ecuador,Germany,Germany,1,2,Jessica Curmi,France,25/06/2026_Ecuador vs Germany,25/06/2026_Ecuador vs Germany_Jessica Curmi,OK,OK,OK,OK,OK,2,1,0,0,0
,2c9aab03-4410-43cd-8cc0-32478d449204,46199,Tunisia vs Netherlands,Tunisia vs Netherlands,Tunisia,Netherlands,Netherlands,0,3,Jessica Curmi,France,26/06/2026_Tunisia vs Netherlands,26/06/2026_Tunisia vs Netherlands_Jessica Curmi,OK,OK,OK,OK,OK,1,3,3,0,3
,3f08941c-a225-4599-949a-253ad6b21822,46199,Japan vs Sweden,Japan vs Sweden,Japan,Sweden,Japan,3,1,Jessica Curmi,France,26/06/2026_Japan vs Sweden,26/06/2026_Japan vs Sweden_Jessica Curmi,OK,OK,OK,OK,OK,1,1,0,0,0
,444b4030-ad34-4e7e-bb83-6f196c76cfa4,46199,Turkey vs United States,Turkey vs United States,Turkey,United States,Tie,1,1,Jessica Curmi,France,26/06/2026_Turkey vs United States,26/06/2026_Turkey vs United States_Jessica Curmi,OK,OK,OK,OK,OK,3,2,0,0,0
,788817e3-2d72-4929-a2e9-c9a718909d04,46199,Paraguay vs Australia,Paraguay vs Australia,Paraguay,Australia,Australia,0,1,Jessica Curmi,France,26/06/2026_Paraguay vs Australia,26/06/2026_Paraguay vs Australia_Jessica Curmi,OK,OK,OK,OK,OK,0,0,0,0,0
,7a6a1c2c-39a5-4a20-9634-887eb2d64fdd,46199,Norway vs France,Norway vs France,Norway,France,France,1,2,Jessica Curmi,France,26/06/2026_Norway vs France,26/06/2026_Norway vs France_Jessica Curmi,OK,OK,OK,OK,OK,1,4,3,0,3
,387008e0-b81c-40c6-b068-7929f2478bc2,46199,Senegal vs Iraq,Senegal vs Iraq,Senegal,Iraq,Senegal,2,0,Jessica Curmi,France,26/06/2026_Senegal vs Iraq,26/06/2026_Senegal vs Iraq_Jessica Curmi,OK,OK,OK,OK,OK,5,0,3,0,3
,8b16fa04-64cb-4699-a31d-579964cd88df,46200,Cape Verde Islands vs Saudi Arabia,Cape Verde Islands vs Saudi Arabia,Cape Verde Islands,Saudi Arabia,Tie,1,1,Jessica Curmi,France,27/06/2026_Cape Verde Islands vs Saudi Arabia,27/06/2026_Cape Verde Islands vs Saudi Arabia_Jessica Curmi,OK,OK,OK,OK,OK,0,0,3,0,3
,2729a12f-2a8d-478f-830b-f2023a014922,46200,Uruguay vs Spain,Uruguay vs Spain,Uruguay,Spain,Spain,0,2,Jessica Curmi,France,27/06/2026_Uruguay vs Spain,27/06/2026_Uruguay vs Spain_Jessica Curmi,OK,OK,OK,OK,OK,0,1,3,0,3
,d24b3aea-88fa-4d36-8e83-29d85f4a2da1,46200,New Zealand vs Belgium,New Zealand vs Belgium,New Zealand,Belgium,Belgium,0,3,Jessica Curmi,France,27/06/2026_New Zealand vs Belgium,27/06/2026_New Zealand vs Belgium_Jessica Curmi,OK,OK,OK,OK,OK,1,5,3,0,3
,bff1e516-9af1-4556-966c-3556a9d3f02d,46200,Egypt vs Iran,Egypt vs Iran,Egypt,Iran,Tie,1,1,Jessica Curmi,France,27/06/2026_Egypt vs Iran,27/06/2026_Egypt vs Iran_Jessica Curmi,OK,OK,OK,OK,OK,1,1,3,5,8
,93f338dc-ef72-4dfe-8b75-fd6e09ff3ece,46200,Panama vs England,Panama vs England,Panama,England,England,0,4,Jessica Curmi,France,27/06/2026_Panama vs England,27/06/2026_Panama vs England_Jessica Curmi,OK,OK,OK,OK,OK,0,2,3,0,3
,db278b84-ee3e-4549-be48-2602faebe2d5,46200,Croatia vs Ghana,Croatia vs Ghana,Croatia,Ghana,Croatia,2,0,Jessica Curmi,France,27/06/2026_Croatia vs Ghana,27/06/2026_Croatia vs Ghana_Jessica Curmi,OK,OK,OK,OK,OK,2,1,3,0,3
,a7191603-3436-4806-ad0f-7fe12ec5fcf5,46201,Colombia vs Portugal,Colombia vs Portugal,Colombia,Portugal,Tie,1,1,Jessica Curmi,France,28/06/2026_Colombia vs Portugal,28/06/2026_Colombia vs Portugal_Jessica Curmi,OK,OK,OK,OK,OK,0,0,3,0,3
,90083ea8-2dcf-4095-b32b-87c6b528b169,46201,Congo DR vs Uzbekistan,Congo DR vs Uzbekistan,Congo DR,Uzbekistan,Congo DR,1,0,Jessica Curmi,France,28/06/2026_Congo DR vs Uzbekistan,28/06/2026_Congo DR vs Uzbekistan_Jessica Curmi,OK,OK,OK,OK,OK,3,1,3,0,3
,f3037f84-ec87-40b8-93ba-0240361c8581,46201,Algeria vs Austria,Algeria vs Austria,Algeria,Austria,Tie,1,1,Jessica Curmi,France,28/06/2026_Algeria vs Austria,28/06/2026_Algeria vs Austria_Jessica Curmi,OK,OK,OK,OK,OK,3,3,3,0,3
,2dcb4f38-8145-4f1a-be82-f730ebb0eca4,46201,Jordan vs Argentina,Jordan vs Argentina,Jordan,Argentina,Argentina,0,4,Jessica Curmi,France,28/06/2026_Jordan vs Argentina,28/06/2026_Jordan vs Argentina_Jessica Curmi,OK,OK,OK,OK,OK,1,3,3,0,3
,12bbdb2d-b269-4e9b-a7b9-f8a00973fdc7,46184,Mexico vs South Africa,Mexico vs South Africa,Mexico,South Africa,Mexico,2,1,Alessandro Rossi,Spain,11/06/2026_Mexico vs South Africa,11/06/2026_Mexico vs South Africa_Alessandro Rossi,OK,OK,OK,OK,OK,2,0,3,0,3
,0c9b7c05-9c7f-4bfd-a5e2-bd64f66ee5b4,46185,South Korea vs Czechia,South Korea vs Czechia,South Korea,Czechia,Czechia,0,3,Alessandro Rossi,Spain,12/06/2026_South Korea vs Czechia,12/06/2026_South Korea vs Czechia_Alessandro Rossi,OK,OK,OK,OK,OK,2,1,0,0,0
,d7f2a324-32d5-4557-8947-f28a208a6a47,46185,Canada vs Bosnia-Herzegovina,Canada vs Bosnia-Herzegovina,Canada,Bosnia-Herzegovina,Bosnia-Herzegovina,1,2,Alessandro Rossi,Spain,12/06/2026_Canada vs Bosnia-Herzegovina,12/06/2026_Canada vs Bosnia-Herzegovina_Alessandro Rossi,OK,OK,OK,OK,OK,1,1,0,0,0
,a0903168-a006-4e8e-84bf-3422cbc2db96,46186,United States vs Paraguay,United States vs Paraguay,United States,Paraguay,United States,2,0,Alessandro Rossi,Spain,13/06/2026_United States vs Paraguay,13/06/2026_United States vs Paraguay_Alessandro Rossi,OK,OK,OK,OK,OK,4,1,3,0,3
,81b14a52-8d28-4dbc-a083-dba90cfd6428,46186,Qatar vs Switzerland,Qatar vs Switzerland,Qatar,Switzerland,Switzerland,1,2,Alessandro Rossi,Spain,13/06/2026_Qatar vs Switzerland,13/06/2026_Qatar vs Switzerland_Alessandro Rossi,OK,OK,OK,OK,OK,1,1,0,0,0
,5b346202-8db9-48d6-8961-6ff2e113fabf,46187,Brazil vs Morocco,Brazil vs Morocco,Brazil,Morocco,Brazil,3,1,Alessandro Rossi,Spain,14/06/2026_Brazil vs Morocco,14/06/2026_Brazil vs Morocco_Alessandro Rossi,OK,OK,OK,OK,OK,1,1,0,0,0
,8e489e46-fa53-4c83-b4f9-518acd6cee39,46187,Haiti vs Scotland,Haiti vs Scotland,Haiti,Scotland,Scotland,0,2,Alessandro Rossi,Spain,14/06/2026_Haiti vs Scotland,14/06/2026_Haiti vs Scotland_Alessandro Rossi,OK,OK,OK,OK,OK,0,1,3,0,3
,3d42d117-0df3-4afc-8ef7-eae51f072777,46187,Australia vs Turkey,Australia vs Turkey,Australia,Turkey,Turkey,1,3,Alessandro Rossi,Spain,14/06/2026_Australia vs Turkey,14/06/2026_Australia vs Turkey_Alessandro Rossi,OK,OK,OK,OK,OK,2,0,0,0,0
,2ac3989b-8d55-4b55-a3d2-d546099e3bd8,46187,Germany vs Curaçao,Germany vs Curaçao,Germany,Curaçao,Germany,5,0,Alessandro Rossi,Spain,14/06/2026_Germany vs Curaçao,14/06/2026_Germany vs Curaçao_Alessandro Rossi,OK,OK,OK,OK,OK,7,1,3,0,3
,5991ea11-9b3b-441a-8339-2c2174ef7dff,46187,Netherlands vs Japan,Netherlands vs Japan,Netherlands,Japan,Netherlands,3,2,Alessandro Rossi,Spain,14/06/2026_Netherlands vs Japan,14/06/2026_Netherlands vs Japan_Alessandro Rossi,OK,OK,OK,OK,OK,2,2,0,0,0
,1782e5dd-5e0a-4315-a9ac-565b36dd9c5a,46188,Ivory Coast vs Ecuador,Ivory Coast vs Ecuador,Ivory Coast,Ecuador,Ecuador,0,2,Alessandro Rossi,Spain,15/06/2026_Ivory Coast vs Ecuador,15/06/2026_Ivory Coast vs Ecuador_Alessandro Rossi,OK,OK,OK,OK,OK,1,0,0,0,0
,56f15de7-a04c-4224-b042-864bcd7e50b7,46188,Sweden vs Tunisia,Sweden vs Tunisia,Sweden,Tunisia,Sweden,3,2,Alessandro Rossi,Spain,15/06/2026_Sweden vs Tunisia,15/06/2026_Sweden vs Tunisia_Alessandro Rossi,OK,OK,OK,OK,OK,5,1,3,0,3
,7400ae99-61dc-467e-8f20-0c18f69943aa,46188,Belgium vs Egypt,Belgium vs Egypt,Belgium,Egypt,Belgium,3,0,Alessandro Rossi,Spain,15/06/2026_Belgium vs Egypt,15/06/2026_Belgium vs Egypt_Alessandro Rossi,OK,OK,OK,OK,OK,1,1,0,0,0
,2df7f3ef-326a-4f21-9a4e-7cd036a11592,46188,Spain vs Cape Verde Islands,Spain vs Cape Verde Islands,Spain,Cape Verde Islands,Spain,4,0,Alessandro Rossi,Spain,15/06/2026_Spain vs Cape Verde Islands,15/06/2026_Spain vs Cape Verde Islands_Alessandro Rossi,OK,OK,OK,OK,OK,0,0,0,0,0
,81aaf9a0-bb40-49a9-a05f-8324c56df6cb,46189,Saudi Arabia vs Uruguay,Saudi Arabia vs Uruguay,Saudi Arabia,Uruguay,Uruguay,0,2,Alessandro Rossi,Spain,16/06/2026_Saudi Arabia vs Uruguay,16/06/2026_Saudi Arabia vs Uruguay_Alessandro Rossi,OK,OK,OK,OK,OK,1,1,0,0,0
,aa8d5a35-de20-4a73-ac4f-86967d317fe6,46189,Iran vs New Zealand,Iran vs New Zealand,Iran,New Zealand,Tie,1,1,Alessandro Rossi,Spain,16/06/2026_Iran vs New Zealand,16/06/2026_Iran vs New Zealand_Alessandro Rossi,OK,OK,OK,OK,OK,2,2,3,0,3
,f2c9bd41-0f3f-4410-a188-f64a3cd5d2b0,46189,France vs Senegal,France vs Senegal,France,Senegal,France,3,0,Alessandro Rossi,Spain,16/06/2026_France vs Senegal,16/06/2026_France vs Senegal_Alessandro Rossi,OK,OK,OK,OK,OK,3,1,3,0,3
,7c6a1d2f-213c-465b-84aa-5e210c53cd5e,46190,Iraq vs Norway,Iraq vs Norway,Iraq,Norway,Norway,0,3,Alessandro Rossi,Spain,17/06/2026_Iraq vs Norway,17/06/2026_Iraq vs Norway_Alessandro Rossi,OK,OK,OK,OK,OK,1,4,3,0,3
,ef5e2e2a-76bb-4324-a1f3-f42111a18aa7,46190,Argentina vs Algeria,Argentina vs Algeria,Argentina,Algeria,Argentina,2,1,Alessandro Rossi,Spain,17/06/2026_Argentina vs Algeria,17/06/2026_Argentina vs Algeria_Alessandro Rossi,OK,OK,OK,OK,OK,3,0,3,0,3
,e051d600-9d73-4e04-a26d-ecc76ad2c16f,46190,Austria vs Jordan,Austria vs Jordan,Austria,Jordan,Tie,1,1,Alessandro Rossi,Spain,17/06/2026_Austria vs Jordan,17/06/2026_Austria vs Jordan_Alessandro Rossi,OK,OK,OK,OK,OK,3,1,0,0,0
,eb2f1dbc-aac3-4e3e-9d72-31715b5db372,46190,Portugal vs Congo DR,Portugal vs Congo DR,Portugal,Congo DR,Portugal,3,1,Alessandro Rossi,Spain,17/06/2026_Portugal vs Congo DR,17/06/2026_Portugal vs Congo DR_Alessandro Rossi,OK,OK,OK,OK,OK,1,1,0,0,0
,d7c8b5b0-52f4-4bb9-b115-d8fabd408898,46190,England vs Croatia,England vs Croatia,England,Croatia,England,2,1,Alessandro Rossi,Spain,17/06/2026_England vs Croatia,17/06/2026_England vs Croatia_Alessandro Rossi,OK,OK,OK,OK,OK,4,2,3,0,3
,d2f30ce6-ff96-4fc5-9a77-6e4bd45ad99b,46191,Ghana vs Panama,Ghana vs Panama,Ghana,Panama,Ghana,1,0,Alessandro Rossi,Spain,18/06/2026_Ghana vs Panama,18/06/2026_Ghana vs Panama_Alessandro Rossi,OK,OK,OK,OK,OK,1,0,3,5,8
,0b1ddb29-9238-405b-89f5-51a4ec8331bd,46191,Uzbekistan vs Colombia,Uzbekistan vs Colombia,Uzbekistan,Colombia,Uzbekistan,1,0,Alessandro Rossi,Spain,18/06/2026_Uzbekistan vs Colombia,18/06/2026_Uzbekistan vs Colombia_Alessandro Rossi,OK,OK,OK,OK,OK,1,3,0,0,0
,789566bb-a38d-4eb0-90ae-5a6b6445f385,46191,Czechia vs South Africa,Czechia vs South Africa,Czechia,South Africa,Czechia,2,0,Alessandro Rossi,Spain,18/06/2026_Czechia vs South Africa,18/06/2026_Czechia vs South Africa_Alessandro Rossi,OK,OK,OK,OK,OK,1,1,0,0,0
,9adbf9d9-ad95-46d3-bf97-59ff9868771e,46191,Switzerland vs Bosnia-Herzegovina,Switzerland vs Bosnia-Herzegovina,Switzerland,Bosnia-Herzegovina,Tie,2,2,Alessandro Rossi,Spain,18/06/2026_Switzerland vs Bosnia-Herzegovina,18/06/2026_Switzerland vs Bosnia-Herzegovina_Alessandro Rossi,OK,OK,OK,OK,OK,4,1,0,0,0
,4076b4bc-35ac-4a28-b8df-8aebb47df69f,46192,Canada vs Qatar,Canada vs Qatar,Canada,Qatar,Canada,2,0,Alessandro Rossi,Spain,19/06/2026_Canada vs Qatar,19/06/2026_Canada vs Qatar_Alessandro Rossi,OK,OK,OK,OK,OK,6,0,3,0,3
,96e40c38-c077-4ae9-8569-e942c6bd25d9,46192,Mexico vs South Korea,Mexico vs South Korea,Mexico,South Korea,South Korea,1,2,Alessandro Rossi,Spain,19/06/2026_Mexico vs South Korea,19/06/2026_Mexico vs South Korea_Alessandro Rossi,OK,OK,OK,OK,OK,1,0,0,0,0
,e93247ca-184a-42e4-a653-2c04dc261a13,46192,United States vs Australia,United States vs Australia,United States,Australia,United States,2,0,Alessandro Rossi,Spain,19/06/2026_United States vs Australia,19/06/2026_United States vs Australia_Alessandro Rossi,OK,OK,OK,OK,OK,2,0,3,5,8
,2b7a13ee-e262-45c4-ae8d-b058d9ee77e3,46193,Scotland vs Morocco,Scotland vs Morocco,Scotland,Morocco,Morocco,0,3,Alessandro Rossi,Spain,20/06/2026_Scotland vs Morocco,20/06/2026_Scotland vs Morocco_Alessandro Rossi,OK,OK,OK,OK,OK,0,1,3,0,3
,7e3a43d2-1fa2-4e35-a9b7-c22503d4198b,46193,Brazil vs Haiti,Brazil vs Haiti,Brazil,Haiti,Brazil,4,0,Alessandro Rossi,Spain,20/06/2026_Brazil vs Haiti,20/06/2026_Brazil vs Haiti_Alessandro Rossi,OK,OK,OK,OK,OK,3,0,3,0,3
,e626b717-3830-4abb-8c34-0412da1a9bd1,46193,Turkey vs Paraguay,Turkey vs Paraguay,Turkey,Paraguay,Tie,2,2,Alessandro Rossi,Spain,20/06/2026_Turkey vs Paraguay,20/06/2026_Turkey vs Paraguay_Alessandro Rossi,OK,OK,OK,OK,OK,0,1,0,0,0
,6b9a3341-8c04-422e-bd4d-449b62b2f905,46193,Netherlands vs Sweden,Netherlands vs Sweden,Netherlands,Sweden,Tie,2,2,Alessandro Rossi,Spain,20/06/2026_Netherlands vs Sweden,20/06/2026_Netherlands vs Sweden_Alessandro Rossi,OK,OK,OK,OK,OK,5,1,0,0,0
,2fc41a06-2e59-4099-9aaa-38e42a9fa472,46193,Germany vs Ivory Coast,Germany vs Ivory Coast,Germany,Ivory Coast,Germany,3,0,Alessandro Rossi,Spain,20/06/2026_Germany vs Ivory Coast,20/06/2026_Germany vs Ivory Coast_Alessandro Rossi,OK,OK,OK,OK,OK,2,1,3,0,3
,70f2820e-add1-407e-a225-5194e3e93897,46194,Ecuador vs Curaçao,Ecuador vs Curaçao,Ecuador,Curaçao,Ecuador,2,0,Alessandro Rossi,Spain,21/06/2026_Ecuador vs Curaçao,21/06/2026_Ecuador vs Curaçao_Alessandro Rossi,OK,OK,OK,OK,OK,0,0,0,0,0
,2c2f7a93-965a-45ae-ae54-036be3edd602,46194,Tunisia vs Japan,Tunisia vs Japan,Tunisia,Japan,Japan,0,3,Alessandro Rossi,Spain,21/06/2026_Tunisia vs Japan,21/06/2026_Tunisia vs Japan_Alessandro Rossi,OK,OK,OK,OK,OK,0,4,3,0,3
,43b918a0-8913-44b4-a0d3-122c29e60774,46194,Spain vs Saudi Arabia,Spain vs Saudi Arabia,Spain,Saudi Arabia,Spain,2,0,Alessandro Rossi,Spain,21/06/2026_Spain vs Saudi Arabia,21/06/2026_Spain vs Saudi Arabia_Alessandro Rossi,OK,OK,OK,OK,OK,4,0,3,0,3
,bd04e4c3-3fd7-4363-9d75-1535818c61a2,46194,Belgium vs Iran,Belgium vs Iran,Belgium,Iran,Belgium,3,0,Alessandro Rossi,Spain,21/06/2026_Belgium vs Iran,21/06/2026_Belgium vs Iran_Alessandro Rossi,OK,OK,OK,OK,OK,0,0,0,0,0
,9c5776bf-7230-426b-aa0a-551c5e967902,46195,Uruguay vs Cape Verde Islands,Uruguay vs Cape Verde Islands,Uruguay,Cape Verde Islands,Uruguay,3,0,Alessandro Rossi,Spain,22/06/2026_Uruguay vs Cape Verde Islands,22/06/2026_Uruguay vs Cape Verde Islands_Alessandro Rossi,OK,OK,OK,OK,OK,2,2,0,0,0
,3fa0b646-b340-4954-82a8-1987ae1ba417,46195,New Zealand vs Egypt,New Zealand vs Egypt,New Zealand,Egypt,Tie,0,0,Alessandro Rossi,Spain,22/06/2026_New Zealand vs Egypt,22/06/2026_New Zealand vs Egypt_Alessandro Rossi,OK,OK,OK,OK,OK,1,3,0,0,0
,02dd2c19-7593-4f9f-b18b-a7d726a95fae,46195,Argentina vs Austria,Argentina vs Austria,Argentina,Austria,Argentina,3,1,Alessandro Rossi,Spain,22/06/2026_Argentina vs Austria,22/06/2026_Argentina vs Austria_Alessandro Rossi,OK,OK,OK,OK,OK,2,0,3,0,3
,14f18307-e209-444f-9884-ce40f9f2d723,46195,France vs Iraq,France vs Iraq,France,Iraq,France,3,1,Alessandro Rossi,Spain,22/06/2026_France vs Iraq,22/06/2026_France vs Iraq_Alessandro Rossi,OK,OK,OK,OK,OK,3,0,3,0,3
,539d1a14-cb40-42f9-9a88-b6505332300e,46196,Norway vs Senegal,Norway vs Senegal,Norway,Senegal,Senegal,1,2,Alessandro Rossi,Spain,23/06/2026_Norway vs Senegal,23/06/2026_Norway vs Senegal_Alessandro Rossi,OK,OK,OK,OK,OK,3,2,0,0,0
,d26b2b56-1442-40d0-baef-82173ac5d941,46196,Jordan vs Algeria,Jordan vs Algeria,Jordan,Algeria,Algeria,1,2,Alessandro Rossi,Spain,23/06/2026_Jordan vs Algeria,23/06/2026_Jordan vs Algeria_Alessandro Rossi,OK,OK,OK,OK,OK,1,2,3,5,8
,231711b7-1469-45b0-abaa-ff2e6147fa10,46196,Portugal vs Uzbekistan,Portugal vs Uzbekistan,Portugal,Uzbekistan,Portugal,3,0,Alessandro Rossi,Spain,23/06/2026_Portugal vs Uzbekistan,23/06/2026_Portugal vs Uzbekistan_Alessandro Rossi,OK,OK,OK,OK,OK,5,0,3,0,3
,8a398c90-3d1c-4306-a1bc-c66e725d6c06,46196,England vs Ghana,England vs Ghana,England,Ghana,England,1,0,Alessandro Rossi,Spain,23/06/2026_England vs Ghana,23/06/2026_England vs Ghana_Alessandro Rossi,OK,OK,OK,OK,OK,0,0,0,0,0
,4047f5ba-d506-423d-a68d-6055381c9a4d,46197,Panama vs Croatia,Panama vs Croatia,Panama,Croatia,Croatia,0,1,Alessandro Rossi,Spain,24/06/2026_Panama vs Croatia,24/06/2026_Panama vs Croatia_Alessandro Rossi,OK,OK,OK,OK,OK,0,1,3,5,8
,883760ea-7de9-4626-acab-337e970a06e3,46197,Colombia vs Congo DR,Colombia vs Congo DR,Colombia,Congo DR,Colombia,1,0,Alessandro Rossi,Spain,24/06/2026_Colombia vs Congo DR,24/06/2026_Colombia vs Congo DR_Alessandro Rossi,OK,OK,OK,OK,OK,1,0,3,5,8
,a551cbe0-b4ef-4322-807f-e15ee20443a7,46197,Switzerland vs Canada,Switzerland vs Canada,Switzerland,Canada,Tie,0,0,Alessandro Rossi,Spain,24/06/2026_Switzerland vs Canada,24/06/2026_Switzerland vs Canada_Alessandro Rossi,OK,OK,OK,OK,OK,2,1,0,0,0
,a0030272-0076-4fba-97cc-a066120ef64a,46197,Bosnia-Herzegovina vs Qatar,Bosnia-Herzegovina vs Qatar,Bosnia-Herzegovina,Qatar,Tie,0,0,Alessandro Rossi,Spain,24/06/2026_Bosnia-Herzegovina vs Qatar,24/06/2026_Bosnia-Herzegovina vs Qatar_Alessandro Rossi,OK,OK,OK,OK,OK,3,1,0,0,0
,686e0d31-1a3d-4e14-a30f-42308e39d29b,46198,Morocco vs Haiti,Morocco vs Haiti,Morocco,Haiti,Morocco,3,0,Alessandro Rossi,Spain,25/06/2026_Morocco vs Haiti,25/06/2026_Morocco vs Haiti_Alessandro Rossi,OK,OK,OK,OK,OK,4,2,3,0,3
,00bae03c-5377-43b7-aec2-113da960fd86,46198,Scotland vs Brazil,Scotland vs Brazil,Scotland,Brazil,Brazil,1,2,Alessandro Rossi,Spain,25/06/2026_Scotland vs Brazil,25/06/2026_Scotland vs Brazil_Alessandro Rossi,OK,OK,OK,OK,OK,0,3,3,0,3
,2957656f-4848-4e7d-a174-327bc02f067b,46198,South Africa vs South Korea,South Africa vs South Korea,South Africa,South Korea,South Africa,1,0,Alessandro Rossi,Spain,25/06/2026_South Africa vs South Korea,25/06/2026_South Africa vs South Korea_Alessandro Rossi,OK,OK,OK,OK,OK,1,0,3,5,8
,f00bc9df-74cc-45d0-8ba9-bc765efe70e3,46198,Czechia vs Mexico,Czechia vs Mexico,Czechia,Mexico,Tie,2,2,Alessandro Rossi,Spain,25/06/2026_Czechia vs Mexico,25/06/2026_Czechia vs Mexico_Alessandro Rossi,OK,OK,OK,OK,OK,0,3,0,0,0
,4ee03686-bb78-4f28-8a6c-c7221f15224c,46198,Curaçao vs Ivory Coast,Curaçao vs Ivory Coast,Curaçao,Ivory Coast,Ivory Coast,2,3,Alessandro Rossi,Spain,25/06/2026_Curaçao vs Ivory Coast,25/06/2026_Curaçao vs Ivory Coast_Alessandro Rossi,OK,OK,OK,OK,OK,0,2,3,0,3
,36f0ae83-9e2d-415d-9611-79f624456835,46198,Ecuador vs Germany,Ecuador vs Germany,Ecuador,Germany,Germany,0,2,Alessandro Rossi,Spain,25/06/2026_Ecuador vs Germany,25/06/2026_Ecuador vs Germany_Alessandro Rossi,OK,OK,OK,OK,OK,2,1,0,0,0
,fd25c28e-e7a3-4a37-868d-b019242cf421,46199,Tunisia vs Netherlands,Tunisia vs Netherlands,Tunisia,Netherlands,Tie,1,1,Alessandro Rossi,Spain,26/06/2026_Tunisia vs Netherlands,26/06/2026_Tunisia vs Netherlands_Alessandro Rossi,OK,OK,OK,OK,OK,1,3,0,0,0
,f566b749-eeea-47c9-aa17-442b9954cb4c,46199,Japan vs Sweden,Japan vs Sweden,Japan,Sweden,Tie,2,2,Alessandro Rossi,Spain,26/06/2026_Japan vs Sweden,26/06/2026_Japan vs Sweden_Alessandro Rossi,OK,OK,OK,OK,OK,1,1,3,0,3
,693f8b8b-a0ff-46eb-a5a3-7939ed24f529,46199,Turkey vs United States,Turkey vs United States,Turkey,United States,Turkey,2,1,Alessandro Rossi,Spain,26/06/2026_Turkey vs United States,26/06/2026_Turkey vs United States_Alessandro Rossi,OK,OK,OK,OK,OK,3,2,3,0,3
,8a938704-ec35-4b86-a367-9b675785c44a,46199,Paraguay vs Australia,Paraguay vs Australia,Paraguay,Australia,Paraguay,1,0,Alessandro Rossi,Spain,26/06/2026_Paraguay vs Australia,26/06/2026_Paraguay vs Australia_Alessandro Rossi,OK,OK,OK,OK,OK,0,0,0,0,0
,0dde73ff-bdb1-42a1-a572-7b5f6207950d,46199,Norway vs France,Norway vs France,Norway,France,Tie,1,1,Alessandro Rossi,Spain,26/06/2026_Norway vs France,26/06/2026_Norway vs France_Alessandro Rossi,OK,OK,OK,OK,OK,1,4,0,0,0
,544127c5-bf80-4073-9a01-81b75ff5d169,46199,Senegal vs Iraq,Senegal vs Iraq,Senegal,Iraq,Tie,0,0,Alessandro Rossi,Spain,26/06/2026_Senegal vs Iraq,26/06/2026_Senegal vs Iraq_Alessandro Rossi,OK,OK,OK,OK,OK,5,0,0,0,0
,00f21ab3-5ea4-4326-b76a-0b7ee58dc66d,46200,Cape Verde Islands vs Saudi Arabia,Cape Verde Islands vs Saudi Arabia,Cape Verde Islands,Saudi Arabia,Cape Verde Islands,1,0,Alessandro Rossi,Spain,27/06/2026_Cape Verde Islands vs Saudi Arabia,27/06/2026_Cape Verde Islands vs Saudi Arabia_Alessandro Rossi,OK,OK,OK,OK,OK,0,0,0,0,0
,be1694be-de35-40a8-9a9e-27baf5d1448c,46200,Uruguay vs Spain,Uruguay vs Spain,Uruguay,Spain,Spain,2,3,Alessandro Rossi,Spain,27/06/2026_Uruguay vs Spain,27/06/2026_Uruguay vs Spain_Alessandro Rossi,OK,OK,OK,OK,OK,0,1,3,0,3
,14e52174-6235-4f14-a23c-854c80abc13f,46200,New Zealand vs Belgium,New Zealand vs Belgium,New Zealand,Belgium,Belgium,1,2,Alessandro Rossi,Spain,27/06/2026_New Zealand vs Belgium,27/06/2026_New Zealand vs Belgium_Alessandro Rossi,OK,OK,OK,OK,OK,1,5,3,0,3
,b068e107-5250-4ec3-98dd-ecddbc735a2a,46200,Egypt vs Iran,Egypt vs Iran,Egypt,Iran,Tie,2,2,Alessandro Rossi,Spain,27/06/2026_Egypt vs Iran,27/06/2026_Egypt vs Iran_Alessandro Rossi,OK,OK,OK,OK,OK,1,1,3,0,3
,88fc703f-3dfd-49cf-8514-57362e2f4646,46200,Panama vs England,Panama vs England,Panama,England,England,0,3,Alessandro Rossi,Spain,27/06/2026_Panama vs England,27/06/2026_Panama vs England_Alessandro Rossi,OK,OK,OK,OK,OK,0,2,3,0,3
,2a8a8af1-dc73-4b7a-b4d1-ebc7b6d2fbf4,46200,Croatia vs Ghana,Croatia vs Ghana,Croatia,Ghana,Croatia,2,0,Alessandro Rossi,Spain,27/06/2026_Croatia vs Ghana,27/06/2026_Croatia vs Ghana_Alessandro Rossi,OK,OK,OK,OK,OK,2,1,3,0,3
,5fd62bf1-96f6-416e-90e1-ba1eb1c80325,46201,Colombia vs Portugal,Colombia vs Portugal,Colombia,Portugal,Portugal,1,2,Alessandro Rossi,Spain,28/06/2026_Colombia vs Portugal,28/06/2026_Colombia vs Portugal_Alessandro Rossi,OK,OK,OK,OK,OK,0,0,0,0,0
,0d153b20-faeb-4df1-a379-212d940b43c4,46201,Congo DR vs Uzbekistan,Congo DR vs Uzbekistan,Congo DR,Uzbekistan,Tie,1,1,Alessandro Rossi,Spain,28/06/2026_Congo DR vs Uzbekistan,28/06/2026_Congo DR vs Uzbekistan_Alessandro Rossi,OK,OK,OK,OK,OK,3,1,0,0,0
,f9b8e05c-3a82-47ce-a74d-bb8ab8e07fa6,46201,Algeria vs Austria,Algeria vs Austria,Algeria,Austria,Austria,1,2,Alessandro Rossi,Spain,28/06/2026_Algeria vs Austria,28/06/2026_Algeria vs Austria_Alessandro Rossi,OK,OK,OK,OK,OK,3,3,0,0,0
,46407559-7304-4d5b-857c-4fd0b32405ce,46201,Jordan vs Argentina,Jordan vs Argentina,Jordan,Argentina,Argentina,0,4,Alessandro Rossi,Spain,28/06/2026_Jordan vs Argentina,28/06/2026_Jordan vs Argentina_Alessandro Rossi,OK,OK,OK,OK,OK,1,3,3,0,3
,b6358341-358f-4499-b6f6-c1ea94f089bc,46184,Mexico vs South Africa,Mexico vs South Africa,Mexico,South Africa,Mexico,4,1,Ronnel Guiyab,Spain,11/06/2026_Mexico vs South Africa,11/06/2026_Mexico vs South Africa_Ronnel Guiyab,OK,OK,OK,OK,OK,2,0,3,0,3
,79e2bd84-aaaa-47ea-a0af-58f4c176a3fc,46185,South Korea vs Czechia,South Korea vs Czechia,South Korea,Czechia,South Korea,3,1,Ronnel Guiyab,Spain,12/06/2026_South Korea vs Czechia,12/06/2026_South Korea vs Czechia_Ronnel Guiyab,OK,OK,OK,OK,OK,2,1,3,0,3
,7daefa6b-c4d4-4f38-8665-774ce9131afc,46185,Canada vs Bosnia-Herzegovina,Canada vs Bosnia-Herzegovina,Canada,Bosnia-Herzegovina,Canada,4,2,Ronnel Guiyab,Spain,12/06/2026_Canada vs Bosnia-Herzegovina,12/06/2026_Canada vs Bosnia-Herzegovina_Ronnel Guiyab,OK,OK,OK,OK,OK,1,1,0,0,0
,3ce23c92-b632-4585-881f-2e88d3af1acc,46186,United States vs Paraguay,United States vs Paraguay,United States,Paraguay,United States,5,1,Ronnel Guiyab,Spain,13/06/2026_United States vs Paraguay,13/06/2026_United States vs Paraguay_Ronnel Guiyab,OK,OK,OK,OK,OK,4,1,3,0,3
,5c8a0205-08df-43ed-b12f-daee971068c6,46186,Qatar vs Switzerland,Qatar vs Switzerland,Qatar,Switzerland,Switzerland,2,4,Ronnel Guiyab,Spain,13/06/2026_Qatar vs Switzerland,13/06/2026_Qatar vs Switzerland_Ronnel Guiyab,OK,OK,OK,OK,OK,1,1,0,0,0
,7e6f0efb-3b9f-4b06-ba54-4cbca88e4b68,46187,Brazil vs Morocco,Brazil vs Morocco,Brazil,Morocco,Brazil,4,2,Ronnel Guiyab,Spain,14/06/2026_Brazil vs Morocco,14/06/2026_Brazil vs Morocco_Ronnel Guiyab,OK,OK,OK,OK,OK,1,1,0,0,0
,a73a7d62-10b5-42ab-a58b-fa69f833564c,46187,Haiti vs Scotland,Haiti vs Scotland,Haiti,Scotland,Scotland,0,3,Ronnel Guiyab,Spain,14/06/2026_Haiti vs Scotland,14/06/2026_Haiti vs Scotland_Ronnel Guiyab,OK,OK,OK,OK,OK,0,1,3,0,3
,6bef1a87-ce1b-4d23-9256-4ca3e5a47270,46187,Australia vs Turkey,Australia vs Turkey,Australia,Turkey,Turkey,1,3,Ronnel Guiyab,Spain,14/06/2026_Australia vs Turkey,14/06/2026_Australia vs Turkey_Ronnel Guiyab,OK,OK,OK,OK,OK,2,0,0,0,0
,b5bbc470-d81b-4ed7-bdf4-82c0d78ef9aa,46187,Germany vs Curaçao,Germany vs Curaçao,Germany,Curaçao,Germany,4,1,Ronnel Guiyab,Spain,14/06/2026_Germany vs Curaçao,14/06/2026_Germany vs Curaçao_Ronnel Guiyab,OK,OK,OK,OK,OK,7,1,3,0,3
,f9fff778-db10-4dd5-9bbe-d6843a7e138b,46187,Netherlands vs Japan,Netherlands vs Japan,Netherlands,Japan,Netherlands,4,2,Ronnel Guiyab,Spain,14/06/2026_Netherlands vs Japan,14/06/2026_Netherlands vs Japan_Ronnel Guiyab,OK,OK,OK,OK,OK,2,2,0,0,0
,b0371cb3-7117-4fb4-aeac-6f2fe6bea16f,46188,Ivory Coast vs Ecuador,Ivory Coast vs Ecuador,Ivory Coast,Ecuador,Ecuador,1,3,Ronnel Guiyab,Spain,15/06/2026_Ivory Coast vs Ecuador,15/06/2026_Ivory Coast vs Ecuador_Ronnel Guiyab,OK,OK,OK,OK,OK,1,0,0,0,0
,5ca67fd2-b157-4e4d-b40b-9cfa90c7078b,46188,Sweden vs Tunisia,Sweden vs Tunisia,Sweden,Tunisia,Sweden,4,2,Ronnel Guiyab,Spain,15/06/2026_Sweden vs Tunisia,15/06/2026_Sweden vs Tunisia_Ronnel Guiyab,OK,OK,OK,OK,OK,5,1,3,0,3
,949ae21f-3b43-487e-833c-f2a955418ab6,46188,Belgium vs Egypt,Belgium vs Egypt,Belgium,Egypt,Belgium,4,2,Ronnel Guiyab,Spain,15/06/2026_Belgium vs Egypt,15/06/2026_Belgium vs Egypt_Ronnel Guiyab,OK,OK,OK,OK,OK,1,1,0,0,0
,8695ab56-ab3c-40f1-9b4b-0e77c7175219,46188,Spain vs Cape Verde Islands,Spain vs Cape Verde Islands,Spain,Cape Verde Islands,Spain,4,1,Ronnel Guiyab,Spain,15/06/2026_Spain vs Cape Verde Islands,15/06/2026_Spain vs Cape Verde Islands_Ronnel Guiyab,OK,OK,OK,OK,OK,0,0,0,0,0
,a8b82dba-f299-4811-976a-3b037f2ae624,46189,Saudi Arabia vs Uruguay,Saudi Arabia vs Uruguay,Saudi Arabia,Uruguay,Uruguay,2,3,Ronnel Guiyab,Spain,16/06/2026_Saudi Arabia vs Uruguay,16/06/2026_Saudi Arabia vs Uruguay_Ronnel Guiyab,OK,OK,OK,OK,OK,1,1,0,0,0
,ca9bd300-7e28-4e4d-8bde-bbb6cff175ca,46189,Iran vs New Zealand,Iran vs New Zealand,Iran,New Zealand,Iran,3,2,Ronnel Guiyab,Spain,16/06/2026_Iran vs New Zealand,16/06/2026_Iran vs New Zealand_Ronnel Guiyab,OK,OK,OK,OK,OK,2,2,0,0,0
,7707a67f-49f8-42e1-9059-c0ee942f0412,46189,France vs Senegal,France vs Senegal,France,Senegal,France,4,2,Ronnel Guiyab,Spain,16/06/2026_France vs Senegal,16/06/2026_France vs Senegal_Ronnel Guiyab,OK,OK,OK,OK,OK,3,1,3,0,3
,09107b65-0d35-4aaf-b249-d67a41da1734,46190,Iraq vs Norway,Iraq vs Norway,Iraq,Norway,Norway,0,3,Ronnel Guiyab,Spain,17/06/2026_Iraq vs Norway,17/06/2026_Iraq vs Norway_Ronnel Guiyab,OK,OK,OK,OK,OK,1,4,3,0,3
,c5b22c97-d4d2-4e04-b9d6-da184166f88e,46190,Argentina vs Algeria,Argentina vs Algeria,Argentina,Algeria,Argentina,4,1,Ronnel Guiyab,Spain,17/06/2026_Argentina vs Algeria,17/06/2026_Argentina vs Algeria_Ronnel Guiyab,OK,OK,OK,OK,OK,3,0,3,0,3
,11cfa634-726c-499f-8f3c-a6e14d2f0f8d,46190,Austria vs Jordan,Austria vs Jordan,Austria,Jordan,Austria,3,1,Ronnel Guiyab,Spain,17/06/2026_Austria vs Jordan,17/06/2026_Austria vs Jordan_Ronnel Guiyab,OK,OK,OK,OK,OK,3,1,3,5,8
,816cb41a-fc7a-4341-a206-a4900b06a806,46190,Portugal vs Congo DR,Portugal vs Congo DR,Portugal,Congo DR,Portugal,3,1,Ronnel Guiyab,Spain,17/06/2026_Portugal vs Congo DR,17/06/2026_Portugal vs Congo DR_Ronnel Guiyab,OK,OK,OK,OK,OK,1,1,0,0,0
,51673b8c-e132-4c99-90f8-868b14e9eb1f,46190,England vs Croatia,England vs Croatia,England,Croatia,England,3,1,Ronnel Guiyab,Spain,17/06/2026_England vs Croatia,17/06/2026_England vs Croatia_Ronnel Guiyab,OK,OK,OK,OK,OK,4,2,3,0,3
,4f33e497-6ad2-43a6-901f-63964b7cf954,46191,Ghana vs Panama,Ghana vs Panama,Ghana,Panama,Ghana,4,2,Ronnel Guiyab,Spain,18/06/2026_Ghana vs Panama,18/06/2026_Ghana vs Panama_Ronnel Guiyab,OK,OK,OK,OK,OK,1,0,3,0,3
,15bb18aa-f780-4641-8021-793d991590b5,46191,Uzbekistan vs Colombia,Uzbekistan vs Colombia,Uzbekistan,Colombia,Colombia,0,3,Ronnel Guiyab,Spain,18/06/2026_Uzbekistan vs Colombia,18/06/2026_Uzbekistan vs Colombia_Ronnel Guiyab,OK,OK,OK,OK,OK,1,3,3,0,3
,1f30e291-c118-4213-9deb-6e87d7095df8,46191,Czechia vs South Africa,Czechia vs South Africa,Czechia,South Africa,Czechia,3,2,Ronnel Guiyab,Spain,18/06/2026_Czechia vs South Africa,18/06/2026_Czechia vs South Africa_Ronnel Guiyab,OK,OK,OK,OK,OK,1,1,0,0,0
,a38dacf0-bca8-4f26-88f9-e5df81d22bd5,46191,Switzerland vs Bosnia-Herzegovina,Switzerland vs Bosnia-Herzegovina,Switzerland,Bosnia-Herzegovina,Switzerland,3,1,Ronnel Guiyab,Spain,18/06/2026_Switzerland vs Bosnia-Herzegovina,18/06/2026_Switzerland vs Bosnia-Herzegovina_Ronnel Guiyab,OK,OK,OK,OK,OK,4,1,3,0,3
,00a74622-8142-4964-a17a-09733da9e626,46192,Canada vs Qatar,Canada vs Qatar,Canada,Qatar,Canada,4,2,Ronnel Guiyab,Spain,19/06/2026_Canada vs Qatar,19/06/2026_Canada vs Qatar_Ronnel Guiyab,OK,OK,OK,OK,OK,6,0,3,0,3
,5700a10c-db08-4c5d-b67c-5539a8004766,46192,Mexico vs South Korea,Mexico vs South Korea,Mexico,South Korea,Mexico,4,2,Ronnel Guiyab,Spain,19/06/2026_Mexico vs South Korea,19/06/2026_Mexico vs South Korea_Ronnel Guiyab,OK,OK,OK,OK,OK,1,0,3,0,3
,f5b68432-dbb1-4b0b-bc46-820792aaee0d,46192,United States vs Australia,United States vs Australia,United States,Australia,United States,3,2,Ronnel Guiyab,Spain,19/06/2026_United States vs Australia,19/06/2026_United States vs Australia_Ronnel Guiyab,OK,OK,OK,OK,OK,2,0,3,0,3
,3b3e3a06-6e26-4a57-8752-c42812421201,46193,Scotland vs Morocco,Scotland vs Morocco,Scotland,Morocco,Morocco,1,3,Ronnel Guiyab,Spain,20/06/2026_Scotland vs Morocco,20/06/2026_Scotland vs Morocco_Ronnel Guiyab,OK,OK,OK,OK,OK,0,1,3,0,3
,a9d5c58a-5e0c-4a72-8ea2-f7a469397a16,46193,Brazil vs Haiti,Brazil vs Haiti,Brazil,Haiti,Brazil,4,2,Ronnel Guiyab,Spain,20/06/2026_Brazil vs Haiti,20/06/2026_Brazil vs Haiti_Ronnel Guiyab,OK,OK,OK,OK,OK,3,0,3,0,3
,7efb55d7-f759-48b7-adc6-dfeedc9b75d3,46193,Turkey vs Paraguay,Turkey vs Paraguay,Turkey,Paraguay,Turkey,3,2,Ronnel Guiyab,Spain,20/06/2026_Turkey vs Paraguay,20/06/2026_Turkey vs Paraguay_Ronnel Guiyab,OK,OK,OK,OK,OK,0,1,0,0,0
,571df61e-a228-4fe0-810b-d682880975dc,46193,Netherlands vs Sweden,Netherlands vs Sweden,Netherlands,Sweden,Netherlands,2,1,Ronnel Guiyab,Spain,20/06/2026_Netherlands vs Sweden,20/06/2026_Netherlands vs Sweden_Ronnel Guiyab,OK,OK,OK,OK,OK,5,1,3,0,3
,829fbd30-4190-4d60-b8ea-304d6d42c531,46193,Germany vs Ivory Coast,Germany vs Ivory Coast,Germany,Ivory Coast,Germany,2,1,Ronnel Guiyab,Spain,20/06/2026_Germany vs Ivory Coast,20/06/2026_Germany vs Ivory Coast_Ronnel Guiyab,OK,OK,OK,OK,OK,2,1,3,5,8
,c33e43ba-f625-498e-a4e2-b0b452dc2fdd,46194,Ecuador vs Curaçao,Ecuador vs Curaçao,Ecuador,Curaçao,Ecuador,2,0,Ronnel Guiyab,Spain,21/06/2026_Ecuador vs Curaçao,21/06/2026_Ecuador vs Curaçao_Ronnel Guiyab,OK,OK,OK,OK,OK,0,0,0,0,0
,f55fc726-bfe9-464b-a8d4-3738791fb00a,46194,Tunisia vs Japan,Tunisia vs Japan,Tunisia,Japan,Tunisia,3,1,Ronnel Guiyab,Spain,21/06/2026_Tunisia vs Japan,21/06/2026_Tunisia vs Japan_Ronnel Guiyab,OK,OK,OK,OK,OK,0,4,0,0,0
,4646ceec-bb54-41c7-bfdc-a32e199925c3,46194,Spain vs Saudi Arabia,Spain vs Saudi Arabia,Spain,Saudi Arabia,Spain,4,1,Ronnel Guiyab,Spain,21/06/2026_Spain vs Saudi Arabia,21/06/2026_Spain vs Saudi Arabia_Ronnel Guiyab,OK,OK,OK,OK,OK,4,0,3,0,3
,61a86ce7-0f61-4058-be4a-771bd67a25cc,46194,Belgium vs Iran,Belgium vs Iran,Belgium,Iran,Belgium,4,2,Ronnel Guiyab,Spain,21/06/2026_Belgium vs Iran,21/06/2026_Belgium vs Iran_Ronnel Guiyab,OK,OK,OK,OK,OK,0,0,0,0,0
,0cb1e391-12bd-4040-9656-a5812f979d2b,46195,Uruguay vs Cape Verde Islands,Uruguay vs Cape Verde Islands,Uruguay,Cape Verde Islands,Uruguay,3,2,Ronnel Guiyab,Spain,22/06/2026_Uruguay vs Cape Verde Islands,22/06/2026_Uruguay vs Cape Verde Islands_Ronnel Guiyab,OK,OK,OK,OK,OK,2,2,0,0,0
,d4de29ef-1188-4f87-8f11-83c12382268c,46195,New Zealand vs Egypt,New Zealand vs Egypt,New Zealand,Egypt,Egypt,2,4,Ronnel Guiyab,Spain,22/06/2026_New Zealand vs Egypt,22/06/2026_New Zealand vs Egypt_Ronnel Guiyab,OK,OK,OK,OK,OK,1,3,3,0,3
,2a05ec0d-16c0-49d2-952a-224d59a18529,46195,Argentina vs Austria,Argentina vs Austria,Argentina,Austria,Argentina,3,1,Ronnel Guiyab,Spain,22/06/2026_Argentina vs Austria,22/06/2026_Argentina vs Austria_Ronnel Guiyab,OK,OK,OK,OK,OK,2,0,3,0,3
,881f8af8-63a5-406a-bd86-0b53b135dea0,46195,France vs Iraq,France vs Iraq,France,Iraq,France,3,1,Ronnel Guiyab,Spain,22/06/2026_France vs Iraq,22/06/2026_France vs Iraq_Ronnel Guiyab,OK,OK,OK,OK,OK,3,0,3,0,3
,223703f6-5f6f-4c33-8a8d-5a77ad1a7645,46196,Norway vs Senegal,Norway vs Senegal,Norway,Senegal,Senegal,2,3,Ronnel Guiyab,Spain,23/06/2026_Norway vs Senegal,23/06/2026_Norway vs Senegal_Ronnel Guiyab,OK,OK,OK,OK,OK,3,2,0,0,0
,43bab3bb-381a-4309-8e80-2b5ac7d333fa,46196,Jordan vs Algeria,Jordan vs Algeria,Jordan,Algeria,Algeria,2,3,Ronnel Guiyab,Spain,23/06/2026_Jordan vs Algeria,23/06/2026_Jordan vs Algeria_Ronnel Guiyab,OK,OK,OK,OK,OK,1,2,3,0,3
,7dc1de68-13c1-4d85-b1b6-177089b42cdc,46196,Portugal vs Uzbekistan,Portugal vs Uzbekistan,Portugal,Uzbekistan,Portugal,3,1,Ronnel Guiyab,Spain,23/06/2026_Portugal vs Uzbekistan,23/06/2026_Portugal vs Uzbekistan_Ronnel Guiyab,OK,OK,OK,OK,OK,5,0,3,0,3
,ae565a7f-fddb-4023-9590-5d65bb2edee8,46196,England vs Ghana,England vs Ghana,England,Ghana,England,4,2,Ronnel Guiyab,Spain,23/06/2026_England vs Ghana,23/06/2026_England vs Ghana_Ronnel Guiyab,OK,OK,OK,OK,OK,0,0,0,0,0
,0c5abe68-837f-48e1-8bef-7c60b0198648,46197,Panama vs Croatia,Panama vs Croatia,Panama,Croatia,Panama,3,2,Ronnel Guiyab,Spain,24/06/2026_Panama vs Croatia,24/06/2026_Panama vs Croatia_Ronnel Guiyab,OK,OK,OK,OK,OK,0,1,0,0,0
,a576535f-69db-4879-a5f4-6c0eda784796,46197,Colombia vs Congo DR,Colombia vs Congo DR,Colombia,Congo DR,Colombia,3,1,Ronnel Guiyab,Spain,24/06/2026_Colombia vs Congo DR,24/06/2026_Colombia vs Congo DR_Ronnel Guiyab,OK,OK,OK,OK,OK,1,0,3,0,3
,8f256bf7-aed5-4c72-a61e-9546d2d2a9ce,46197,Switzerland vs Canada,Switzerland vs Canada,Switzerland,Canada,Switzerland,3,2,Ronnel Guiyab,Spain,24/06/2026_Switzerland vs Canada,24/06/2026_Switzerland vs Canada_Ronnel Guiyab,OK,OK,OK,OK,OK,2,1,3,0,3
,dec82dfb-d28d-4f0b-aadb-a9c5d8ffd899,46197,Bosnia-Herzegovina vs Qatar,Bosnia-Herzegovina vs Qatar,Bosnia-Herzegovina,Qatar,Bosnia-Herzegovina,3,2,Ronnel Guiyab,Spain,24/06/2026_Bosnia-Herzegovina vs Qatar,24/06/2026_Bosnia-Herzegovina vs Qatar_Ronnel Guiyab,OK,OK,OK,OK,OK,3,1,3,0,3
,d7458498-b609-4259-acf1-b8957a3a226c,46198,Morocco vs Haiti,Morocco vs Haiti,Morocco,Haiti,Morocco,4,0,Ronnel Guiyab,Spain,25/06/2026_Morocco vs Haiti,25/06/2026_Morocco vs Haiti_Ronnel Guiyab,OK,OK,OK,OK,OK,4,2,3,0,3
,e284a16f-1980-4885-8f85-394103d0d262,46198,Scotland vs Brazil,Scotland vs Brazil,Scotland,Brazil,Brazil,3,4,Ronnel Guiyab,Spain,25/06/2026_Scotland vs Brazil,25/06/2026_Scotland vs Brazil_Ronnel Guiyab,OK,OK,OK,OK,OK,0,3,3,0,3
,cdeabcce-add1-4b02-ab0a-2b9e87852c31,46198,South Africa vs South Korea,South Africa vs South Korea,South Africa,South Korea,South Africa,4,3,Ronnel Guiyab,Spain,25/06/2026_South Africa vs South Korea,25/06/2026_South Africa vs South Korea_Ronnel Guiyab,OK,OK,OK,OK,OK,1,0,3,0,3
,0043413b-0a0c-41bd-ae6b-9d22f8826de0,46198,Czechia vs Mexico,Czechia vs Mexico,Czechia,Mexico,Mexico,2,3,Ronnel Guiyab,Spain,25/06/2026_Czechia vs Mexico,25/06/2026_Czechia vs Mexico_Ronnel Guiyab,OK,OK,OK,OK,OK,0,3,3,0,3
,5a26c675-531e-4e97-b852-b9a85c157ec0,46198,Curaçao vs Ivory Coast,Curaçao vs Ivory Coast,Curaçao,Ivory Coast,Curaçao,2,1,Ronnel Guiyab,Spain,25/06/2026_Curaçao vs Ivory Coast,25/06/2026_Curaçao vs Ivory Coast_Ronnel Guiyab,OK,OK,OK,OK,OK,0,2,0,0,0
,93c6bfac-4ed0-436b-9743-e50813be33f7,46198,Ecuador vs Germany,Ecuador vs Germany,Ecuador,Germany,Germany,2,3,Ronnel Guiyab,Spain,25/06/2026_Ecuador vs Germany,25/06/2026_Ecuador vs Germany_Ronnel Guiyab,OK,OK,OK,OK,OK,2,1,0,0,0
,a9542201-209e-4cdf-b288-0180a392ded8,46199,Tunisia vs Netherlands,Tunisia vs Netherlands,Tunisia,Netherlands,Netherlands,2,4,Ronnel Guiyab,Spain,26/06/2026_Tunisia vs Netherlands,26/06/2026_Tunisia vs Netherlands_Ronnel Guiyab,OK,OK,OK,OK,OK,1,3,3,0,3
,9f261951-8e8f-49e0-8944-b1930bfc9c7a,46199,Japan vs Sweden,Japan vs Sweden,Japan,Sweden,Sweden,1,3,Ronnel Guiyab,Spain,26/06/2026_Japan vs Sweden,26/06/2026_Japan vs Sweden_Ronnel Guiyab,OK,OK,OK,OK,OK,1,1,0,0,0
,e08687b6-dd98-4496-b785-db26fcbc0973,46199,Turkey vs United States,Turkey vs United States,Turkey,United States,United States,2,3,Ronnel Guiyab,Spain,26/06/2026_Turkey vs United States,26/06/2026_Turkey vs United States_Ronnel Guiyab,OK,OK,OK,OK,OK,3,2,0,0,0
,3bdf287a-fd6c-4374-a250-66423b2519b2,46199,Paraguay vs Australia,Paraguay vs Australia,Paraguay,Australia,Paraguay,3,2,Ronnel Guiyab,Spain,26/06/2026_Paraguay vs Australia,26/06/2026_Paraguay vs Australia_Ronnel Guiyab,OK,OK,OK,OK,OK,0,0,0,0,0
,91747e36-d5f4-4f2c-98f3-0bc46b7af390,46199,Norway vs France,Norway vs France,Norway,France,France,2,4,Ronnel Guiyab,Spain,26/06/2026_Norway vs France,26/06/2026_Norway vs France_Ronnel Guiyab,OK,OK,OK,OK,OK,1,4,3,0,3
,9e9a3f11-a79c-431d-8bca-e865c87565c6,46199,Senegal vs Iraq,Senegal vs Iraq,Senegal,Iraq,Senegal,3,1,Ronnel Guiyab,Spain,26/06/2026_Senegal vs Iraq,26/06/2026_Senegal vs Iraq_Ronnel Guiyab,OK,OK,OK,OK,OK,5,0,3,0,3
,d4d7b922-acfa-4c96-a51f-1fc1804f12ff,46200,Cape Verde Islands vs Saudi Arabia,Cape Verde Islands vs Saudi Arabia,Cape Verde Islands,Saudi Arabia,Saudi Arabia,1,3,Ronnel Guiyab,Spain,27/06/2026_Cape Verde Islands vs Saudi Arabia,27/06/2026_Cape Verde Islands vs Saudi Arabia_Ronnel Guiyab,OK,OK,OK,OK,OK,0,0,0,0,0
,54dfd82a-b46e-4c9c-8027-2a27ec9fc3cc,46200,Uruguay vs Spain,Uruguay vs Spain,Uruguay,Spain,Spain,2,3,Ronnel Guiyab,Spain,27/06/2026_Uruguay vs Spain,27/06/2026_Uruguay vs Spain_Ronnel Guiyab,OK,OK,OK,OK,OK,0,1,3,0,3
,1fecda73-f187-4fda-a434-624ae6a0e035,46200,New Zealand vs Belgium,New Zealand vs Belgium,New Zealand,Belgium,Belgium,1,3,Ronnel Guiyab,Spain,27/06/2026_New Zealand vs Belgium,27/06/2026_New Zealand vs Belgium_Ronnel Guiyab,OK,OK,OK,OK,OK,1,5,3,0,3
,e988dabf-4d5a-4251-a2df-8932e7ea258e,46200,Egypt vs Iran,Egypt vs Iran,Egypt,Iran,Egypt,4,1,Ronnel Guiyab,Spain,27/06/2026_Egypt vs Iran,27/06/2026_Egypt vs Iran_Ronnel Guiyab,OK,OK,OK,OK,OK,1,1,0,0,0
,08c583b1-cedc-4134-ad1b-f05b75f269e6,46200,Panama vs England,Panama vs England,Panama,England,England,1,4,Ronnel Guiyab,Spain,27/06/2026_Panama vs England,27/06/2026_Panama vs England_Ronnel Guiyab,OK,OK,OK,OK,OK,0,2,3,0,3
,3685ca8b-f505-49f4-a672-11802ce22f21,46200,Croatia vs Ghana,Croatia vs Ghana,Croatia,Ghana,Croatia,3,2,Ronnel Guiyab,Spain,27/06/2026_Croatia vs Ghana,27/06/2026_Croatia vs Ghana_Ronnel Guiyab,OK,OK,OK,OK,OK,2,1,3,0,3
,3470c8ff-4ef7-42bb-82a5-0fe91b3ffc42,46201,Colombia vs Portugal,Colombia vs Portugal,Colombia,Portugal,Portugal,3,4,Ronnel Guiyab,Spain,28/06/2026_Colombia vs Portugal,28/06/2026_Colombia vs Portugal_Ronnel Guiyab,OK,OK,OK,OK,OK,0,0,0,0,0
,a0703e52-4792-401e-8e6c-11319f5bcdb3,46201,Congo DR vs Uzbekistan,Congo DR vs Uzbekistan,Congo DR,Uzbekistan,Uzbekistan,1,3,Ronnel Guiyab,Spain,28/06/2026_Congo DR vs Uzbekistan,28/06/2026_Congo DR vs Uzbekistan_Ronnel Guiyab,OK,OK,OK,OK,OK,3,1,0,0,0
,14b79e03-73e4-4480-b962-0318997490c2,46201,Algeria vs Austria,Algeria vs Austria,Algeria,Austria,Austria,2,4,Ronnel Guiyab,Spain,28/06/2026_Algeria vs Austria,28/06/2026_Algeria vs Austria_Ronnel Guiyab,OK,OK,OK,OK,OK,3,3,0,0,0
,6c47b6c6-d47b-4e12-a9f0-4055f8cec677,46201,Jordan vs Argentina,Jordan vs Argentina,Jordan,Argentina,Argentina,1,4,Ronnel Guiyab,Spain,28/06/2026_Jordan vs Argentina,28/06/2026_Jordan vs Argentina_Ronnel Guiyab,OK,OK,OK,OK,OK,1,3,3,0,3
,aa78de5f-9145-4385-a0fe-0364122edc34,46184,Mexico vs South Africa,Mexico vs South Africa,Mexico,South Africa,Mexico,2,0,Ryan Gatt,Spain,11/06/2026_Mexico vs South Africa,11/06/2026_Mexico vs South Africa_Ryan Gatt,OK,OK,OK,OK,OK,2,0,3,5,8
,16f8f40f-bf01-4bc4-bdd9-a3f7484d315e,46185,South Korea vs Czechia,South Korea vs Czechia,South Korea,Czechia,South Korea,1,0,Ryan Gatt,Spain,12/06/2026_South Korea vs Czechia,12/06/2026_South Korea vs Czechia_Ryan Gatt,OK,OK,OK,OK,OK,2,1,3,0,3
,93f2f0ad-503f-4c91-a038-17236a40e8a9,46185,Canada vs Bosnia-Herzegovina,Canada vs Bosnia-Herzegovina,Canada,Bosnia-Herzegovina,Canada,1,0,Ryan Gatt,Spain,12/06/2026_Canada vs Bosnia-Herzegovina,12/06/2026_Canada vs Bosnia-Herzegovina_Ryan Gatt,OK,OK,OK,OK,OK,1,1,0,0,0
,3dbffa64-0022-4db1-be57-6ad5447ad03c,46186,United States vs Paraguay,United States vs Paraguay,United States,Paraguay,United States,2,1,Ryan Gatt,Spain,13/06/2026_United States vs Paraguay,13/06/2026_United States vs Paraguay_Ryan Gatt,OK,OK,OK,OK,OK,4,1,3,0,3
,484355e7-7dea-469f-a3af-07a67115f8c0,46186,Qatar vs Switzerland,Qatar vs Switzerland,Qatar,Switzerland,Switzerland,0,1,Ryan Gatt,Spain,13/06/2026_Qatar vs Switzerland,13/06/2026_Qatar vs Switzerland_Ryan Gatt,OK,OK,OK,OK,OK,1,1,0,0,0
,cf15c30b-3c54-4c69-8311-a705fb51d03a,46187,Brazil vs Morocco,Brazil vs Morocco,Brazil,Morocco,Brazil,2,1,Ryan Gatt,Spain,14/06/2026_Brazil vs Morocco,14/06/2026_Brazil vs Morocco_Ryan Gatt,OK,OK,OK,OK,OK,1,1,0,0,0
,bceb72f7-33ad-4059-8fe7-e005ca86e346,46187,Haiti vs Scotland,Haiti vs Scotland,Haiti,Scotland,Scotland,0,3,Ryan Gatt,Spain,14/06/2026_Haiti vs Scotland,14/06/2026_Haiti vs Scotland_Ryan Gatt,OK,OK,OK,OK,OK,0,1,3,0,3
,9fce2783-8262-4046-9be8-c87985109241,46187,Australia vs Turkey,Australia vs Turkey,Australia,Turkey,Turkey,1,2,Ryan Gatt,Spain,14/06/2026_Australia vs Turkey,14/06/2026_Australia vs Turkey_Ryan Gatt,OK,OK,OK,OK,OK,2,0,0,0,0
,04cdd161-dfbe-4283-84f7-d6f6670e9683,46187,Germany vs Curaçao,Germany vs Curaçao,Germany,Curaçao,Germany,2,0,Ryan Gatt,Spain,14/06/2026_Germany vs Curaçao,14/06/2026_Germany vs Curaçao_Ryan Gatt,OK,OK,OK,OK,OK,7,1,3,0,3
,e3d010fc-ce4e-40f5-8a12-0b008b17f452,46187,Netherlands vs Japan,Netherlands vs Japan,Netherlands,Japan,Tie,2,2,Ryan Gatt,Spain,14/06/2026_Netherlands vs Japan,14/06/2026_Netherlands vs Japan_Ryan Gatt,OK,OK,OK,OK,OK,2,2,3,5,8
,2f880fc9-c3f6-4945-b5bd-ce713d4aef3e,46188,Ivory Coast vs Ecuador,Ivory Coast vs Ecuador,Ivory Coast,Ecuador,Ecuador,0,1,Ryan Gatt,Spain,15/06/2026_Ivory Coast vs Ecuador,15/06/2026_Ivory Coast vs Ecuador_Ryan Gatt,OK,OK,OK,OK,OK,1,0,0,0,0
,1eeb2178-d792-4518-90bf-6b4f2f4bb54a,46188,Sweden vs Tunisia,Sweden vs Tunisia,Sweden,Tunisia,Sweden,2,0,Ryan Gatt,Spain,15/06/2026_Sweden vs Tunisia,15/06/2026_Sweden vs Tunisia_Ryan Gatt,OK,OK,OK,OK,OK,5,1,3,0,3
,4cdfc382-76ec-4f32-9a6b-1e836075c6ef,46188,Belgium vs Egypt,Belgium vs Egypt,Belgium,Egypt,Belgium,3,1,Ryan Gatt,Spain,15/06/2026_Belgium vs Egypt,15/06/2026_Belgium vs Egypt_Ryan Gatt,OK,OK,OK,OK,OK,1,1,0,0,0
,930a6da6-f2d0-44cd-937f-5cd0e0a07ae1,46188,Spain vs Cape Verde Islands,Spain vs Cape Verde Islands,Spain,Cape Verde Islands,Spain,4,0,Ryan Gatt,Spain,15/06/2026_Spain vs Cape Verde Islands,15/06/2026_Spain vs Cape Verde Islands_Ryan Gatt,OK,OK,OK,OK,OK,0,0,0,0,0
,43d9b2f8-cf35-43ac-a494-225ec98afba8,46189,Saudi Arabia vs Uruguay,Saudi Arabia vs Uruguay,Saudi Arabia,Uruguay,Uruguay,0,2,Ryan Gatt,Spain,16/06/2026_Saudi Arabia vs Uruguay,16/06/2026_Saudi Arabia vs Uruguay_Ryan Gatt,OK,OK,OK,OK,OK,1,1,0,0,0
,6bf9dbc5-d07e-423b-99fc-011cde9ee433,46189,Iran vs New Zealand,Iran vs New Zealand,Iran,New Zealand,Tie,0,0,Ryan Gatt,Spain,16/06/2026_Iran vs New Zealand,16/06/2026_Iran vs New Zealand_Ryan Gatt,OK,OK,OK,OK,OK,2,2,3,0,3
,051a6cd1-4112-40f6-b844-6304e4f51945,46189,France vs Senegal,France vs Senegal,France,Senegal,France,3,1,Ryan Gatt,Spain,16/06/2026_France vs Senegal,16/06/2026_France vs Senegal_Ryan Gatt,OK,OK,OK,OK,OK,3,1,3,5,8
,aab27ad1-81d5-45b6-adfc-c40d761676a0,46190,Iraq vs Norway,Iraq vs Norway,Iraq,Norway,Norway,0,2,Ryan Gatt,Spain,17/06/2026_Iraq vs Norway,17/06/2026_Iraq vs Norway_Ryan Gatt,OK,OK,OK,OK,OK,1,4,3,0,3
,b668cc6c-15ee-4a61-9c9a-b9fd6bd419e6,46190,Argentina vs Algeria,Argentina vs Algeria,Argentina,Algeria,Argentina,2,0,Ryan Gatt,Spain,17/06/2026_Argentina vs Algeria,17/06/2026_Argentina vs Algeria_Ryan Gatt,OK,OK,OK,OK,OK,3,0,3,0,3
,e1995ac1-42e7-4466-95c8-a6ca35ecb6ec,46190,Austria vs Jordan,Austria vs Jordan,Austria,Jordan,Austria,2,0,Ryan Gatt,Spain,17/06/2026_Austria vs Jordan,17/06/2026_Austria vs Jordan_Ryan Gatt,OK,OK,OK,OK,OK,3,1,3,0,3
,ae59d911-797c-4446-8a3d-0b18612ab6aa,46190,Portugal vs Congo DR,Portugal vs Congo DR,Portugal,Congo DR,Portugal,3,0,Ryan Gatt,Spain,17/06/2026_Portugal vs Congo DR,17/06/2026_Portugal vs Congo DR_Ryan Gatt,OK,OK,OK,OK,OK,1,1,0,0,0
,3fa1e5b1-37ec-42b6-90c8-d9226474ff48,46190,England vs Croatia,England vs Croatia,England,Croatia,England,2,1,Ryan Gatt,Spain,17/06/2026_England vs Croatia,17/06/2026_England vs Croatia_Ryan Gatt,OK,OK,OK,OK,OK,4,2,3,0,3
,06531438-ddf6-4f5b-ad35-3e41484eff81,46191,Ghana vs Panama,Ghana vs Panama,Ghana,Panama,Ghana,1,0,Ryan Gatt,Spain,18/06/2026_Ghana vs Panama,18/06/2026_Ghana vs Panama_Ryan Gatt,OK,OK,OK,OK,OK,1,0,3,5,8
,cd6b4669-7d21-490b-aed3-b04861440a03,46191,Uzbekistan vs Colombia,Uzbekistan vs Colombia,Uzbekistan,Colombia,Tie,1,1,Ryan Gatt,Spain,18/06/2026_Uzbekistan vs Colombia,18/06/2026_Uzbekistan vs Colombia_Ryan Gatt,OK,OK,OK,OK,OK,1,3,0,0,0
,21df9be0-5108-4afd-b81a-a2747ad448ab,46191,Czechia vs South Africa,Czechia vs South Africa,Czechia,South Africa,Czechia,2,0,Ryan Gatt,Spain,18/06/2026_Czechia vs South Africa,18/06/2026_Czechia vs South Africa_Ryan Gatt,OK,OK,OK,OK,OK,1,1,0,0,0
,7ab69e84-9309-4bb3-a143-bc6fcc859c61,46191,Switzerland vs Bosnia-Herzegovina,Switzerland vs Bosnia-Herzegovina,Switzerland,Bosnia-Herzegovina,Switzerland,2,1,Ryan Gatt,Spain,18/06/2026_Switzerland vs Bosnia-Herzegovina,18/06/2026_Switzerland vs Bosnia-Herzegovina_Ryan Gatt,OK,OK,OK,OK,OK,4,1,3,0,3
,a2dfee5a-a01c-4452-9522-e10f2678f9d6,46192,Canada vs Qatar,Canada vs Qatar,Canada,Qatar,Canada,2,1,Ryan Gatt,Spain,19/06/2026_Canada vs Qatar,19/06/2026_Canada vs Qatar_Ryan Gatt,OK,OK,OK,OK,OK,6,0,3,0,3
,2dd0450b-4565-4e8e-88ce-9da724c70194,46192,Mexico vs South Korea,Mexico vs South Korea,Mexico,South Korea,Mexico,2,1,Ryan Gatt,Spain,19/06/2026_Mexico vs South Korea,19/06/2026_Mexico vs South Korea_Ryan Gatt,OK,OK,OK,OK,OK,1,0,3,0,3
,43740b50-254b-45d8-a272-ceadd01e83a9,46192,United States vs Australia,United States vs Australia,United States,Australia,United States,2,1,Ryan Gatt,Spain,19/06/2026_United States vs Australia,19/06/2026_United States vs Australia_Ryan Gatt,OK,OK,OK,OK,OK,2,0,3,0,3
,20b16b7b-d88a-4502-9dc6-afb7d8501ce4,46193,Scotland vs Morocco,Scotland vs Morocco,Scotland,Morocco,Morocco,2,3,Ryan Gatt,Spain,20/06/2026_Scotland vs Morocco,20/06/2026_Scotland vs Morocco_Ryan Gatt,OK,OK,OK,OK,OK,0,1,3,0,3
,6af51749-15c9-4bf2-bd7a-fbd0e09be370,46193,Brazil vs Haiti,Brazil vs Haiti,Brazil,Haiti,Brazil,4,0,Ryan Gatt,Spain,20/06/2026_Brazil vs Haiti,20/06/2026_Brazil vs Haiti_Ryan Gatt,OK,OK,OK,OK,OK,3,0,3,0,3
,93bb6eab-be42-4e8e-8a76-655218ac90ea,46193,Turkey vs Paraguay,Turkey vs Paraguay,Turkey,Paraguay,Turkey,1,0,Ryan Gatt,Spain,20/06/2026_Turkey vs Paraguay,20/06/2026_Turkey vs Paraguay_Ryan Gatt,OK,OK,OK,OK,OK,0,1,0,0,0
,b3ff8ede-dedb-4294-acc7-71e3268d621b,46193,Netherlands vs Sweden,Netherlands vs Sweden,Netherlands,Sweden,Tie,2,2,Ryan Gatt,Spain,20/06/2026_Netherlands vs Sweden,20/06/2026_Netherlands vs Sweden_Ryan Gatt,OK,OK,OK,OK,OK,5,1,0,0,0
,324bdbc3-7e7f-4104-99c3-ecdf9f4f959b,46193,Germany vs Ivory Coast,Germany vs Ivory Coast,Germany,Ivory Coast,Germany,2,0,Ryan Gatt,Spain,20/06/2026_Germany vs Ivory Coast,20/06/2026_Germany vs Ivory Coast_Ryan Gatt,OK,OK,OK,OK,OK,2,1,3,0,3
,41672842-7b16-4a30-b957-7d7eccdf5b55,46194,Ecuador vs Curaçao,Ecuador vs Curaçao,Ecuador,Curaçao,Ecuador,2,0,Ryan Gatt,Spain,21/06/2026_Ecuador vs Curaçao,21/06/2026_Ecuador vs Curaçao_Ryan Gatt,OK,OK,OK,OK,OK,0,0,0,0,0
,03366951-f885-450b-b134-7bc88af3fb44,46194,Tunisia vs Japan,Tunisia vs Japan,Tunisia,Japan,Japan,0,2,Ryan Gatt,Spain,21/06/2026_Tunisia vs Japan,21/06/2026_Tunisia vs Japan_Ryan Gatt,OK,OK,OK,OK,OK,0,4,3,0,3
,d64a9a29-c4a7-4eec-8f78-a121fe25db67,46194,Spain vs Saudi Arabia,Spain vs Saudi Arabia,Spain,Saudi Arabia,Spain,3,0,Ryan Gatt,Spain,21/06/2026_Spain vs Saudi Arabia,21/06/2026_Spain vs Saudi Arabia_Ryan Gatt,OK,OK,OK,OK,OK,4,0,3,0,3
,5d6d9880-af4a-4f3f-96c1-7bf16ae7d92f,46194,Belgium vs Iran,Belgium vs Iran,Belgium,Iran,Belgium,1,0,Ryan Gatt,Spain,21/06/2026_Belgium vs Iran,21/06/2026_Belgium vs Iran_Ryan Gatt,OK,OK,OK,OK,OK,0,0,0,0,0
,dded6a82-9b86-47cf-a88d-78de1871cfba,46195,Uruguay vs Cape Verde Islands,Uruguay vs Cape Verde Islands,Uruguay,Cape Verde Islands,Uruguay,3,0,Ryan Gatt,Spain,22/06/2026_Uruguay vs Cape Verde Islands,22/06/2026_Uruguay vs Cape Verde Islands_Ryan Gatt,OK,OK,OK,OK,OK,2,2,0,0,0
,68efef23-912d-4d92-b9f3-ca3506e245b4,46195,New Zealand vs Egypt,New Zealand vs Egypt,New Zealand,Egypt,Egypt,0,2,Ryan Gatt,Spain,22/06/2026_New Zealand vs Egypt,22/06/2026_New Zealand vs Egypt_Ryan Gatt,OK,OK,OK,OK,OK,1,3,3,0,3
,237892b9-c86b-4c6e-8f02-19957d529400,46195,Argentina vs Austria,Argentina vs Austria,Argentina,Austria,Argentina,2,0,Ryan Gatt,Spain,22/06/2026_Argentina vs Austria,22/06/2026_Argentina vs Austria_Ryan Gatt,OK,OK,OK,OK,OK,2,0,3,5,8
,00e97be8-cf6f-49cd-ae5d-f4ac94b0c11f,46195,France vs Iraq,France vs Iraq,France,Iraq,France,3,0,Ryan Gatt,Spain,22/06/2026_France vs Iraq,22/06/2026_France vs Iraq_Ryan Gatt,OK,OK,OK,OK,OK,3,0,3,5,8
,d229463f-1cef-45fb-99a4-a59a61608f29,46196,Norway vs Senegal,Norway vs Senegal,Norway,Senegal,Norway,1,0,Ryan Gatt,Spain,23/06/2026_Norway vs Senegal,23/06/2026_Norway vs Senegal_Ryan Gatt,OK,OK,OK,OK,OK,3,2,3,0,3
,58985c1a-e489-46c9-a5ad-9d9488a0b0ae,46196,Jordan vs Algeria,Jordan vs Algeria,Jordan,Algeria,Algeria,0,1,Ryan Gatt,Spain,23/06/2026_Jordan vs Algeria,23/06/2026_Jordan vs Algeria_Ryan Gatt,OK,OK,OK,OK,OK,1,2,3,0,3
,38709b35-e685-4835-8f26-87bd0981e025,46196,Portugal vs Uzbekistan,Portugal vs Uzbekistan,Portugal,Uzbekistan,Portugal,2,0,Ryan Gatt,Spain,23/06/2026_Portugal vs Uzbekistan,23/06/2026_Portugal vs Uzbekistan_Ryan Gatt,OK,OK,OK,OK,OK,5,0,3,0,3
,bbe234b0-b0b3-4ac9-a3c0-bc3ecfdbd3db,46196,England vs Ghana,England vs Ghana,England,Ghana,England,2,1,Ryan Gatt,Spain,23/06/2026_England vs Ghana,23/06/2026_England vs Ghana_Ryan Gatt,OK,OK,OK,OK,OK,0,0,0,0,0
,9a60ded3-f561-4e06-a996-48703f203f74,46197,Panama vs Croatia,Panama vs Croatia,Panama,Croatia,Croatia,0,3,Ryan Gatt,Spain,24/06/2026_Panama vs Croatia,24/06/2026_Panama vs Croatia_Ryan Gatt,OK,OK,OK,OK,OK,0,1,3,0,3
,616ef589-0745-4e2e-8a16-b32433c181da,46197,Colombia vs Congo DR,Colombia vs Congo DR,Colombia,Congo DR,Colombia,1,0,Ryan Gatt,Spain,24/06/2026_Colombia vs Congo DR,24/06/2026_Colombia vs Congo DR_Ryan Gatt,OK,OK,OK,OK,OK,1,0,3,5,8
,4bed216b-87fd-470f-9b88-0627d0350929,46197,Switzerland vs Canada,Switzerland vs Canada,Switzerland,Canada,Switzerland,2,1,Ryan Gatt,Spain,24/06/2026_Switzerland vs Canada,24/06/2026_Switzerland vs Canada_Ryan Gatt,OK,OK,OK,OK,OK,2,1,3,5,8
,bd00997e-59ff-4391-9bcf-604e6a7e9320,46197,Bosnia-Herzegovina vs Qatar,Bosnia-Herzegovina vs Qatar,Bosnia-Herzegovina,Qatar,Qatar,1,2,Ryan Gatt,Spain,24/06/2026_Bosnia-Herzegovina vs Qatar,24/06/2026_Bosnia-Herzegovina vs Qatar_Ryan Gatt,OK,OK,OK,OK,OK,3,1,0,0,0
,506de7d1-de76-4a29-a7b8-26bdbd3ca1f0,46198,Morocco vs Haiti,Morocco vs Haiti,Morocco,Haiti,Morocco,2,0,Ryan Gatt,Spain,25/06/2026_Morocco vs Haiti,25/06/2026_Morocco vs Haiti_Ryan Gatt,OK,OK,OK,OK,OK,4,2,3,0,3
,aab0fe4b-4d7b-402b-91c8-e6c4057b132a,46198,Scotland vs Brazil,Scotland vs Brazil,Scotland,Brazil,Brazil,0,1,Ryan Gatt,Spain,25/06/2026_Scotland vs Brazil,25/06/2026_Scotland vs Brazil_Ryan Gatt,OK,OK,OK,OK,OK,0,3,3,0,3
,65ab255c-19d0-48aa-91c7-1c93d03bcd33,46198,South Africa vs South Korea,South Africa vs South Korea,South Africa,South Korea,South Korea,0,1,Ryan Gatt,Spain,25/06/2026_South Africa vs South Korea,25/06/2026_South Africa vs South Korea_Ryan Gatt,OK,OK,OK,OK,OK,1,0,0,0,0
,e3a2ce59-15fc-4d7e-966c-c0a447b1ee40,46198,Czechia vs Mexico,Czechia vs Mexico,Czechia,Mexico,Mexico,1,2,Ryan Gatt,Spain,25/06/2026_Czechia vs Mexico,25/06/2026_Czechia vs Mexico_Ryan Gatt,OK,OK,OK,OK,OK,0,3,3,0,3
,cbfb1c7d-3f40-41d2-b87c-1f4ef07b2de5,46198,Curaçao vs Ivory Coast,Curaçao vs Ivory Coast,Curaçao,Ivory Coast,Tie,1,1,Ryan Gatt,Spain,25/06/2026_Curaçao vs Ivory Coast,25/06/2026_Curaçao vs Ivory Coast_Ryan Gatt,OK,OK,OK,OK,OK,0,2,0,0,0
,5a065eb5-bccf-4e0a-88dd-5bbae13e1c6a,46198,Ecuador vs Germany,Ecuador vs Germany,Ecuador,Germany,Germany,0,2,Ryan Gatt,Spain,25/06/2026_Ecuador vs Germany,25/06/2026_Ecuador vs Germany_Ryan Gatt,OK,OK,OK,OK,OK,2,1,0,0,0
,44fa37c8-9329-4821-a12d-516d1a9547ca,46199,Tunisia vs Netherlands,Tunisia vs Netherlands,Tunisia,Netherlands,Tie,2,2,Ryan Gatt,Spain,26/06/2026_Tunisia vs Netherlands,26/06/2026_Tunisia vs Netherlands_Ryan Gatt,OK,OK,OK,OK,OK,1,3,0,0,0
,bec540ff-c128-4586-ab70-c1162e5253f6,46199,Japan vs Sweden,Japan vs Sweden,Japan,Sweden,Sweden,1,2,Ryan Gatt,Spain,26/06/2026_Japan vs Sweden,26/06/2026_Japan vs Sweden_Ryan Gatt,OK,OK,OK,OK,OK,1,1,0,0,0
,58bd5218-bdda-4bfc-9534-7ad52a913825,46199,Turkey vs United States,Turkey vs United States,Turkey,United States,United States,1,2,Ryan Gatt,Spain,26/06/2026_Turkey vs United States,26/06/2026_Turkey vs United States_Ryan Gatt,OK,OK,OK,OK,OK,3,2,0,0,0
,55faa51f-aab8-4334-b920-1908147bc031,46199,Paraguay vs Australia,Paraguay vs Australia,Paraguay,Australia,Australia,1,2,Ryan Gatt,Spain,26/06/2026_Paraguay vs Australia,26/06/2026_Paraguay vs Australia_Ryan Gatt,OK,OK,OK,OK,OK,0,0,0,0,0
,a0fe1b80-7d4c-42f1-93a4-c2d60b8bfee6,46199,Norway vs France,Norway vs France,Norway,France,France,0,3,Ryan Gatt,Spain,26/06/2026_Norway vs France,26/06/2026_Norway vs France_Ryan Gatt,OK,OK,OK,OK,OK,1,4,3,0,3
,080153d7-9504-44ed-8566-8ccdbadeec30,46199,Senegal vs Iraq,Senegal vs Iraq,Senegal,Iraq,Iraq,0,1,Ryan Gatt,Spain,26/06/2026_Senegal vs Iraq,26/06/2026_Senegal vs Iraq_Ryan Gatt,OK,OK,OK,OK,OK,5,0,0,0,0
,4bf7860a-2b25-4bb8-b477-976b960c6266,46200,Cape Verde Islands vs Saudi Arabia,Cape Verde Islands vs Saudi Arabia,Cape Verde Islands,Saudi Arabia,Saudi Arabia,0,2,Ryan Gatt,Spain,27/06/2026_Cape Verde Islands vs Saudi Arabia,27/06/2026_Cape Verde Islands vs Saudi Arabia_Ryan Gatt,OK,OK,OK,OK,OK,0,0,0,0,0
,5790453e-d1ca-4182-91dd-dba3de7536fd,46200,Uruguay vs Spain,Uruguay vs Spain,Uruguay,Spain,Spain,2,3,Ryan Gatt,Spain,27/06/2026_Uruguay vs Spain,27/06/2026_Uruguay vs Spain_Ryan Gatt,OK,OK,OK,OK,OK,0,1,3,0,3
,b4899eb7-1697-4e11-bec8-cb43bc9e9ec6,46200,New Zealand vs Belgium,New Zealand vs Belgium,New Zealand,Belgium,Tie,2,2,Ryan Gatt,Spain,27/06/2026_New Zealand vs Belgium,27/06/2026_New Zealand vs Belgium_Ryan Gatt,OK,OK,OK,OK,OK,1,5,0,0,0
,30a73111-e395-441b-bf18-ca903e61999f,46200,Egypt vs Iran,Egypt vs Iran,Egypt,Iran,Egypt,3,0,Ryan Gatt,Spain,27/06/2026_Egypt vs Iran,27/06/2026_Egypt vs Iran_Ryan Gatt,OK,OK,OK,OK,OK,1,1,0,0,0
,5bbaf40d-8df6-40ef-922b-8b8119d7b153,46200,Panama vs England,Panama vs England,Panama,England,England,0,3,Ryan Gatt,Spain,27/06/2026_Panama vs England,27/06/2026_Panama vs England_Ryan Gatt,OK,OK,OK,OK,OK,0,2,3,0,3
,7d87ac31-50b9-4097-b598-68c33380d0d7,46200,Croatia vs Ghana,Croatia vs Ghana,Croatia,Ghana,Croatia,2,1,Ryan Gatt,Spain,27/06/2026_Croatia vs Ghana,27/06/2026_Croatia vs Ghana_Ryan Gatt,OK,OK,OK,OK,OK,2,1,3,5,8
,80ebe778-65ea-47b7-8b79-50faecbe6108,46201,Colombia vs Portugal,Colombia vs Portugal,Colombia,Portugal,Portugal,1,3,Ryan Gatt,Spain,28/06/2026_Colombia vs Portugal,28/06/2026_Colombia vs Portugal_Ryan Gatt,OK,OK,OK,OK,OK,0,0,0,0,0
,99610eb4-7e80-4116-9368-f28b66cca883,46201,Congo DR vs Uzbekistan,Congo DR vs Uzbekistan,Congo DR,Uzbekistan,Tie,0,0,Ryan Gatt,Spain,28/06/2026_Congo DR vs Uzbekistan,28/06/2026_Congo DR vs Uzbekistan_Ryan Gatt,OK,OK,OK,OK,OK,3,1,0,0,0
,b4fa4aea-75a5-42a3-813d-9ac4d868aa9a,46201,Algeria vs Austria,Algeria vs Austria,Algeria,Austria,Austria,0,1,Ryan Gatt,Spain,28/06/2026_Algeria vs Austria,28/06/2026_Algeria vs Austria_Ryan Gatt,OK,OK,OK,OK,OK,3,3,0,0,0
,e52949d1-54dc-4d12-966a-efb33c0cbbf8,46201,Jordan vs Argentina,Jordan vs Argentina,Jordan,Argentina,Argentina,0,4,Ryan Gatt,Spain,28/06/2026_Jordan vs Argentina,28/06/2026_Jordan vs Argentina_Ryan Gatt,OK,OK,OK,OK,OK,1,3,3,0,3
,63be0956-5df8-47ce-9096-c4caca76f016,46184,Mexico vs South Africa,Mexico vs South Africa,Mexico,South Africa,Mexico,2,0,Maria Attard,Argentina,11/06/2026_Mexico vs South Africa,11/06/2026_Mexico vs South Africa_Maria Attard,OK,OK,OK,OK,OK,2,0,3,5,8
,1ddeb78d-a06f-4d79-b0b2-db7e952b5191,46185,South Korea vs Czechia,South Korea vs Czechia,South Korea,Czechia,Tie,1,1,Maria Attard,Argentina,12/06/2026_South Korea vs Czechia,12/06/2026_South Korea vs Czechia_Maria Attard,OK,OK,OK,OK,OK,2,1,0,0,0
,ffd316de-00b0-4e00-8843-a1ceb781f1cf,46185,Canada vs Bosnia-Herzegovina,Canada vs Bosnia-Herzegovina,Canada,Bosnia-Herzegovina,Canada,2,1,Maria Attard,Argentina,12/06/2026_Canada vs Bosnia-Herzegovina,12/06/2026_Canada vs Bosnia-Herzegovina_Maria Attard,OK,OK,OK,OK,OK,1,1,0,0,0
,ca414b41-9afe-4d86-b1a3-88d341220918,46186,United States vs Paraguay,United States vs Paraguay,United States,Paraguay,United States,2,1,Maria Attard,Argentina,13/06/2026_United States vs Paraguay,13/06/2026_United States vs Paraguay_Maria Attard,OK,OK,OK,OK,OK,4,1,3,0,3
,fff508c0-8d1e-4739-aa7b-92b12954f4a0,46186,Qatar vs Switzerland,Qatar vs Switzerland,Qatar,Switzerland,Switzerland,0,2,Maria Attard,Argentina,13/06/2026_Qatar vs Switzerland,13/06/2026_Qatar vs Switzerland_Maria Attard,OK,OK,OK,OK,OK,1,1,0,0,0
,d28e2246-ad4d-419f-8108-1510d848fc1e,46187,Brazil vs Morocco,Brazil vs Morocco,Brazil,Morocco,Brazil,2,1,Maria Attard,Argentina,14/06/2026_Brazil vs Morocco,14/06/2026_Brazil vs Morocco_Maria Attard,OK,OK,OK,OK,OK,1,1,0,0,0
,ef56f1aa-d37c-45de-96e5-f030c0ef8fb1,46187,Haiti vs Scotland,Haiti vs Scotland,Haiti,Scotland,Scotland,0,2,Maria Attard,Argentina,14/06/2026_Haiti vs Scotland,14/06/2026_Haiti vs Scotland_Maria Attard,OK,OK,OK,OK,OK,0,1,3,0,3
,fa7f267a-6c0c-47c5-bb56-32af3d75daf5,46187,Australia vs Turkey,Australia vs Turkey,Australia,Turkey,Tie,1,1,Maria Attard,Argentina,14/06/2026_Australia vs Turkey,14/06/2026_Australia vs Turkey_Maria Attard,OK,OK,OK,OK,OK,2,0,0,0,0
,c8f8220b-3b40-4ac6-8514-716d392ef675,46187,Germany vs Curaçao,Germany vs Curaçao,Germany,Curaçao,Germany,4,0,Maria Attard,Argentina,14/06/2026_Germany vs Curaçao,14/06/2026_Germany vs Curaçao_Maria Attard,OK,OK,OK,OK,OK,7,1,3,0,3
,3b35348b-e5e7-40c4-8a9b-16f7314726ab,46187,Netherlands vs Japan,Netherlands vs Japan,Netherlands,Japan,Netherlands,2,1,Maria Attard,Argentina,14/06/2026_Netherlands vs Japan,14/06/2026_Netherlands vs Japan_Maria Attard,OK,OK,OK,OK,OK,2,2,0,0,0
,aa7b3f22-ff06-41e9-97d0-7908536b4315,46188,Ivory Coast vs Ecuador,Ivory Coast vs Ecuador,Ivory Coast,Ecuador,Tie,1,1,Maria Attard,Argentina,15/06/2026_Ivory Coast vs Ecuador,15/06/2026_Ivory Coast vs Ecuador_Maria Attard,OK,OK,OK,OK,OK,1,0,0,0,0
,590829ab-2239-4bc0-9506-c2c30f9b74f5,46188,Sweden vs Tunisia,Sweden vs Tunisia,Sweden,Tunisia,Sweden,1,0,Maria Attard,Argentina,15/06/2026_Sweden vs Tunisia,15/06/2026_Sweden vs Tunisia_Maria Attard,OK,OK,OK,OK,OK,5,1,3,0,3
,e9a8efe2-f472-4061-be6f-4869f63d1553,46188,Belgium vs Egypt,Belgium vs Egypt,Belgium,Egypt,Belgium,3,1,Maria Attard,Argentina,15/06/2026_Belgium vs Egypt,15/06/2026_Belgium vs Egypt_Maria Attard,OK,OK,OK,OK,OK,1,1,0,0,0
,35144cf3-1643-46c6-8761-f8688bffdb58,46188,Spain vs Cape Verde Islands,Spain vs Cape Verde Islands,Spain,Cape Verde Islands,Spain,3,0,Maria Attard,Argentina,15/06/2026_Spain vs Cape Verde Islands,15/06/2026_Spain vs Cape Verde Islands_Maria Attard,OK,OK,OK,OK,OK,0,0,0,0,0
,1ab3f374-3dd6-40fa-a5f1-ba2d5c440d9b,46189,Saudi Arabia vs Uruguay,Saudi Arabia vs Uruguay,Saudi Arabia,Uruguay,Uruguay,0,2,Maria Attard,Argentina,16/06/2026_Saudi Arabia vs Uruguay,16/06/2026_Saudi Arabia vs Uruguay_Maria Attard,OK,OK,OK,OK,OK,1,1,0,0,0
,0fcfdffa-0571-4e30-985b-e9287a1b5d58,46189,Iran vs New Zealand,Iran vs New Zealand,Iran,New Zealand,Iran,2,1,Maria Attard,Argentina,16/06/2026_Iran vs New Zealand,16/06/2026_Iran vs New Zealand_Maria Attard,OK,OK,OK,OK,OK,2,2,0,0,0
,5e951479-8011-477c-b6a7-6a01a028d398,46189,France vs Senegal,France vs Senegal,France,Senegal,France,2,1,Maria Attard,Argentina,16/06/2026_France vs Senegal,16/06/2026_France vs Senegal_Maria Attard,OK,OK,OK,OK,OK,3,1,3,0,3
,409ad8b8-1187-4f40-8b30-fe5d34b8efca,46190,Iraq vs Norway,Iraq vs Norway,Iraq,Norway,Norway,0,2,Maria Attard,Argentina,17/06/2026_Iraq vs Norway,17/06/2026_Iraq vs Norway_Maria Attard,OK,OK,OK,OK,OK,1,4,3,0,3
,4d2e95df-fd43-4c63-9adf-22271c72cc42,46190,Argentina vs Algeria,Argentina vs Algeria,Argentina,Algeria,Argentina,3,0,Maria Attard,Argentina,17/06/2026_Argentina vs Algeria,17/06/2026_Argentina vs Algeria_Maria Attard,OK,OK,OK,OK,OK,3,0,3,5,8
,c67bb926-2771-453d-9118-174fba35435d,46190,Austria vs Jordan,Austria vs Jordan,Austria,Jordan,Austria,2,0,Maria Attard,Argentina,17/06/2026_Austria vs Jordan,17/06/2026_Austria vs Jordan_Maria Attard,OK,OK,OK,OK,OK,3,1,3,0,3
,a9f44f32-1cab-45a6-8e93-2e9640f55733,46190,Portugal vs Congo DR,Portugal vs Congo DR,Portugal,Congo DR,Portugal,3,0,Maria Attard,Argentina,17/06/2026_Portugal vs Congo DR,17/06/2026_Portugal vs Congo DR_Maria Attard,OK,OK,OK,OK,OK,1,1,0,0,0
,283889e9-e7f7-4271-bfd4-2f6164cd1e10,46190,England vs Croatia,England vs Croatia,England,Croatia,England,2,1,Maria Attard,Argentina,17/06/2026_England vs Croatia,17/06/2026_England vs Croatia_Maria Attard,OK,OK,OK,OK,OK,4,2,3,0,3
,c0aca677-ec6c-4f0f-9944-81d93d78cbd4,46191,Ghana vs Panama,Ghana vs Panama,Ghana,Panama,Ghana,2,1,Maria Attard,Argentina,18/06/2026_Ghana vs Panama,18/06/2026_Ghana vs Panama_Maria Attard,OK,OK,OK,OK,OK,1,0,3,0,3
,c1284e33-45ef-4d58-a442-7f559b305f60,46191,Uzbekistan vs Colombia,Uzbekistan vs Colombia,Uzbekistan,Colombia,Colombia,1,2,Maria Attard,Argentina,18/06/2026_Uzbekistan vs Colombia,18/06/2026_Uzbekistan vs Colombia_Maria Attard,OK,OK,OK,OK,OK,1,3,3,0,3
,8b6db5fa-6a10-4cf3-bee6-4e696c29e17a,46191,Czechia vs South Africa,Czechia vs South Africa,Czechia,South Africa,Czechia,2,0,Maria Attard,Argentina,18/06/2026_Czechia vs South Africa,18/06/2026_Czechia vs South Africa_Maria Attard,OK,OK,OK,OK,OK,1,1,0,0,0
,024f133e-72b9-49f2-979b-21dbee28e3c0,46191,Switzerland vs Bosnia-Herzegovina,Switzerland vs Bosnia-Herzegovina,Switzerland,Bosnia-Herzegovina,Switzerland,2,1,Maria Attard,Argentina,18/06/2026_Switzerland vs Bosnia-Herzegovina,18/06/2026_Switzerland vs Bosnia-Herzegovina_Maria Attard,OK,OK,OK,OK,OK,4,1,3,0,3
,e1158b62-3c49-4602-9629-2ee16d999671,46192,Canada vs Qatar,Canada vs Qatar,Canada,Qatar,Canada,2,0,Maria Attard,Argentina,19/06/2026_Canada vs Qatar,19/06/2026_Canada vs Qatar_Maria Attard,OK,OK,OK,OK,OK,6,0,3,0,3
,cb20637a-4cd2-496b-9325-a4d42341dfdb,46192,Mexico vs South Korea,Mexico vs South Korea,Mexico,South Korea,Mexico,2,1,Maria Attard,Argentina,19/06/2026_Mexico vs South Korea,19/06/2026_Mexico vs South Korea_Maria Attard,OK,OK,OK,OK,OK,1,0,3,0,3
,1c237dfc-3700-4ee0-8112-a0c6efbabcf1,46192,United States vs Australia,United States vs Australia,United States,Australia,United States,2,1,Maria Attard,Argentina,19/06/2026_United States vs Australia,19/06/2026_United States vs Australia_Maria Attard,OK,OK,OK,OK,OK,2,0,3,0,3
,672ae6c5-baf4-4344-9980-a73e8d0ce1eb,46193,Scotland vs Morocco,Scotland vs Morocco,Scotland,Morocco,Morocco,1,2,Maria Attard,Argentina,20/06/2026_Scotland vs Morocco,20/06/2026_Scotland vs Morocco_Maria Attard,OK,OK,OK,OK,OK,0,1,3,0,3
,4647d7e0-ae21-4acc-bd15-d391560e35c0,46193,Brazil vs Haiti,Brazil vs Haiti,Brazil,Haiti,Brazil,4,0,Maria Attard,Argentina,20/06/2026_Brazil vs Haiti,20/06/2026_Brazil vs Haiti_Maria Attard,OK,OK,OK,OK,OK,3,0,3,0,3
,b784eff9-7907-44cb-b182-1f0cb7dbbbe1,46193,Turkey vs Paraguay,Turkey vs Paraguay,Turkey,Paraguay,Turkey,2,1,Maria Attard,Argentina,20/06/2026_Turkey vs Paraguay,20/06/2026_Turkey vs Paraguay_Maria Attard,OK,OK,OK,OK,OK,0,1,0,0,0
,813a4a8b-f5e0-4900-8fce-e1ae28975b76,46193,Netherlands vs Sweden,Netherlands vs Sweden,Netherlands,Sweden,Netherlands,2,0,Maria Attard,Argentina,20/06/2026_Netherlands vs Sweden,20/06/2026_Netherlands vs Sweden_Maria Attard,OK,OK,OK,OK,OK,5,1,3,0,3
,8c79d03f-7b16-436e-beec-7f9d818ba78a,46193,Germany vs Ivory Coast,Germany vs Ivory Coast,Germany,Ivory Coast,Germany,2,1,Maria Attard,Argentina,20/06/2026_Germany vs Ivory Coast,20/06/2026_Germany vs Ivory Coast_Maria Attard,OK,OK,OK,OK,OK,2,1,3,5,8
,1fe11a26-fc4e-49ed-8fb1-e834b1015b13,46194,Ecuador vs Curaçao,Ecuador vs Curaçao,Ecuador,Curaçao,Ecuador,2,0,Maria Attard,Argentina,21/06/2026_Ecuador vs Curaçao,21/06/2026_Ecuador vs Curaçao_Maria Attard,OK,OK,OK,OK,OK,0,0,0,0,0
,29f84f20-babe-4a19-b553-8d62b0a965de,46194,Tunisia vs Japan,Tunisia vs Japan,Tunisia,Japan,Japan,0,1,Maria Attard,Argentina,21/06/2026_Tunisia vs Japan,21/06/2026_Tunisia vs Japan_Maria Attard,OK,OK,OK,OK,OK,0,4,3,0,3
,dadc656b-a341-49ec-a5fe-aa25c7c5bdc5,46194,Spain vs Saudi Arabia,Spain vs Saudi Arabia,Spain,Saudi Arabia,Spain,3,,Maria Attard,Argentina,21/06/2026_Spain vs Saudi Arabia,21/06/2026_Spain vs Saudi Arabia_Maria Attard,OK,OK,OK,OK,OK,4,0,0,0,0
,23a3b2e7-2d4d-45a3-9aa1-24552458291e,46194,Belgium vs Iran,Belgium vs Iran,Belgium,Iran,Belgium,2,1,Maria Attard,Argentina,21/06/2026_Belgium vs Iran,21/06/2026_Belgium vs Iran_Maria Attard,OK,OK,OK,OK,OK,0,0,0,0,0
,c4d00d8c-e850-470e-923e-9948321e14fb,46195,Uruguay vs Cape Verde Islands,Uruguay vs Cape Verde Islands,Uruguay,Cape Verde Islands,Uruguay,2,0,Maria Attard,Argentina,22/06/2026_Uruguay vs Cape Verde Islands,22/06/2026_Uruguay vs Cape Verde Islands_Maria Attard,OK,OK,OK,OK,OK,2,2,0,0,0
,18cce31c-6984-449a-a336-7be8e8efc90d,46195,New Zealand vs Egypt,New Zealand vs Egypt,New Zealand,Egypt,Egypt,1,2,Maria Attard,Argentina,22/06/2026_New Zealand vs Egypt,22/06/2026_New Zealand vs Egypt_Maria Attard,OK,OK,OK,OK,OK,1,3,3,0,3
,70afd119-47e6-4584-b642-94d4e311ec29,46195,Argentina vs Austria,Argentina vs Austria,Argentina,Austria,Argentina,2,1,Maria Attard,Argentina,22/06/2026_Argentina vs Austria,22/06/2026_Argentina vs Austria_Maria Attard,OK,OK,OK,OK,OK,2,0,3,0,3
,f32b3cfb-b09c-4a0b-ac7a-5e94584f96d5,46195,France vs Iraq,France vs Iraq,France,Iraq,France,3,0,Maria Attard,Argentina,22/06/2026_France vs Iraq,22/06/2026_France vs Iraq_Maria Attard,OK,OK,OK,OK,OK,3,0,3,5,8
,6ebf4061-509e-483a-84a0-85047d575cb6,46196,Norway vs Senegal,Norway vs Senegal,Norway,Senegal,Tie,1,1,Maria Attard,Argentina,23/06/2026_Norway vs Senegal,23/06/2026_Norway vs Senegal_Maria Attard,OK,OK,OK,OK,OK,3,2,0,0,0
,cfbb7999-2819-4de3-9c2a-ed67967964ae,46196,Jordan vs Algeria,Jordan vs Algeria,Jordan,Algeria,Algeria,0,2,Maria Attard,Argentina,23/06/2026_Jordan vs Algeria,23/06/2026_Jordan vs Algeria_Maria Attard,OK,OK,OK,OK,OK,1,2,3,0,3
,b9e6f597-2ac6-4449-8972-391b83210066,46196,Portugal vs Uzbekistan,Portugal vs Uzbekistan,Portugal,Uzbekistan,Portugal,2,0,Maria Attard,Argentina,23/06/2026_Portugal vs Uzbekistan,23/06/2026_Portugal vs Uzbekistan_Maria Attard,OK,OK,OK,OK,OK,5,0,3,0,3
,263c5e88-5c3b-4c04-a01b-2f10d992954b,46196,England vs Ghana,England vs Ghana,England,Ghana,England,2,1,Maria Attard,Argentina,23/06/2026_England vs Ghana,23/06/2026_England vs Ghana_Maria Attard,OK,OK,OK,OK,OK,0,0,0,0,0
,ca262bb8-ef26-428b-9629-2c127343fa19,46197,Panama vs Croatia,Panama vs Croatia,Panama,Croatia,Croatia,0,2,Maria Attard,Argentina,24/06/2026_Panama vs Croatia,24/06/2026_Panama vs Croatia_Maria Attard,OK,OK,OK,OK,OK,0,1,3,0,3
,b99ef741-6151-4e26-913b-fa54cab5deb6,46197,Colombia vs Congo DR,Colombia vs Congo DR,Colombia,Congo DR,Colombia,2,0,Maria Attard,Argentina,24/06/2026_Colombia vs Congo DR,24/06/2026_Colombia vs Congo DR_Maria Attard,OK,OK,OK,OK,OK,1,0,3,0,3
,ea93b6b8-b69c-47e3-934e-da0a9fd6c815,46197,Switzerland vs Canada,Switzerland vs Canada,Switzerland,Canada,Tie,1,1,Maria Attard,Argentina,24/06/2026_Switzerland vs Canada,24/06/2026_Switzerland vs Canada_Maria Attard,OK,OK,OK,OK,OK,2,1,0,0,0
,ac350919-6a22-4686-91cd-94d3d850fe4c,46197,Bosnia-Herzegovina vs Qatar,Bosnia-Herzegovina vs Qatar,Bosnia-Herzegovina,Qatar,Bosnia-Herzegovina,2,1,Maria Attard,Argentina,24/06/2026_Bosnia-Herzegovina vs Qatar,24/06/2026_Bosnia-Herzegovina vs Qatar_Maria Attard,OK,OK,OK,OK,OK,3,1,3,0,3
,e6357a88-1d6b-42b7-a131-8512f36bbbae,46198,Morocco vs Haiti,Morocco vs Haiti,Morocco,Haiti,Morocco,3,0,Maria Attard,Argentina,25/06/2026_Morocco vs Haiti,25/06/2026_Morocco vs Haiti_Maria Attard,OK,OK,OK,OK,OK,4,2,3,0,3
,b04b9ff1-2044-4f50-b95d-b9b127151cf6,46198,Scotland vs Brazil,Scotland vs Brazil,Scotland,Brazil,Brazil,0,2,Maria Attard,Argentina,25/06/2026_Scotland vs Brazil,25/06/2026_Scotland vs Brazil_Maria Attard,OK,OK,OK,OK,OK,0,3,3,0,3
,d7069220-8053-4f72-b4a3-7e5e87b1f7e3,46198,South Africa vs South Korea,South Africa vs South Korea,South Africa,South Korea,South Korea,1,2,Maria Attard,Argentina,25/06/2026_South Africa vs South Korea,25/06/2026_South Africa vs South Korea_Maria Attard,OK,OK,OK,OK,OK,1,0,0,0,0
,bb21c619-1e1a-4820-9f51-b69711821157,46198,Czechia vs Mexico,Czechia vs Mexico,Czechia,Mexico,Mexico,1,2,Maria Attard,Argentina,25/06/2026_Czechia vs Mexico,25/06/2026_Czechia vs Mexico_Maria Attard,OK,OK,OK,OK,OK,0,3,3,0,3
,f658f18b-6864-4a6a-bd26-dffaef205212,46198,Curaçao vs Ivory Coast,Curaçao vs Ivory Coast,Curaçao,Ivory Coast,Ivory Coast,0,2,Maria Attard,Argentina,25/06/2026_Curaçao vs Ivory Coast,25/06/2026_Curaçao vs Ivory Coast_Maria Attard,OK,OK,OK,OK,OK,0,2,3,5,8
,611e199d-e503-48b4-b2d3-b158fc52dc2b,46198,Ecuador vs Germany,Ecuador vs Germany,Ecuador,Germany,Germany,1,2,Maria Attard,Argentina,25/06/2026_Ecuador vs Germany,25/06/2026_Ecuador vs Germany_Maria Attard,OK,OK,OK,OK,OK,2,1,0,0,0
,7205fd2a-a9da-440d-b000-7773f088bd5b,46199,Tunisia vs Netherlands,Tunisia vs Netherlands,Tunisia,Netherlands,Netherlands,0,3,Maria Attard,Argentina,26/06/2026_Tunisia vs Netherlands,26/06/2026_Tunisia vs Netherlands_Maria Attard,OK,OK,OK,OK,OK,1,3,3,0,3
,3eacdc5e-1e96-4ecf-a6bd-bcffb96b671b,46199,Japan vs Sweden,Japan vs Sweden,Japan,Sweden,Tie,1,1,Maria Attard,Argentina,26/06/2026_Japan vs Sweden,26/06/2026_Japan vs Sweden_Maria Attard,OK,OK,OK,OK,OK,1,1,3,5,8
,e6642ef3-6de3-45f3-9526-e1f3da83a8ac,46199,Turkey vs United States,Turkey vs United States,Turkey,United States,Tie,1,1,Maria Attard,Argentina,26/06/2026_Turkey vs United States,26/06/2026_Turkey vs United States_Maria Attard,OK,OK,OK,OK,OK,3,2,0,0,0
,a5a4c011-ab69-4687-85f2-ec949bfe4023,46199,Paraguay vs Australia,Paraguay vs Australia,Paraguay,Australia,Australia,1,2,Maria Attard,Argentina,26/06/2026_Paraguay vs Australia,26/06/2026_Paraguay vs Australia_Maria Attard,OK,OK,OK,OK,OK,0,0,0,0,0
,9772221c-4514-47c9-a6ba-54926b8daa85,46199,Norway vs France,Norway vs France,Norway,France,France,1,2,Maria Attard,Argentina,26/06/2026_Norway vs France,26/06/2026_Norway vs France_Maria Attard,OK,OK,OK,OK,OK,1,4,3,0,3
,ad4b052c-7f5c-488d-9d1f-e4fe7ebf5bd5,46199,Senegal vs Iraq,Senegal vs Iraq,Senegal,Iraq,Senegal,2,0,Maria Attard,Argentina,26/06/2026_Senegal vs Iraq,26/06/2026_Senegal vs Iraq_Maria Attard,OK,OK,OK,OK,OK,5,0,3,0,3
,bc483238-2812-4936-bdd9-badb1ea175e0,46200,Cape Verde Islands vs Saudi Arabia,Cape Verde Islands vs Saudi Arabia,Cape Verde Islands,Saudi Arabia,Saudi Arabia,0,2,Maria Attard,Argentina,27/06/2026_Cape Verde Islands vs Saudi Arabia,27/06/2026_Cape Verde Islands vs Saudi Arabia_Maria Attard,OK,OK,OK,OK,OK,0,0,0,0,0
,77ff650f-fb1a-4139-bdf7-91edffd0e3bf,46200,Uruguay vs Spain,Uruguay vs Spain,Uruguay,Spain,Tie,1,1,Maria Attard,Argentina,27/06/2026_Uruguay vs Spain,27/06/2026_Uruguay vs Spain_Maria Attard,OK,OK,OK,OK,OK,0,1,0,0,0
,3c5644e0-d8cc-4b36-850a-95ba28671e66,46200,New Zealand vs Belgium,New Zealand vs Belgium,New Zealand,Belgium,Belgium,0,3,Maria Attard,Argentina,27/06/2026_New Zealand vs Belgium,27/06/2026_New Zealand vs Belgium_Maria Attard,OK,OK,OK,OK,OK,1,5,3,0,3
,fc21dfc3-7d2a-4339-8a5c-322a5554a98d,46200,Egypt vs Iran,Egypt vs Iran,Egypt,Iran,Tie,1,1,Maria Attard,Argentina,27/06/2026_Egypt vs Iran,27/06/2026_Egypt vs Iran_Maria Attard,OK,OK,OK,OK,OK,1,1,3,5,8
,21c8424d-a70e-4429-b924-8894615d3c99,46200,Panama vs England,Panama vs England,Panama,England,England,0,3,Maria Attard,Argentina,27/06/2026_Panama vs England,27/06/2026_Panama vs England_Maria Attard,OK,OK,OK,OK,OK,0,2,3,0,3
,c73443aa-7d64-449f-b278-d8d7b5356e66,46200,Croatia vs Ghana,Croatia vs Ghana,Croatia,Ghana,Tie,1,1,Maria Attard,Argentina,27/06/2026_Croatia vs Ghana,27/06/2026_Croatia vs Ghana_Maria Attard,OK,OK,OK,OK,OK,2,1,0,0,0
,c7cf2195-6a8f-4d11-a80a-b88e3697ce77,46201,Colombia vs Portugal,Colombia vs Portugal,Colombia,Portugal,Tie,1,1,Maria Attard,Argentina,28/06/2026_Colombia vs Portugal,28/06/2026_Colombia vs Portugal_Maria Attard,OK,OK,OK,OK,OK,0,0,3,0,3
,58d1c915-a1cc-44ea-bfab-c7b60735b305,46201,Congo DR vs Uzbekistan,Congo DR vs Uzbekistan,Congo DR,Uzbekistan,Tie,1,1,Maria Attard,Argentina,28/06/2026_Congo DR vs Uzbekistan,28/06/2026_Congo DR vs Uzbekistan_Maria Attard,OK,OK,OK,OK,OK,3,1,0,0,0
,153c57e7-5083-4bc0-9588-63ee6ba33a84,46201,Algeria vs Austria,Algeria vs Austria,Algeria,Austria,Tie,1,1,Maria Attard,Argentina,28/06/2026_Algeria vs Austria,28/06/2026_Algeria vs Austria_Maria Attard,OK,OK,OK,OK,OK,3,3,3,0,3
,9e2d12e6-fb27-42ec-b39f-68a3530e5ac8,46201,Jordan vs Argentina,Jordan vs Argentina,Jordan,Argentina,Argentina,0,4,Maria Attard,Argentina,28/06/2026_Jordan vs Argentina,28/06/2026_Jordan vs Argentina_Maria Attard,OK,OK,OK,OK,OK,1,3,3,0,3
,4c9fffb9-5761-4355-a800-0397c6024062,46184,Mexico vs South Africa,Mexico vs South Africa,Mexico,South Africa,Mexico,2,0,Roshan Mohnani,Brazil,11/06/2026_Mexico vs South Africa,11/06/2026_Mexico vs South Africa_Roshan Mohnani,OK,OK,OK,OK,OK,2,0,3,5,8
,6783095d-e3fd-4361-8175-03e8acdc5a2c,46185,South Korea vs Czechia,South Korea vs Czechia,South Korea,Czechia,Czechia,0,1,Roshan Mohnani,Brazil,12/06/2026_South Korea vs Czechia,12/06/2026_South Korea vs Czechia_Roshan Mohnani,OK,OK,OK,OK,OK,2,1,0,0,0
,0d7e87e6-cf34-494c-ab3a-6724311a97d0,46185,Canada vs Bosnia-Herzegovina,Canada vs Bosnia-Herzegovina,Canada,Bosnia-Herzegovina,Bosnia-Herzegovina,0,2,Roshan Mohnani,Brazil,12/06/2026_Canada vs Bosnia-Herzegovina,12/06/2026_Canada vs Bosnia-Herzegovina_Roshan Mohnani,OK,OK,OK,OK,OK,1,1,0,0,0
,e62ae3e7-79a1-442a-ba8e-a82e4305c779,46186,United States vs Paraguay,United States vs Paraguay,United States,Paraguay,United States,1,0,Roshan Mohnani,Brazil,13/06/2026_United States vs Paraguay,13/06/2026_United States vs Paraguay_Roshan Mohnani,OK,OK,OK,OK,OK,4,1,3,0,3
,6c49baca-e0ab-4da3-8241-4d09e478052a,46186,Qatar vs Switzerland,Qatar vs Switzerland,Qatar,Switzerland,Switzerland,0,2,Roshan Mohnani,Brazil,13/06/2026_Qatar vs Switzerland,13/06/2026_Qatar vs Switzerland_Roshan Mohnani,OK,OK,OK,OK,OK,1,1,0,0,0
,f7cfa908-fc8a-4fc4-870b-488709ea157b,46187,Brazil vs Morocco,Brazil vs Morocco,Brazil,Morocco,Brazil,3,1,Roshan Mohnani,Brazil,14/06/2026_Brazil vs Morocco,14/06/2026_Brazil vs Morocco_Roshan Mohnani,OK,OK,OK,OK,OK,1,1,0,0,0
,bc025155-02fe-47b5-a8db-d1373bab1d60,46187,Haiti vs Scotland,Haiti vs Scotland,Haiti,Scotland,Scotland,0,2,Roshan Mohnani,Brazil,14/06/2026_Haiti vs Scotland,14/06/2026_Haiti vs Scotland_Roshan Mohnani,OK,OK,OK,OK,OK,0,1,3,0,3
,f381976c-b7d6-4d89-baaa-a74c31c470e7,46187,Australia vs Turkey,Australia vs Turkey,Australia,Turkey,Turkey,1,2,Roshan Mohnani,Brazil,14/06/2026_Australia vs Turkey,14/06/2026_Australia vs Turkey_Roshan Mohnani,OK,OK,OK,OK,OK,2,0,0,0,0
,ee36c999-c2df-44e8-af75-33f28ffc46e6,46187,Germany vs Curaçao,Germany vs Curaçao,Germany,Curaçao,Germany,4,0,Roshan Mohnani,Brazil,14/06/2026_Germany vs Curaçao,14/06/2026_Germany vs Curaçao_Roshan Mohnani,OK,OK,OK,OK,OK,7,1,3,0,3
,50bb48c4-69c9-421c-a38e-3a0c55e07c89,46187,Netherlands vs Japan,Netherlands vs Japan,Netherlands,Japan,Netherlands,2,1,Roshan Mohnani,Brazil,14/06/2026_Netherlands vs Japan,14/06/2026_Netherlands vs Japan_Roshan Mohnani,OK,OK,OK,OK,OK,2,2,0,0,0
,df771915-6ad0-4cc6-8cc8-98183842b866,46188,Ivory Coast vs Ecuador,Ivory Coast vs Ecuador,Ivory Coast,Ecuador,Ivory Coast,1,0,Roshan Mohnani,Brazil,15/06/2026_Ivory Coast vs Ecuador,15/06/2026_Ivory Coast vs Ecuador_Roshan Mohnani,OK,OK,OK,OK,OK,1,0,3,5,8
,ab784a57-46cb-44d0-b814-09b87f85b706,46188,Sweden vs Tunisia,Sweden vs Tunisia,Sweden,Tunisia,Sweden,2,0,Roshan Mohnani,Brazil,15/06/2026_Sweden vs Tunisia,15/06/2026_Sweden vs Tunisia_Roshan Mohnani,OK,OK,OK,OK,OK,5,1,3,0,3
,1c4859e2-fd3e-4a2d-a1d4-dc467df8ccdb,46188,Belgium vs Egypt,Belgium vs Egypt,Belgium,Egypt,Belgium,2,0,Roshan Mohnani,Brazil,15/06/2026_Belgium vs Egypt,15/06/2026_Belgium vs Egypt_Roshan Mohnani,OK,OK,OK,OK,OK,1,1,0,0,0
,fb7b16a4-c0d5-4635-a4e8-b338950ee42a,46188,Spain vs Cape Verde Islands,Spain vs Cape Verde Islands,Spain,Cape Verde Islands,Spain,5,0,Roshan Mohnani,Brazil,15/06/2026_Spain vs Cape Verde Islands,15/06/2026_Spain vs Cape Verde Islands_Roshan Mohnani,OK,OK,OK,OK,OK,0,0,0,0,0
,02acdb3d-9af5-4d64-9c2b-e6f91766e0b9,46189,Saudi Arabia vs Uruguay,Saudi Arabia vs Uruguay,Saudi Arabia,Uruguay,Uruguay,0,2,Roshan Mohnani,Brazil,16/06/2026_Saudi Arabia vs Uruguay,16/06/2026_Saudi Arabia vs Uruguay_Roshan Mohnani,OK,OK,OK,OK,OK,1,1,0,0,0
,6a57dd30-098a-4707-9716-a2be9c81415f,46189,Iran vs New Zealand,Iran vs New Zealand,Iran,New Zealand,New Zealand,0,1,Roshan Mohnani,Brazil,16/06/2026_Iran vs New Zealand,16/06/2026_Iran vs New Zealand_Roshan Mohnani,OK,OK,OK,OK,OK,2,2,0,0,0
,b211a908-c45a-4348-9b74-6ccf2483e79f,46189,France vs Senegal,France vs Senegal,France,Senegal,France,2,0,Roshan Mohnani,Brazil,16/06/2026_France vs Senegal,16/06/2026_France vs Senegal_Roshan Mohnani,OK,OK,OK,OK,OK,3,1,3,0,3
,e1ad75cc-ae79-4169-b525-25c0b65d3a8e,46190,Iraq vs Norway,Iraq vs Norway,Iraq,Norway,Norway,0,2,Roshan Mohnani,Brazil,17/06/2026_Iraq vs Norway,17/06/2026_Iraq vs Norway_Roshan Mohnani,OK,OK,OK,OK,OK,1,4,3,0,3
,298aedfb-a921-4848-9378-1da3654964e1,46190,Argentina vs Algeria,Argentina vs Algeria,Argentina,Algeria,Argentina,3,0,Roshan Mohnani,Brazil,17/06/2026_Argentina vs Algeria,17/06/2026_Argentina vs Algeria_Roshan Mohnani,OK,OK,OK,OK,OK,3,0,3,5,8
,7ca08bb5-30fc-46b4-bbd6-616f4fc200c9,46190,Austria vs Jordan,Austria vs Jordan,Austria,Jordan,Austria,2,0,Roshan Mohnani,Brazil,17/06/2026_Austria vs Jordan,17/06/2026_Austria vs Jordan_Roshan Mohnani,OK,OK,OK,OK,OK,3,1,3,0,3
,5cc046bb-9de8-4bcb-ad40-768472a4d3ac,46190,Portugal vs Congo DR,Portugal vs Congo DR,Portugal,Congo DR,Portugal,3,0,Roshan Mohnani,Brazil,17/06/2026_Portugal vs Congo DR,17/06/2026_Portugal vs Congo DR_Roshan Mohnani,OK,OK,OK,OK,OK,1,1,0,0,0
,38dcf469-8c0b-4c17-922b-415f4c7d86d0,46190,England vs Croatia,England vs Croatia,England,Croatia,England,2,0,Roshan Mohnani,Brazil,17/06/2026_England vs Croatia,17/06/2026_England vs Croatia_Roshan Mohnani,OK,OK,OK,OK,OK,4,2,3,0,3
,38d15f20-0d57-4187-9cfe-f9c32610cc9e,46191,Ghana vs Panama,Ghana vs Panama,Ghana,Panama,Ghana,2,0,Roshan Mohnani,Brazil,18/06/2026_Ghana vs Panama,18/06/2026_Ghana vs Panama_Roshan Mohnani,OK,OK,OK,OK,OK,1,0,3,0,3
,8aa5db0c-1bb6-4543-855e-febea30a35d7,46191,Uzbekistan vs Colombia,Uzbekistan vs Colombia,Uzbekistan,Colombia,Colombia,0,2,Roshan Mohnani,Brazil,18/06/2026_Uzbekistan vs Colombia,18/06/2026_Uzbekistan vs Colombia_Roshan Mohnani,OK,OK,OK,OK,OK,1,3,3,0,3
,6827ab6c-f500-4c03-87cd-80512689992f,46191,Czechia vs South Africa,Czechia vs South Africa,Czechia,South Africa,Czechia,1,0,Roshan Mohnani,Brazil,18/06/2026_Czechia vs South Africa,18/06/2026_Czechia vs South Africa_Roshan Mohnani,OK,OK,OK,OK,OK,1,1,0,0,0
,d9ae1f82-3631-4dd5-896f-2996f83b3ec5,46191,Switzerland vs Bosnia-Herzegovina,Switzerland vs Bosnia-Herzegovina,Switzerland,Bosnia-Herzegovina,Switzerland,2,0,Roshan Mohnani,Brazil,18/06/2026_Switzerland vs Bosnia-Herzegovina,18/06/2026_Switzerland vs Bosnia-Herzegovina_Roshan Mohnani,OK,OK,OK,OK,OK,4,1,3,0,3
,2147e608-8b29-4360-9f3d-1fc50bf64f8d,46192,Canada vs Qatar,Canada vs Qatar,Canada,Qatar,Canada,1,0,Roshan Mohnani,Brazil,19/06/2026_Canada vs Qatar,19/06/2026_Canada vs Qatar_Roshan Mohnani,OK,OK,OK,OK,OK,6,0,3,0,3
,bc67bebe-7f33-400b-a5f1-c81795709f8f,46192,Mexico vs South Korea,Mexico vs South Korea,Mexico,South Korea,Mexico,1,0,Roshan Mohnani,Brazil,19/06/2026_Mexico vs South Korea,19/06/2026_Mexico vs South Korea_Roshan Mohnani,OK,OK,OK,OK,OK,1,0,3,5,8
,970005bb-ef3a-4c87-8e75-2949523d9c04,46192,United States vs Australia,United States vs Australia,United States,Australia,United States,2,1,Roshan Mohnani,Brazil,19/06/2026_United States vs Australia,19/06/2026_United States vs Australia_Roshan Mohnani,OK,OK,OK,OK,OK,2,0,3,0,3
,110ac936-be92-4f14-a6fb-941b3aed4a28,46193,Scotland vs Morocco,Scotland vs Morocco,Scotland,Morocco,Scotland,1,0,Roshan Mohnani,Brazil,20/06/2026_Scotland vs Morocco,20/06/2026_Scotland vs Morocco_Roshan Mohnani,OK,OK,OK,OK,OK,0,1,0,0,0
,c454681d-dab7-456c-b9c9-4406f71646f1,46193,Brazil vs Haiti,Brazil vs Haiti,Brazil,Haiti,Brazil,3,0,Roshan Mohnani,Brazil,20/06/2026_Brazil vs Haiti,20/06/2026_Brazil vs Haiti_Roshan Mohnani,OK,OK,OK,OK,OK,3,0,3,5,8
,d686eab7-0a9d-4706-9f0b-287fb8ed161e,46193,Turkey vs Paraguay,Turkey vs Paraguay,Turkey,Paraguay,Turkey,2,0,Roshan Mohnani,Brazil,20/06/2026_Turkey vs Paraguay,20/06/2026_Turkey vs Paraguay_Roshan Mohnani,OK,OK,OK,OK,OK,0,1,0,0,0
,447f4713-7ed8-456e-bdef-638ade2c420d,46193,Netherlands vs Sweden,Netherlands vs Sweden,Netherlands,Sweden,Netherlands,2,0,Roshan Mohnani,Brazil,20/06/2026_Netherlands vs Sweden,20/06/2026_Netherlands vs Sweden_Roshan Mohnani,OK,OK,OK,OK,OK,5,1,3,0,3
,11c14fb0-c6cb-4dab-ace3-8f46aa977c69,46193,Germany vs Ivory Coast,Germany vs Ivory Coast,Germany,Ivory Coast,Germany,3,0,Roshan Mohnani,Brazil,20/06/2026_Germany vs Ivory Coast,20/06/2026_Germany vs Ivory Coast_Roshan Mohnani,OK,OK,OK,OK,OK,2,1,3,0,3
,d842d895-b1f5-4453-9bc4-98f82562c033,46194,Ecuador vs Curaçao,Ecuador vs Curaçao,Ecuador,Curaçao,Ecuador,1,0,Roshan Mohnani,Brazil,21/06/2026_Ecuador vs Curaçao,21/06/2026_Ecuador vs Curaçao_Roshan Mohnani,OK,OK,OK,OK,OK,0,0,0,0,0
,8247c5c0-f0aa-43bc-8dad-a2863fd7466c,46194,Tunisia vs Japan,Tunisia vs Japan,Tunisia,Japan,Japan,0,2,Roshan Mohnani,Brazil,21/06/2026_Tunisia vs Japan,21/06/2026_Tunisia vs Japan_Roshan Mohnani,OK,OK,OK,OK,OK,0,4,3,0,3
,891a26db-4710-48a3-9560-ba6e021a7f26,46194,Spain vs Saudi Arabia,Spain vs Saudi Arabia,Spain,Saudi Arabia,Spain,3,0,Roshan Mohnani,Brazil,21/06/2026_Spain vs Saudi Arabia,21/06/2026_Spain vs Saudi Arabia_Roshan Mohnani,OK,OK,OK,OK,OK,4,0,3,0,3
,5ea09af5-ba48-40ec-bfc0-ff92d31fa41f,46194,Belgium vs Iran,Belgium vs Iran,Belgium,Iran,Belgium,3,0,Roshan Mohnani,Brazil,21/06/2026_Belgium vs Iran,21/06/2026_Belgium vs Iran_Roshan Mohnani,OK,OK,OK,OK,OK,0,0,0,0,0
,0957b0bf-7cce-4a21-854a-1977ba2ad0cc,46195,Uruguay vs Cape Verde Islands,Uruguay vs Cape Verde Islands,Uruguay,Cape Verde Islands,Uruguay,3,0,Roshan Mohnani,Brazil,22/06/2026_Uruguay vs Cape Verde Islands,22/06/2026_Uruguay vs Cape Verde Islands_Roshan Mohnani,OK,OK,OK,OK,OK,2,2,0,0,0
,29f4bad9-a8b7-4c0e-9ba0-17556d7bfa74,46195,New Zealand vs Egypt,New Zealand vs Egypt,New Zealand,Egypt,Egypt,0,1,Roshan Mohnani,Brazil,22/06/2026_New Zealand vs Egypt,22/06/2026_New Zealand vs Egypt_Roshan Mohnani,OK,OK,OK,OK,OK,1,3,3,0,3
,accd549c-99b0-4a62-9ec7-0f045252a666,46195,Argentina vs Austria,Argentina vs Austria,Argentina,Austria,Argentina,2,0,Roshan Mohnani,Brazil,22/06/2026_Argentina vs Austria,22/06/2026_Argentina vs Austria_Roshan Mohnani,OK,OK,OK,OK,OK,2,0,3,5,8
,8cc954a6-2981-47e4-a2da-a519a05ad95a,46195,France vs Iraq,France vs Iraq,France,Iraq,France,3,0,Roshan Mohnani,Brazil,22/06/2026_France vs Iraq,22/06/2026_France vs Iraq_Roshan Mohnani,OK,OK,OK,OK,OK,3,0,3,5,8
,29867acf-3313-4ca0-a02d-a59140f027e8,46196,Norway vs Senegal,Norway vs Senegal,Norway,Senegal,Norway,2,0,Roshan Mohnani,Brazil,23/06/2026_Norway vs Senegal,23/06/2026_Norway vs Senegal_Roshan Mohnani,OK,OK,OK,OK,OK,3,2,3,0,3
,e1196371-1ce7-4a3e-90d5-53b594ef2a9c,46196,Jordan vs Algeria,Jordan vs Algeria,Jordan,Algeria,Algeria,0,1,Roshan Mohnani,Brazil,23/06/2026_Jordan vs Algeria,23/06/2026_Jordan vs Algeria_Roshan Mohnani,OK,OK,OK,OK,OK,1,2,3,0,3
,06a5d007-af00-4313-b447-611a05dde8fa,46196,Portugal vs Uzbekistan,Portugal vs Uzbekistan,Portugal,Uzbekistan,Portugal,4,0,Roshan Mohnani,Brazil,23/06/2026_Portugal vs Uzbekistan,23/06/2026_Portugal vs Uzbekistan_Roshan Mohnani,OK,OK,OK,OK,OK,5,0,3,0,3
,f47b3e9a-9c7a-4a1a-ba99-dd5d0f1c4314,46196,England vs Ghana,England vs Ghana,England,Ghana,England,2,0,Roshan Mohnani,Brazil,23/06/2026_England vs Ghana,23/06/2026_England vs Ghana_Roshan Mohnani,OK,OK,OK,OK,OK,0,0,0,0,0
,cc3afee6-07cf-478f-afc8-d14bc18b88ac,46197,Panama vs Croatia,Panama vs Croatia,Panama,Croatia,Croatia,0,2,Roshan Mohnani,Brazil,24/06/2026_Panama vs Croatia,24/06/2026_Panama vs Croatia_Roshan Mohnani,OK,OK,OK,OK,OK,0,1,3,0,3
,7da0d9cd-77ba-4d45-bcb9-9daf2fe0fe16,46197,Colombia vs Congo DR,Colombia vs Congo DR,Colombia,Congo DR,Colombia,2,0,Roshan Mohnani,Brazil,24/06/2026_Colombia vs Congo DR,24/06/2026_Colombia vs Congo DR_Roshan Mohnani,OK,OK,OK,OK,OK,1,0,3,0,3
,71138782-ab50-4c64-8f3d-f1a147cddbbe,46197,Switzerland vs Canada,Switzerland vs Canada,Switzerland,Canada,Switzerland,2,0,Roshan Mohnani,Brazil,24/06/2026_Switzerland vs Canada,24/06/2026_Switzerland vs Canada_Roshan Mohnani,OK,OK,OK,OK,OK,2,1,3,0,3
,0bfb8902-1a87-4b77-a82d-92447af55c51,46197,Bosnia-Herzegovina vs Qatar,Bosnia-Herzegovina vs Qatar,Bosnia-Herzegovina,Qatar,Bosnia-Herzegovina,2,0,Roshan Mohnani,Brazil,24/06/2026_Bosnia-Herzegovina vs Qatar,24/06/2026_Bosnia-Herzegovina vs Qatar_Roshan Mohnani,OK,OK,OK,OK,OK,3,1,3,0,3
,6d7b54c2-3665-4fed-a407-8e2fdeb5c84e,46198,Morocco vs Haiti,Morocco vs Haiti,Morocco,Haiti,Morocco,1,0,Roshan Mohnani,Brazil,25/06/2026_Morocco vs Haiti,25/06/2026_Morocco vs Haiti_Roshan Mohnani,OK,OK,OK,OK,OK,4,2,3,0,3
,a7f6f99f-a90f-4e0b-8810-4de608bedfbe,46198,Scotland vs Brazil,Scotland vs Brazil,Scotland,Brazil,Brazil,0,2,Roshan Mohnani,Brazil,25/06/2026_Scotland vs Brazil,25/06/2026_Scotland vs Brazil_Roshan Mohnani,OK,OK,OK,OK,OK,0,3,3,0,3
,7ebd076a-075e-40b2-8043-ae4a1d31bb3d,46198,South Africa vs South Korea,South Africa vs South Korea,South Africa,South Korea,South Africa,1,0,Roshan Mohnani,Brazil,25/06/2026_South Africa vs South Korea,25/06/2026_South Africa vs South Korea_Roshan Mohnani,OK,OK,OK,OK,OK,1,0,3,5,8
,72e9a1c7-a2db-4387-9212-4ba3edd49309,46198,Czechia vs Mexico,Czechia vs Mexico,Czechia,Mexico,Czechia,1,0,Roshan Mohnani,Brazil,25/06/2026_Czechia vs Mexico,25/06/2026_Czechia vs Mexico_Roshan Mohnani,OK,OK,OK,OK,OK,0,3,0,0,0
,eaf2d9ea-2455-4456-a1d8-5a16072ab8a0,46198,Curaçao vs Ivory Coast,Curaçao vs Ivory Coast,Curaçao,Ivory Coast,Ivory Coast,0,1,Roshan Mohnani,Brazil,25/06/2026_Curaçao vs Ivory Coast,25/06/2026_Curaçao vs Ivory Coast_Roshan Mohnani,OK,OK,OK,OK,OK,0,2,3,0,3
,273975f8-2662-4bfc-aa60-84272cae35a0,46198,Ecuador vs Germany,Ecuador vs Germany,Ecuador,Germany,Germany,0,3,Roshan Mohnani,Brazil,25/06/2026_Ecuador vs Germany,25/06/2026_Ecuador vs Germany_Roshan Mohnani,OK,OK,OK,OK,OK,2,1,0,0,0
,747ac0fa-b304-462b-8c1c-640f7b36a5d3,46199,Tunisia vs Netherlands,Tunisia vs Netherlands,Tunisia,Netherlands,Netherlands,0,2,Roshan Mohnani,Brazil,26/06/2026_Tunisia vs Netherlands,26/06/2026_Tunisia vs Netherlands_Roshan Mohnani,OK,OK,OK,OK,OK,1,3,3,0,3
,a2c1a137-a278-42cd-9c08-bbf0104405d1,46199,Japan vs Sweden,Japan vs Sweden,Japan,Sweden,Japan,1,0,Roshan Mohnani,Brazil,26/06/2026_Japan vs Sweden,26/06/2026_Japan vs Sweden_Roshan Mohnani,OK,OK,OK,OK,OK,1,1,0,0,0
,56207929-a526-443c-8f42-f58810f5e186,46199,Turkey vs United States,Turkey vs United States,Turkey,United States,Turkey,2,1,Roshan Mohnani,Brazil,26/06/2026_Turkey vs United States,26/06/2026_Turkey vs United States_Roshan Mohnani,OK,OK,OK,OK,OK,3,2,3,0,3
,63d62765-2ce3-44ca-87bc-c03b1ea8c007,46199,Paraguay vs Australia,Paraguay vs Australia,Paraguay,Australia,Australia,0,2,Roshan Mohnani,Brazil,26/06/2026_Paraguay vs Australia,26/06/2026_Paraguay vs Australia_Roshan Mohnani,OK,OK,OK,OK,OK,0,0,0,0,0
,413873d3-f9b2-4d92-9c56-731e38bf5a1f,46199,Norway vs France,Norway vs France,Norway,France,France,1,2,Roshan Mohnani,Brazil,26/06/2026_Norway vs France,26/06/2026_Norway vs France_Roshan Mohnani,OK,OK,OK,OK,OK,1,4,3,0,3
,d4788c5e-6a2a-439c-8577-391ff03a8587,46199,Senegal vs Iraq,Senegal vs Iraq,Senegal,Iraq,Senegal,1,0,Roshan Mohnani,Brazil,26/06/2026_Senegal vs Iraq,26/06/2026_Senegal vs Iraq_Roshan Mohnani,OK,OK,OK,OK,OK,5,0,3,0,3
,f04888a3-e80b-4330-9352-4c0088ed152e,46200,Cape Verde Islands vs Saudi Arabia,Cape Verde Islands vs Saudi Arabia,Cape Verde Islands,Saudi Arabia,Saudi Arabia,0,1,Roshan Mohnani,Brazil,27/06/2026_Cape Verde Islands vs Saudi Arabia,27/06/2026_Cape Verde Islands vs Saudi Arabia_Roshan Mohnani,OK,OK,OK,OK,OK,0,0,0,0,0
,7bb125bb-b20f-4290-9af6-a0fc7f49caac,46200,Uruguay vs Spain,Uruguay vs Spain,Uruguay,Spain,Spain,1,2,Roshan Mohnani,Brazil,27/06/2026_Uruguay vs Spain,27/06/2026_Uruguay vs Spain_Roshan Mohnani,OK,OK,OK,OK,OK,0,1,3,0,3
,4de24bf2-4957-4d3c-8cc1-2d326b1e9d2f,46200,New Zealand vs Belgium,New Zealand vs Belgium,New Zealand,Belgium,Belgium,0,2,Roshan Mohnani,Brazil,27/06/2026_New Zealand vs Belgium,27/06/2026_New Zealand vs Belgium_Roshan Mohnani,OK,OK,OK,OK,OK,1,5,3,0,3
,8c90a55b-efb3-4679-b841-86d4a81d1fd0,46200,Egypt vs Iran,Egypt vs Iran,Egypt,Iran,Egypt,1,0,Roshan Mohnani,Brazil,27/06/2026_Egypt vs Iran,27/06/2026_Egypt vs Iran_Roshan Mohnani,OK,OK,OK,OK,OK,1,1,0,0,0
,900ad791-384d-470d-a520-518de4b31be2,46200,Panama vs England,Panama vs England,Panama,England,England,0,2,Roshan Mohnani,Brazil,27/06/2026_Panama vs England,27/06/2026_Panama vs England_Roshan Mohnani,OK,OK,OK,OK,OK,0,2,3,5,8
,08826847-3a21-481c-bfbd-41c952f1b872,46200,Croatia vs Ghana,Croatia vs Ghana,Croatia,Ghana,Croatia,2,1,Roshan Mohnani,Brazil,27/06/2026_Croatia vs Ghana,27/06/2026_Croatia vs Ghana_Roshan Mohnani,OK,OK,OK,OK,OK,2,1,3,5,8
,5a50aa8e-5e8e-423e-95ad-589d6941fa71,46201,Colombia vs Portugal,Colombia vs Portugal,Colombia,Portugal,Portugal,0,2,Roshan Mohnani,Brazil,28/06/2026_Colombia vs Portugal,28/06/2026_Colombia vs Portugal_Roshan Mohnani,OK,OK,OK,OK,OK,0,0,0,0,0
,288a9257-035f-45e3-8d49-e33876c20cf0,46201,Congo DR vs Uzbekistan,Congo DR vs Uzbekistan,Congo DR,Uzbekistan,Congo DR,1,0,Roshan Mohnani,Brazil,28/06/2026_Congo DR vs Uzbekistan,28/06/2026_Congo DR vs Uzbekistan_Roshan Mohnani,OK,OK,OK,OK,OK,3,1,3,0,3
,62694bb3-6c64-439f-bd3b-f9babcc63243,46201,Algeria vs Austria,Algeria vs Austria,Algeria,Austria,Austria,0,1,Roshan Mohnani,Brazil,28/06/2026_Algeria vs Austria,28/06/2026_Algeria vs Austria_Roshan Mohnani,OK,OK,OK,OK,OK,3,3,0,0,0
,f8539200-dfd2-43dd-b97e-c450d72730c2,46201,Jordan vs Argentina,Jordan vs Argentina,Jordan,Argentina,Argentina,0,3,Roshan Mohnani,Brazil,28/06/2026_Jordan vs Argentina,28/06/2026_Jordan vs Argentina_Roshan Mohnani,OK,OK,OK,OK,OK,1,3,3,0,3
,60022ea7-5229-4620-b7c4-785fae491011,46184,Mexico vs South Africa,Mexico vs South Africa,Mexico,South Africa,Mexico,2,0,Andrea Vella,Brazil,11/06/2026_Mexico vs South Africa,11/06/2026_Mexico vs South Africa_Andrea Vella,OK,OK,OK,OK,OK,2,0,3,5,8
,defc668b-cc7d-4b4c-8d6f-9abfa230ea3e,46185,South Korea vs Czechia,South Korea vs Czechia,South Korea,Czechia,South Korea,2,1,Andrea Vella,Brazil,12/06/2026_South Korea vs Czechia,12/06/2026_South Korea vs Czechia_Andrea Vella,OK,OK,OK,OK,OK,2,1,3,5,8
,0dd0886d-b025-461d-95e5-a3053d1dbf86,46185,Canada vs Bosnia-Herzegovina,Canada vs Bosnia-Herzegovina,Canada,Bosnia-Herzegovina,Canada,2,1,Andrea Vella,Brazil,12/06/2026_Canada vs Bosnia-Herzegovina,12/06/2026_Canada vs Bosnia-Herzegovina_Andrea Vella,OK,OK,OK,OK,OK,1,1,0,0,0
,91992c02-7a41-43f6-b458-801d7e91b8d5,46186,United States vs Paraguay,United States vs Paraguay,United States,Paraguay,United States,2,0,Andrea Vella,Brazil,13/06/2026_United States vs Paraguay,13/06/2026_United States vs Paraguay_Andrea Vella,OK,OK,OK,OK,OK,4,1,3,0,3
,2973d195-d425-46c1-8ed9-831ad085bf7e,46186,Qatar vs Switzerland,Qatar vs Switzerland,Qatar,Switzerland,Switzerland,0,2,Andrea Vella,Brazil,13/06/2026_Qatar vs Switzerland,13/06/2026_Qatar vs Switzerland_Andrea Vella,OK,OK,OK,OK,OK,1,1,0,0,0
,4154295f-becf-4a36-b6ba-deb441a6df62,46187,Brazil vs Morocco,Brazil vs Morocco,Brazil,Morocco,Brazil,3,1,Andrea Vella,Brazil,14/06/2026_Brazil vs Morocco,14/06/2026_Brazil vs Morocco_Andrea Vella,OK,OK,OK,OK,OK,1,1,0,0,0
,90802b33-0b04-40dc-a632-b26d9c7a7bcb,46187,Haiti vs Scotland,Haiti vs Scotland,Haiti,Scotland,Scotland,1,2,Andrea Vella,Brazil,14/06/2026_Haiti vs Scotland,14/06/2026_Haiti vs Scotland_Andrea Vella,OK,OK,OK,OK,OK,0,1,3,0,3
,247515df-cee1-4d1c-ae85-fbc6d271f6ea,46187,Australia vs Turkey,Australia vs Turkey,Australia,Turkey,Tie,1,1,Andrea Vella,Brazil,14/06/2026_Australia vs Turkey,14/06/2026_Australia vs Turkey_Andrea Vella,OK,OK,OK,OK,OK,2,0,0,0,0
,40f818f4-de4e-41da-bcbb-1fbac52b6907,46187,Germany vs Curaçao,Germany vs Curaçao,Germany,Curaçao,Germany,4,0,Andrea Vella,Brazil,14/06/2026_Germany vs Curaçao,14/06/2026_Germany vs Curaçao_Andrea Vella,OK,OK,OK,OK,OK,7,1,3,0,3
,928f93a8-be86-4489-95f7-4d0cdd4cefef,46187,Netherlands vs Japan,Netherlands vs Japan,Netherlands,Japan,Netherlands,2,1,Andrea Vella,Brazil,14/06/2026_Netherlands vs Japan,14/06/2026_Netherlands vs Japan_Andrea Vella,OK,OK,OK,OK,OK,2,2,0,0,0
,7a42dd2c-a089-4674-a2eb-7c4424464bf9,46188,Ivory Coast vs Ecuador,Ivory Coast vs Ecuador,Ivory Coast,Ecuador,Tie,1,1,Andrea Vella,Brazil,15/06/2026_Ivory Coast vs Ecuador,15/06/2026_Ivory Coast vs Ecuador_Andrea Vella,OK,OK,OK,OK,OK,1,0,0,0,0
,4ba67b73-26c9-4860-8297-df50ad53a5ff,46188,Sweden vs Tunisia,Sweden vs Tunisia,Sweden,Tunisia,Sweden,2,0,Andrea Vella,Brazil,15/06/2026_Sweden vs Tunisia,15/06/2026_Sweden vs Tunisia_Andrea Vella,OK,OK,OK,OK,OK,5,1,3,0,3
,a06383f3-f877-42a0-bb17-e7061e7276bc,46188,Belgium vs Egypt,Belgium vs Egypt,Belgium,Egypt,Belgium,2,1,Andrea Vella,Brazil,15/06/2026_Belgium vs Egypt,15/06/2026_Belgium vs Egypt_Andrea Vella,OK,OK,OK,OK,OK,1,1,0,0,0
,35afb14e-98fd-42cd-ab9e-9a80f8fcd254,46188,Spain vs Cape Verde Islands,Spain vs Cape Verde Islands,Spain,Cape Verde Islands,Spain,3,0,Andrea Vella,Brazil,15/06/2026_Spain vs Cape Verde Islands,15/06/2026_Spain vs Cape Verde Islands_Andrea Vella,OK,OK,OK,OK,OK,0,0,0,0,0
,da14a18e-8509-4722-a29f-80ffd398bb88,46189,Saudi Arabia vs Uruguay,Saudi Arabia vs Uruguay,Saudi Arabia,Uruguay,Uruguay,0,2,Andrea Vella,Brazil,16/06/2026_Saudi Arabia vs Uruguay,16/06/2026_Saudi Arabia vs Uruguay_Andrea Vella,OK,OK,OK,OK,OK,1,1,0,0,0
,f68dece3-570c-485e-a014-e2a4d75b70b3,46189,Iran vs New Zealand,Iran vs New Zealand,Iran,New Zealand,Iran,1,0,Andrea Vella,Brazil,16/06/2026_Iran vs New Zealand,16/06/2026_Iran vs New Zealand_Andrea Vella,OK,OK,OK,OK,OK,2,2,0,0,0
,5aa92022-139c-48db-8b0c-56f5f3ffe989,46189,France vs Senegal,France vs Senegal,France,Senegal,France,2,1,Andrea Vella,Brazil,16/06/2026_France vs Senegal,16/06/2026_France vs Senegal_Andrea Vella,OK,OK,OK,OK,OK,3,1,3,0,3
,8ff13721-d220-4883-91b2-75afc336ae3b,46190,Iraq vs Norway,Iraq vs Norway,Iraq,Norway,Norway,0,2,Andrea Vella,Brazil,17/06/2026_Iraq vs Norway,17/06/2026_Iraq vs Norway_Andrea Vella,OK,OK,OK,OK,OK,1,4,3,0,3
,2f328f23-5646-4a5e-bd1c-54c52b76f029,46190,Argentina vs Algeria,Argentina vs Algeria,Argentina,Algeria,Argentina,3,0,Andrea Vella,Brazil,17/06/2026_Argentina vs Algeria,17/06/2026_Argentina vs Algeria_Andrea Vella,OK,OK,OK,OK,OK,3,0,3,5,8
,ebaf1148-3117-48b7-ad37-962e59f19012,46190,Austria vs Jordan,Austria vs Jordan,Austria,Jordan,Austria,2,0,Andrea Vella,Brazil,17/06/2026_Austria vs Jordan,17/06/2026_Austria vs Jordan_Andrea Vella,OK,OK,OK,OK,OK,3,1,3,0,3
,dc75b1ce-06dd-487e-8c7c-e91d4b7742a2,46190,Portugal vs Congo DR,Portugal vs Congo DR,Portugal,Congo DR,Portugal,3,0,Andrea Vella,Brazil,17/06/2026_Portugal vs Congo DR,17/06/2026_Portugal vs Congo DR_Andrea Vella,OK,OK,OK,OK,OK,1,1,0,0,0
,f865aede-11a8-4eae-81f1-3eea30093403,46190,England vs Croatia,England vs Croatia,England,Croatia,England,2,1,Andrea Vella,Brazil,17/06/2026_England vs Croatia,17/06/2026_England vs Croatia_Andrea Vella,OK,OK,OK,OK,OK,4,2,3,0,3
,7ae19bd7-dfbc-423d-8202-dedee50baefb,46191,Ghana vs Panama,Ghana vs Panama,Ghana,Panama,Ghana,2,1,Andrea Vella,Brazil,18/06/2026_Ghana vs Panama,18/06/2026_Ghana vs Panama_Andrea Vella,OK,OK,OK,OK,OK,1,0,3,0,3
,d98baac6-3096-49f4-9a1d-c07886ec662b,46191,Uzbekistan vs Colombia,Uzbekistan vs Colombia,Uzbekistan,Colombia,Colombia,0,2,Andrea Vella,Brazil,18/06/2026_Uzbekistan vs Colombia,18/06/2026_Uzbekistan vs Colombia_Andrea Vella,OK,OK,OK,OK,OK,1,3,3,0,3
,8ce2e1bb-ff77-454b-9c85-7606a9f0366d,46191,Czechia vs South Africa,Czechia vs South Africa,Czechia,South Africa,Czechia,2,0,Andrea Vella,Brazil,18/06/2026_Czechia vs South Africa,18/06/2026_Czechia vs South Africa_Andrea Vella,OK,OK,OK,OK,OK,1,1,0,0,0
,14cfe1d9-3384-42ef-8a33-bbdd75e2cb85,46191,Switzerland vs Bosnia-Herzegovina,Switzerland vs Bosnia-Herzegovina,Switzerland,Bosnia-Herzegovina,Switzerland,2,1,Andrea Vella,Brazil,18/06/2026_Switzerland vs Bosnia-Herzegovina,18/06/2026_Switzerland vs Bosnia-Herzegovina_Andrea Vella,OK,OK,OK,OK,OK,4,1,3,0,3
,3107aab9-00f8-48c9-a4d8-d83e2be25816,46192,Canada vs Qatar,Canada vs Qatar,Canada,Qatar,Canada,2,0,Andrea Vella,Brazil,19/06/2026_Canada vs Qatar,19/06/2026_Canada vs Qatar_Andrea Vella,OK,OK,OK,OK,OK,6,0,3,0,3
,a00b6706-faf5-484c-8c36-ad61968a6561,46192,Mexico vs South Korea,Mexico vs South Korea,Mexico,South Korea,Mexico,2,1,Andrea Vella,Brazil,19/06/2026_Mexico vs South Korea,19/06/2026_Mexico vs South Korea_Andrea Vella,OK,OK,OK,OK,OK,1,0,3,0,3
,34a4dbe3-6552-4155-974b-fcab168c1db9,46192,United States vs Australia,United States vs Australia,United States,Australia,United States,2,1,Andrea Vella,Brazil,19/06/2026_United States vs Australia,19/06/2026_United States vs Australia_Andrea Vella,OK,OK,OK,OK,OK,2,0,3,0,3
,1cbfdf0f-3e54-4bd1-8b47-5075bbede598,46193,Scotland vs Morocco,Scotland vs Morocco,Scotland,Morocco,Morocco,1,2,Andrea Vella,Brazil,20/06/2026_Scotland vs Morocco,20/06/2026_Scotland vs Morocco_Andrea Vella,OK,OK,OK,OK,OK,0,1,3,0,3
,2c7d6d2c-89cf-4150-9e04-aabdc7d0d057,46193,Brazil vs Haiti,Brazil vs Haiti,Brazil,Haiti,Brazil,4,0,Andrea Vella,Brazil,20/06/2026_Brazil vs Haiti,20/06/2026_Brazil vs Haiti_Andrea Vella,OK,OK,OK,OK,OK,3,0,3,0,3
,044e14e7-2150-4bc7-a14a-16609adb22a1,46193,Turkey vs Paraguay,Turkey vs Paraguay,Turkey,Paraguay,Turkey,2,1,Andrea Vella,Brazil,20/06/2026_Turkey vs Paraguay,20/06/2026_Turkey vs Paraguay_Andrea Vella,OK,OK,OK,OK,OK,0,1,0,0,0
,1eb3084a-c99b-43ae-a5ba-42ee9743e49c,46193,Netherlands vs Sweden,Netherlands vs Sweden,Netherlands,Sweden,Netherlands,2,0,Andrea Vella,Brazil,20/06/2026_Netherlands vs Sweden,20/06/2026_Netherlands vs Sweden_Andrea Vella,OK,OK,OK,OK,OK,5,1,3,0,3
,95672147-8c8f-4211-88d4-5036a2ef51ae,46193,Germany vs Ivory Coast,Germany vs Ivory Coast,Germany,Ivory Coast,Germany,2,1,Andrea Vella,Brazil,20/06/2026_Germany vs Ivory Coast,20/06/2026_Germany vs Ivory Coast_Andrea Vella,OK,OK,OK,OK,OK,2,1,3,5,8
,af7d3aee-ac87-418b-9769-08979ce59b1c,46194,Ecuador vs Curaçao,Ecuador vs Curaçao,Ecuador,Curaçao,Ecuador,2,0,Andrea Vella,Brazil,21/06/2026_Ecuador vs Curaçao,21/06/2026_Ecuador vs Curaçao_Andrea Vella,OK,OK,OK,OK,OK,0,0,0,0,0
,c6120902-9567-43ca-830b-e1f6585461b5,46194,Tunisia vs Japan,Tunisia vs Japan,Tunisia,Japan,Japan,0,1,Andrea Vella,Brazil,21/06/2026_Tunisia vs Japan,21/06/2026_Tunisia vs Japan_Andrea Vella,OK,OK,OK,OK,OK,0,4,3,0,3
,051fae68-0116-4f2f-a58c-5c0073735c14,46194,Spain vs Saudi Arabia,Spain vs Saudi Arabia,Spain,Saudi Arabia,Spain,3,0,Andrea Vella,Brazil,21/06/2026_Spain vs Saudi Arabia,21/06/2026_Spain vs Saudi Arabia_Andrea Vella,OK,OK,OK,OK,OK,4,0,3,0,3
,7d182b42-ff68-4fc0-b9df-a541973f09ef,46194,Belgium vs Iran,Belgium vs Iran,Belgium,Iran,Belgium,2,0,Andrea Vella,Brazil,21/06/2026_Belgium vs Iran,21/06/2026_Belgium vs Iran_Andrea Vella,OK,OK,OK,OK,OK,0,0,0,0,0
,c986f955-f964-4a9c-a3e1-75145d699746,46195,Uruguay vs Cape Verde Islands,Uruguay vs Cape Verde Islands,Uruguay,Cape Verde Islands,Uruguay,2,0,Andrea Vella,Brazil,22/06/2026_Uruguay vs Cape Verde Islands,22/06/2026_Uruguay vs Cape Verde Islands_Andrea Vella,OK,OK,OK,OK,OK,2,2,0,0,0
,395fa087-693d-4ab7-9bbc-ee883d37ffef,46195,New Zealand vs Egypt,New Zealand vs Egypt,New Zealand,Egypt,Egypt,1,2,Andrea Vella,Brazil,22/06/2026_New Zealand vs Egypt,22/06/2026_New Zealand vs Egypt_Andrea Vella,OK,OK,OK,OK,OK,1,3,3,0,3
,de16cb12-f0a9-42c9-91a8-115873e49ecd,46195,Argentina vs Austria,Argentina vs Austria,Argentina,Austria,Argentina,2,1,Andrea Vella,Brazil,22/06/2026_Argentina vs Austria,22/06/2026_Argentina vs Austria_Andrea Vella,OK,OK,OK,OK,OK,2,0,3,0,3
,9acc7c9a-4445-48b6-a366-d3277b07cfcd,46195,France vs Iraq,France vs Iraq,France,Iraq,France,3,0,Andrea Vella,Brazil,22/06/2026_France vs Iraq,22/06/2026_France vs Iraq_Andrea Vella,OK,OK,OK,OK,OK,3,0,3,5,8
,113c1ff0-024f-41a4-a839-ab5fa053570b,46196,Norway vs Senegal,Norway vs Senegal,Norway,Senegal,Norway,2,1,Andrea Vella,Brazil,23/06/2026_Norway vs Senegal,23/06/2026_Norway vs Senegal_Andrea Vella,OK,OK,OK,OK,OK,3,2,3,0,3
,d3da9ec1-7664-4efc-9200-a3e58327f640,46196,Jordan vs Algeria,Jordan vs Algeria,Jordan,Algeria,Algeria,0,2,Andrea Vella,Brazil,23/06/2026_Jordan vs Algeria,23/06/2026_Jordan vs Algeria_Andrea Vella,OK,OK,OK,OK,OK,1,2,3,0,3
,49856c83-96a2-4853-ba9a-2f395d2301f1,46196,Portugal vs Uzbekistan,Portugal vs Uzbekistan,Portugal,Uzbekistan,Portugal,3,0,Andrea Vella,Brazil,23/06/2026_Portugal vs Uzbekistan,23/06/2026_Portugal vs Uzbekistan_Andrea Vella,OK,OK,OK,OK,OK,5,0,3,0,3
,b4afb055-7ec2-4d5a-b65e-7270c561cee6,46196,England vs Ghana,England vs Ghana,England,Ghana,England,2,1,Andrea Vella,Brazil,23/06/2026_England vs Ghana,23/06/2026_England vs Ghana_Andrea Vella,OK,OK,OK,OK,OK,0,0,0,0,0
,0f0ebadc-cfe1-43a9-a3b6-9f668fab4ea4,46197,Panama vs Croatia,Panama vs Croatia,Panama,Croatia,Croatia,0,2,Andrea Vella,Brazil,24/06/2026_Panama vs Croatia,24/06/2026_Panama vs Croatia_Andrea Vella,OK,OK,OK,OK,OK,0,1,3,0,3
,5132e82b-3380-4089-a6a2-cbecc460437b,46197,Colombia vs Congo DR,Colombia vs Congo DR,Colombia,Congo DR,Colombia,2,1,Andrea Vella,Brazil,24/06/2026_Colombia vs Congo DR,24/06/2026_Colombia vs Congo DR_Andrea Vella,OK,OK,OK,OK,OK,1,0,3,0,3
,9723f3d0-df96-4fd1-afdd-1f71bd0e2178,46197,Switzerland vs Canada,Switzerland vs Canada,Switzerland,Canada,Switzerland,2,1,Andrea Vella,Brazil,24/06/2026_Switzerland vs Canada,24/06/2026_Switzerland vs Canada_Andrea Vella,OK,OK,OK,OK,OK,2,1,3,5,8
,0eb79985-c389-4e0c-b712-7e2d0ca29d99,46197,Bosnia-Herzegovina vs Qatar,Bosnia-Herzegovina vs Qatar,Bosnia-Herzegovina,Qatar,Bosnia-Herzegovina,2,0,Andrea Vella,Brazil,24/06/2026_Bosnia-Herzegovina vs Qatar,24/06/2026_Bosnia-Herzegovina vs Qatar_Andrea Vella,OK,OK,OK,OK,OK,3,1,3,0,3
,c6271a87-426b-4978-af34-68ec890bf6c4,46198,Morocco vs Haiti,Morocco vs Haiti,Morocco,Haiti,Morocco,2,0,Andrea Vella,Brazil,25/06/2026_Morocco vs Haiti,25/06/2026_Morocco vs Haiti_Andrea Vella,OK,OK,OK,OK,OK,4,2,3,0,3
,e375dca5-854e-4a06-b3a9-90b6ed70eae2,46198,Scotland vs Brazil,Scotland vs Brazil,Scotland,Brazil,Brazil,1,3,Andrea Vella,Brazil,25/06/2026_Scotland vs Brazil,25/06/2026_Scotland vs Brazil_Andrea Vella,OK,OK,OK,OK,OK,0,3,3,0,3
,f15c7e8b-bcde-4f31-bc52-081c9963534e,46198,South Africa vs South Korea,South Africa vs South Korea,South Africa,South Korea,South Korea,1,2,Andrea Vella,Brazil,25/06/2026_South Africa vs South Korea,25/06/2026_South Africa vs South Korea_Andrea Vella,OK,OK,OK,OK,OK,1,0,0,0,0
,2c1d436e-289e-44e5-aa02-ba9d6f63bf88,46198,Czechia vs Mexico,Czechia vs Mexico,Czechia,Mexico,Mexico,1,2,Andrea Vella,Brazil,25/06/2026_Czechia vs Mexico,25/06/2026_Czechia vs Mexico_Andrea Vella,OK,OK,OK,OK,OK,0,3,3,0,3
,fd2a2d6e-5a8c-4c93-9ade-781e2c728f3c,46198,Curaçao vs Ivory Coast,Curaçao vs Ivory Coast,Curaçao,Ivory Coast,Ivory Coast,0,2,Andrea Vella,Brazil,25/06/2026_Curaçao vs Ivory Coast,25/06/2026_Curaçao vs Ivory Coast_Andrea Vella,OK,OK,OK,OK,OK,0,2,3,5,8
,4d5a4e0b-5dad-41a3-bd46-02fcb55160c1,46198,Ecuador vs Germany,Ecuador vs Germany,Ecuador,Germany,Germany,1,2,Andrea Vella,Brazil,25/06/2026_Ecuador vs Germany,25/06/2026_Ecuador vs Germany_Andrea Vella,OK,OK,OK,OK,OK,2,1,0,0,0
,bbe5e71d-0bb8-4bf4-94a6-3728a3385e57,46199,Tunisia vs Netherlands,Tunisia vs Netherlands,Tunisia,Netherlands,Netherlands,1,3,Andrea Vella,Brazil,26/06/2026_Tunisia vs Netherlands,26/06/2026_Tunisia vs Netherlands_Andrea Vella,OK,OK,OK,OK,OK,1,3,3,5,8
,984f4d27-23ec-4ab9-be62-6efabb53559f,46199,Japan vs Sweden,Japan vs Sweden,Japan,Sweden,Japan,2,1,Andrea Vella,Brazil,26/06/2026_Japan vs Sweden,26/06/2026_Japan vs Sweden_Andrea Vella,OK,OK,OK,OK,OK,1,1,0,0,0
,8d251141-5daf-4b92-8c6a-2f09f4e7fc5e,46199,Turkey vs United States,Turkey vs United States,Turkey,United States,Tie,1,1,Andrea Vella,Brazil,26/06/2026_Turkey vs United States,26/06/2026_Turkey vs United States_Andrea Vella,OK,OK,OK,OK,OK,3,2,0,0,0
,cfdb299a-6cc0-42a7-8441-36b67da83b79,46199,Paraguay vs Australia,Paraguay vs Australia,Paraguay,Australia,Australia,1,2,Andrea Vella,Brazil,26/06/2026_Paraguay vs Australia,26/06/2026_Paraguay vs Australia_Andrea Vella,OK,OK,OK,OK,OK,0,0,0,0,0
,223a3289-f734-4668-b7f7-ab0c37b87cb0,46199,Norway vs France,Norway vs France,Norway,France,France,1,2,Andrea Vella,Brazil,26/06/2026_Norway vs France,26/06/2026_Norway vs France_Andrea Vella,OK,OK,OK,OK,OK,1,4,3,0,3
,0ea7e22e-3171-41cb-a01d-500fa3ad68a4,46199,Senegal vs Iraq,Senegal vs Iraq,Senegal,Iraq,Senegal,2,0,Andrea Vella,Brazil,26/06/2026_Senegal vs Iraq,26/06/2026_Senegal vs Iraq_Andrea Vella,OK,OK,OK,OK,OK,5,0,3,0,3
,7492823c-6c6d-4833-a3a7-48c11bc54a0c,46200,Cape Verde Islands vs Saudi Arabia,Cape Verde Islands vs Saudi Arabia,Cape Verde Islands,Saudi Arabia,Saudi Arabia,0,1,Andrea Vella,Brazil,27/06/2026_Cape Verde Islands vs Saudi Arabia,27/06/2026_Cape Verde Islands vs Saudi Arabia_Andrea Vella,OK,OK,OK,OK,OK,0,0,0,0,0
,4527aad6-6157-484a-88e8-c66be8e55ad0,46200,Uruguay vs Spain,Uruguay vs Spain,Uruguay,Spain,Spain,1,2,Andrea Vella,Brazil,27/06/2026_Uruguay vs Spain,27/06/2026_Uruguay vs Spain_Andrea Vella,OK,OK,OK,OK,OK,0,1,3,0,3
,3e2050c1-4d34-444c-bcd5-a1cedbf28538,46200,New Zealand vs Belgium,New Zealand vs Belgium,New Zealand,Belgium,Belgium,0,2,Andrea Vella,Brazil,27/06/2026_New Zealand vs Belgium,27/06/2026_New Zealand vs Belgium_Andrea Vella,OK,OK,OK,OK,OK,1,5,3,0,3
,f514058e-411c-4155-ad5d-fbff136031b2,46200,Egypt vs Iran,Egypt vs Iran,Egypt,Iran,Egypt,2,1,Andrea Vella,Brazil,27/06/2026_Egypt vs Iran,27/06/2026_Egypt vs Iran_Andrea Vella,OK,OK,OK,OK,OK,1,1,0,0,0
,6c9ae256-ed0c-4d8b-b623-a7ca10edebe9,46200,Panama vs England,Panama vs England,Panama,England,England,0,3,Andrea Vella,Brazil,27/06/2026_Panama vs England,27/06/2026_Panama vs England_Andrea Vella,OK,OK,OK,OK,OK,0,2,3,0,3
,3a0c7e88-72df-471d-9cdd-ef2a13e3980a,46200,Croatia vs Ghana,Croatia vs Ghana,Croatia,Ghana,Croatia,2,1,Andrea Vella,Brazil,27/06/2026_Croatia vs Ghana,27/06/2026_Croatia vs Ghana_Andrea Vella,OK,OK,OK,OK,OK,2,1,3,5,8
,6487e5e0-a57d-47b7-be25-30bac1d2772e,46201,Colombia vs Portugal,Colombia vs Portugal,Colombia,Portugal,Portugal,1,3,Andrea Vella,Brazil,28/06/2026_Colombia vs Portugal,28/06/2026_Colombia vs Portugal_Andrea Vella,OK,OK,OK,OK,OK,0,0,0,0,0
,37eb3680-298c-42ed-bf4c-d77e40eece9e,46201,Congo DR vs Uzbekistan,Congo DR vs Uzbekistan,Congo DR,Uzbekistan,Tie,1,1,Andrea Vella,Brazil,28/06/2026_Congo DR vs Uzbekistan,28/06/2026_Congo DR vs Uzbekistan_Andrea Vella,OK,OK,OK,OK,OK,3,1,0,0,0
,3f74ddf8-daec-45f6-be55-b6d23d3543e3,46201,Algeria vs Austria,Algeria vs Austria,Algeria,Austria,Austria,0,2,Andrea Vella,Brazil,28/06/2026_Algeria vs Austria,28/06/2026_Algeria vs Austria_Andrea Vella,OK,OK,OK,OK,OK,3,3,0,0,0
,f8ab1f4a-3d86-4611-a872-4f9fe6cf180f,46201,Jordan vs Argentina,Jordan vs Argentina,Jordan,Argentina,Argentina,0,4,Andrea Vella,Brazil,28/06/2026_Jordan vs Argentina,28/06/2026_Jordan vs Argentina_Andrea Vella,OK,OK,OK,OK,OK,1,3,3,0,3
,442fd003-bebc-46c8-86c6-dd71435c53b4,46184,Mexico vs South Africa,Mexico vs South Africa,Mexico,South Africa,Mexico,2,0,Doreen Micallef,France,11/06/2026_Mexico vs South Africa,11/06/2026_Mexico vs South Africa_Doreen Micallef,OK,OK,OK,OK,OK,2,0,3,5,8
,f8638048-75e1-4ced-9559-9b49b3d15f3a,46185,South Korea vs Czechia,South Korea vs Czechia,South Korea,Czechia,Tie,1,1,Doreen Micallef,France,12/06/2026_South Korea vs Czechia,12/06/2026_South Korea vs Czechia_Doreen Micallef,OK,OK,OK,OK,OK,2,1,0,0,0
,4150eb2e-966b-4717-9957-b89b694fd4ab,46185,Canada vs Bosnia-Herzegovina,Canada vs Bosnia-Herzegovina,Canada,Bosnia-Herzegovina,Canada,2,1,Doreen Micallef,France,12/06/2026_Canada vs Bosnia-Herzegovina,12/06/2026_Canada vs Bosnia-Herzegovina_Doreen Micallef,OK,OK,OK,OK,OK,1,1,0,0,0
,e00a522d-3aa3-4743-a53e-a7e3679e0193,46186,United States vs Paraguay,United States vs Paraguay,United States,Paraguay,Paraguay,1,2,Doreen Micallef,France,13/06/2026_United States vs Paraguay,13/06/2026_United States vs Paraguay_Doreen Micallef,OK,OK,OK,OK,OK,4,1,0,0,0
,e6ce1421-5a55-4648-b245-e137a09e395d,46186,Qatar vs Switzerland,Qatar vs Switzerland,Qatar,Switzerland,Switzerland,0,2,Doreen Micallef,France,13/06/2026_Qatar vs Switzerland,13/06/2026_Qatar vs Switzerland_Doreen Micallef,OK,OK,OK,OK,OK,1,1,0,0,0
,f165a71e-dc68-4480-b88b-156b49742ec5,46187,Brazil vs Morocco,Brazil vs Morocco,Brazil,Morocco,Brazil,2,1,Doreen Micallef,France,14/06/2026_Brazil vs Morocco,14/06/2026_Brazil vs Morocco_Doreen Micallef,OK,OK,OK,OK,OK,1,1,0,0,0
,34728a9f-39ad-4b2f-95c3-34d798a97b16,46187,Haiti vs Scotland,Haiti vs Scotland,Haiti,Scotland,Scotland,0,2,Doreen Micallef,France,14/06/2026_Haiti vs Scotland,14/06/2026_Haiti vs Scotland_Doreen Micallef,OK,OK,OK,OK,OK,0,1,3,0,3
,d2a3c8f5-05f9-4bd8-a42d-90e9dcaef179,46187,Australia vs Turkey,Australia vs Turkey,Australia,Turkey,Turkey,1,2,Doreen Micallef,France,14/06/2026_Australia vs Turkey,14/06/2026_Australia vs Turkey_Doreen Micallef,OK,OK,OK,OK,OK,2,0,0,0,0
,6947c1b8-c356-471e-8ab5-fe0c310cfe76,46187,Germany vs Curaçao,Germany vs Curaçao,Germany,Curaçao,Germany,3,0,Doreen Micallef,France,14/06/2026_Germany vs Curaçao,14/06/2026_Germany vs Curaçao_Doreen Micallef,OK,OK,OK,OK,OK,7,1,3,0,3
,08946c80-9f3b-4ee1-b55b-3afe666c4888,46187,Netherlands vs Japan,Netherlands vs Japan,Netherlands,Japan,Netherlands,2,1,Doreen Micallef,France,14/06/2026_Netherlands vs Japan,14/06/2026_Netherlands vs Japan_Doreen Micallef,OK,OK,OK,OK,OK,2,2,0,0,0
,a944a759-a497-44e9-b990-b12026fcc0fc,46188,Ivory Coast vs Ecuador,Ivory Coast vs Ecuador,Ivory Coast,Ecuador,Tie,1,1,Doreen Micallef,France,15/06/2026_Ivory Coast vs Ecuador,15/06/2026_Ivory Coast vs Ecuador_Doreen Micallef,OK,OK,OK,OK,OK,1,0,0,0,0
,dcb6c711-a1e4-4d71-90ae-2fd965fb1ca9,46188,Sweden vs Tunisia,Sweden vs Tunisia,Sweden,Tunisia,Sweden,1,0,Doreen Micallef,France,15/06/2026_Sweden vs Tunisia,15/06/2026_Sweden vs Tunisia_Doreen Micallef,OK,OK,OK,OK,OK,5,1,3,0,3
,6ea4402c-cb4f-46c4-96e7-bb7a548e39e6,46188,Belgium vs Egypt,Belgium vs Egypt,Belgium,Egypt,Belgium,2,0,Doreen Micallef,France,15/06/2026_Belgium vs Egypt,15/06/2026_Belgium vs Egypt_Doreen Micallef,OK,OK,OK,OK,OK,1,1,0,0,0
,d4f41b70-a522-4838-913d-ceabb7215e0b,46188,Spain vs Cape Verde Islands,Spain vs Cape Verde Islands,Spain,Cape Verde Islands,Spain,2,0,Doreen Micallef,France,15/06/2026_Spain vs Cape Verde Islands,15/06/2026_Spain vs Cape Verde Islands_Doreen Micallef,OK,OK,OK,OK,OK,0,0,0,0,0
,a8d0af68-c09d-4be7-93d2-3217993385d7,46189,Saudi Arabia vs Uruguay,Saudi Arabia vs Uruguay,Saudi Arabia,Uruguay,Uruguay,0,2,Doreen Micallef,France,16/06/2026_Saudi Arabia vs Uruguay,16/06/2026_Saudi Arabia vs Uruguay_Doreen Micallef,OK,OK,OK,OK,OK,1,1,0,0,0
,66d78104-5fe2-49ca-95cf-3c9c1c483128,46189,Iran vs New Zealand,Iran vs New Zealand,Iran,New Zealand,Iran,2,0,Doreen Micallef,France,16/06/2026_Iran vs New Zealand,16/06/2026_Iran vs New Zealand_Doreen Micallef,OK,OK,OK,OK,OK,2,2,0,0,0
,01a7f3bb-bca9-41a6-9747-b9da26ca27df,46189,France vs Senegal,France vs Senegal,France,Senegal,France,3,0,Doreen Micallef,France,16/06/2026_France vs Senegal,16/06/2026_France vs Senegal_Doreen Micallef,OK,OK,OK,OK,OK,3,1,3,0,3
,064bc15f-5cf0-4637-a900-9756dc22fc60,46190,Iraq vs Norway,Iraq vs Norway,Iraq,Norway,Norway,0,1,Doreen Micallef,France,17/06/2026_Iraq vs Norway,17/06/2026_Iraq vs Norway_Doreen Micallef,OK,OK,OK,OK,OK,1,4,3,0,3
,4fef5b74-0c04-425f-af6b-7c8090045078,46190,Argentina vs Algeria,Argentina vs Algeria,Argentina,Algeria,Argentina,2,0,Doreen Micallef,France,17/06/2026_Argentina vs Algeria,17/06/2026_Argentina vs Algeria_Doreen Micallef,OK,OK,OK,OK,OK,3,0,3,0,3
,85d264a1-77d3-46cd-8d52-b27181a73ba1,46190,Austria vs Jordan,Austria vs Jordan,Austria,Jordan,Tie,0,0,Doreen Micallef,France,17/06/2026_Austria vs Jordan,17/06/2026_Austria vs Jordan_Doreen Micallef,OK,OK,OK,OK,OK,3,1,0,0,0
,718b879c-709e-4ca5-90aa-91e21a0cf7ed,46190,Portugal vs Congo DR,Portugal vs Congo DR,Portugal,Congo DR,Portugal,1,0,Doreen Micallef,France,17/06/2026_Portugal vs Congo DR,17/06/2026_Portugal vs Congo DR_Doreen Micallef,OK,OK,OK,OK,OK,1,1,0,0,0
,69611d5f-85f2-4beb-a15b-0a49826d9c52,46190,England vs Croatia,England vs Croatia,England,Croatia,England,2,1,Doreen Micallef,France,17/06/2026_England vs Croatia,17/06/2026_England vs Croatia_Doreen Micallef,OK,OK,OK,OK,OK,4,2,3,0,3
,8334f62f-2a84-49e5-ac21-75eb7a3a4450,46191,Ghana vs Panama,Ghana vs Panama,Ghana,Panama,Tie,0,0,Doreen Micallef,France,18/06/2026_Ghana vs Panama,18/06/2026_Ghana vs Panama_Doreen Micallef,OK,OK,OK,OK,OK,1,0,0,0,0
,ce523505-4a7a-4442-baa7-36671dbd799d,46191,Uzbekistan vs Colombia,Uzbekistan vs Colombia,Uzbekistan,Colombia,Colombia,0,1,Doreen Micallef,France,18/06/2026_Uzbekistan vs Colombia,18/06/2026_Uzbekistan vs Colombia_Doreen Micallef,OK,OK,OK,OK,OK,1,3,3,0,3
,fe91da0e-88e0-4cd0-958d-98867da1c277,46191,Czechia vs South Africa,Czechia vs South Africa,Czechia,South Africa,Czechia,2,0,Doreen Micallef,France,18/06/2026_Czechia vs South Africa,18/06/2026_Czechia vs South Africa_Doreen Micallef,OK,OK,OK,OK,OK,1,1,0,0,0
,cbb7e983-8eed-4b7d-8e64-588fd4073df1,46191,Switzerland vs Bosnia-Herzegovina,Switzerland vs Bosnia-Herzegovina,Switzerland,Bosnia-Herzegovina,Switzerland,2,1,Doreen Micallef,France,18/06/2026_Switzerland vs Bosnia-Herzegovina,18/06/2026_Switzerland vs Bosnia-Herzegovina_Doreen Micallef,OK,OK,OK,OK,OK,4,1,3,0,3
,6df9787e-3d46-4214-809a-ca4b849ddf44,46192,Canada vs Qatar,Canada vs Qatar,Canada,Qatar,Canada,2,0,Doreen Micallef,France,19/06/2026_Canada vs Qatar,19/06/2026_Canada vs Qatar_Doreen Micallef,OK,OK,OK,OK,OK,6,0,3,0,3
,f3081c3b-cc2e-48e9-bfa8-90751a3089fb,46192,Mexico vs South Korea,Mexico vs South Korea,Mexico,South Korea,Tie,0,0,Doreen Micallef,France,19/06/2026_Mexico vs South Korea,19/06/2026_Mexico vs South Korea_Doreen Micallef,OK,OK,OK,OK,OK,1,0,0,0,0
,f879ae78-71fa-4085-a1f6-6ed2c9dbf4fd,46192,United States vs Australia,United States vs Australia,United States,Australia,United States,1,0,Doreen Micallef,France,19/06/2026_United States vs Australia,19/06/2026_United States vs Australia_Doreen Micallef,OK,OK,OK,OK,OK,2,0,3,0,3
,7b93e823-5055-4466-b1cf-7240c7ced7be,46193,Scotland vs Morocco,Scotland vs Morocco,Scotland,Morocco,Scotland,1,0,Doreen Micallef,France,20/06/2026_Scotland vs Morocco,20/06/2026_Scotland vs Morocco_Doreen Micallef,OK,OK,OK,OK,OK,0,1,0,0,0
,7bf6c110-1646-4798-b213-68a6263d4d65,46193,Brazil vs Haiti,Brazil vs Haiti,Brazil,Haiti,Brazil,3,0,Doreen Micallef,France,20/06/2026_Brazil vs Haiti,20/06/2026_Brazil vs Haiti_Doreen Micallef,OK,OK,OK,OK,OK,3,0,3,5,8
,d04d39f2-edd9-4786-9fb7-a98fae08d920,46193,Turkey vs Paraguay,Turkey vs Paraguay,Turkey,Paraguay,Turkey,2,1,Doreen Micallef,France,20/06/2026_Turkey vs Paraguay,20/06/2026_Turkey vs Paraguay_Doreen Micallef,OK,OK,OK,OK,OK,0,1,0,0,0
,76c0ccf8-2f95-4ad6-9afa-ff05c8373f1a,46193,Netherlands vs Sweden,Netherlands vs Sweden,Netherlands,Sweden,Netherlands,1,0,Doreen Micallef,France,20/06/2026_Netherlands vs Sweden,20/06/2026_Netherlands vs Sweden_Doreen Micallef,OK,OK,OK,OK,OK,5,1,3,0,3
,dde5ddfb-61ed-4a0e-bd4d-0d6da51c7bde,46193,Germany vs Ivory Coast,Germany vs Ivory Coast,Germany,Ivory Coast,Germany,2,0,Doreen Micallef,France,20/06/2026_Germany vs Ivory Coast,20/06/2026_Germany vs Ivory Coast_Doreen Micallef,OK,OK,OK,OK,OK,2,1,3,0,3
,77a3690c-eb56-4acc-a62e-1838c34d968f,46194,Ecuador vs Curaçao,Ecuador vs Curaçao,Ecuador,Curaçao,Tie,0,0,Doreen Micallef,France,21/06/2026_Ecuador vs Curaçao,21/06/2026_Ecuador vs Curaçao_Doreen Micallef,OK,OK,OK,OK,OK,0,0,3,5,8
,b354e269-1ff1-499e-be0c-97d6429e517c,46194,Tunisia vs Japan,Tunisia vs Japan,Tunisia,Japan,Japan,0,1,Doreen Micallef,France,21/06/2026_Tunisia vs Japan,21/06/2026_Tunisia vs Japan_Doreen Micallef,OK,OK,OK,OK,OK,0,4,3,0,3
,cd42b736-7135-4b83-925d-6c74e9a68bc3,46194,Spain vs Saudi Arabia,Spain vs Saudi Arabia,Spain,Saudi Arabia,Spain,2,0,Doreen Micallef,France,21/06/2026_Spain vs Saudi Arabia,21/06/2026_Spain vs Saudi Arabia_Doreen Micallef,OK,OK,OK,OK,OK,4,0,3,0,3
,e874c3b2-6e4b-4a14-a9a6-e12b1b6f8b2a,46194,Belgium vs Iran,Belgium vs Iran,Belgium,Iran,Belgium,1,0,Doreen Micallef,France,21/06/2026_Belgium vs Iran,21/06/2026_Belgium vs Iran_Doreen Micallef,OK,OK,OK,OK,OK,0,0,0,0,0
,4c998519-00dd-4f4e-ad46-65ec4b2f134b,46195,Uruguay vs Cape Verde Islands,Uruguay vs Cape Verde Islands,Uruguay,Cape Verde Islands,Uruguay,1,0,Doreen Micallef,France,22/06/2026_Uruguay vs Cape Verde Islands,22/06/2026_Uruguay vs Cape Verde Islands_Doreen Micallef,OK,OK,OK,OK,OK,2,2,0,0,0
,f781c405-f36d-44af-b23f-853ec0cd16a1,46195,New Zealand vs Egypt,New Zealand vs Egypt,New Zealand,Egypt,Tie,0,0,Doreen Micallef,France,22/06/2026_New Zealand vs Egypt,22/06/2026_New Zealand vs Egypt_Doreen Micallef,OK,OK,OK,OK,OK,1,3,0,0,0
,d3494d30-022a-49e8-bd4f-fa08c949ce32,46195,Argentina vs Austria,Argentina vs Austria,Argentina,Austria,Argentina,2,0,Doreen Micallef,France,22/06/2026_Argentina vs Austria,22/06/2026_Argentina vs Austria_Doreen Micallef,OK,OK,OK,OK,OK,2,0,3,5,8
,1f575aad-c63a-4bfa-b438-21f3a89b35bb,46195,France vs Iraq,France vs Iraq,France,Iraq,France,2,0,Doreen Micallef,France,22/06/2026_France vs Iraq,22/06/2026_France vs Iraq_Doreen Micallef,OK,OK,OK,OK,OK,3,0,3,0,3
,bfab904a-7ef8-467a-bc5a-eb11b87dfedb,46196,Norway vs Senegal,Norway vs Senegal,Norway,Senegal,Norway,1,0,Doreen Micallef,France,23/06/2026_Norway vs Senegal,23/06/2026_Norway vs Senegal_Doreen Micallef,OK,OK,OK,OK,OK,3,2,3,0,3
,21859170-1fd3-4c93-a590-e391493afed5,46196,Jordan vs Algeria,Jordan vs Algeria,Jordan,Algeria,Algeria,0,2,Doreen Micallef,France,23/06/2026_Jordan vs Algeria,23/06/2026_Jordan vs Algeria_Doreen Micallef,OK,OK,OK,OK,OK,1,2,3,0,3
,35317de0-f464-4c17-bcbd-cd9d79522bea,46196,Portugal vs Uzbekistan,Portugal vs Uzbekistan,Portugal,Uzbekistan,Tie,0,0,Doreen Micallef,France,23/06/2026_Portugal vs Uzbekistan,23/06/2026_Portugal vs Uzbekistan_Doreen Micallef,OK,OK,OK,OK,OK,5,0,0,0,0
,0ab6219f-35c8-426d-8b00-ef6798becd95,46196,England vs Ghana,England vs Ghana,England,Ghana,England,2,0,Doreen Micallef,France,23/06/2026_England vs Ghana,23/06/2026_England vs Ghana_Doreen Micallef,OK,OK,OK,OK,OK,0,0,0,0,0
,0942baf1-282d-4df8-8a43-bb0eda20f26d,46197,Panama vs Croatia,Panama vs Croatia,Panama,Croatia,Croatia,0,1,Doreen Micallef,France,24/06/2026_Panama vs Croatia,24/06/2026_Panama vs Croatia_Doreen Micallef,OK,OK,OK,OK,OK,0,1,3,5,8
,6018e615-36b5-4fec-855f-7202aca4f96f,46197,Colombia vs Congo DR,Colombia vs Congo DR,Colombia,Congo DR,Colombia,1,0,Doreen Micallef,France,24/06/2026_Colombia vs Congo DR,24/06/2026_Colombia vs Congo DR_Doreen Micallef,OK,OK,OK,OK,OK,1,0,3,5,8
,84a14a0e-ac8c-44e5-8481-43ae7b3e02ba,46197,Switzerland vs Canada,Switzerland vs Canada,Switzerland,Canada,Canada,0,1,Doreen Micallef,France,24/06/2026_Switzerland vs Canada,24/06/2026_Switzerland vs Canada_Doreen Micallef,OK,OK,OK,OK,OK,2,1,0,0,0
,3782fba4-a649-43f6-9cba-d1ecd41330fd,46197,Bosnia-Herzegovina vs Qatar,Bosnia-Herzegovina vs Qatar,Bosnia-Herzegovina,Qatar,Bosnia-Herzegovina,1,0,Doreen Micallef,France,24/06/2026_Bosnia-Herzegovina vs Qatar,24/06/2026_Bosnia-Herzegovina vs Qatar_Doreen Micallef,OK,OK,OK,OK,OK,3,1,3,0,3
,a63da7b8-5443-4e28-8248-ef638f1736ed,46198,Morocco vs Haiti,Morocco vs Haiti,Morocco,Haiti,Morocco,3,0,Doreen Micallef,France,25/06/2026_Morocco vs Haiti,25/06/2026_Morocco vs Haiti_Doreen Micallef,OK,OK,OK,OK,OK,4,2,3,0,3
,e360208d-ca55-43e6-980a-d6dd29b603df,46198,Scotland vs Brazil,Scotland vs Brazil,Scotland,Brazil,Brazil,0,1,Doreen Micallef,France,25/06/2026_Scotland vs Brazil,25/06/2026_Scotland vs Brazil_Doreen Micallef,OK,OK,OK,OK,OK,0,3,3,0,3
,a9bc2062-d40f-4831-8278-16bf02dd9fec,46198,South Africa vs South Korea,South Africa vs South Korea,South Africa,South Korea,South Korea,0,2,Doreen Micallef,France,25/06/2026_South Africa vs South Korea,25/06/2026_South Africa vs South Korea_Doreen Micallef,OK,OK,OK,OK,OK,1,0,0,0,0
,b06868ed-a9a2-4e58-93bf-279f42cc52c5,46198,Czechia vs Mexico,Czechia vs Mexico,Czechia,Mexico,Mexico,1,2,Doreen Micallef,France,25/06/2026_Czechia vs Mexico,25/06/2026_Czechia vs Mexico_Doreen Micallef,OK,OK,OK,OK,OK,0,3,3,0,3
,081d9a7b-d500-465b-81c4-8596fd5448be,46198,Curaçao vs Ivory Coast,Curaçao vs Ivory Coast,Curaçao,Ivory Coast,Ivory Coast,0,2,Doreen Micallef,France,25/06/2026_Curaçao vs Ivory Coast,25/06/2026_Curaçao vs Ivory Coast_Doreen Micallef,OK,OK,OK,OK,OK,0,2,3,5,8
,527b8522-d7f4-4a82-8e5d-f50da338f063,46198,Ecuador vs Germany,Ecuador vs Germany,Ecuador,Germany,Germany,0,3,Doreen Micallef,France,25/06/2026_Ecuador vs Germany,25/06/2026_Ecuador vs Germany_Doreen Micallef,OK,OK,OK,OK,OK,2,1,0,0,0
,70046e6c-15ff-40f4-88ef-1f98171e3f71,46199,Tunisia vs Netherlands,Tunisia vs Netherlands,Tunisia,Netherlands,Netherlands,0,2,Doreen Micallef,France,26/06/2026_Tunisia vs Netherlands,26/06/2026_Tunisia vs Netherlands_Doreen Micallef,OK,OK,OK,OK,OK,1,3,3,0,3
,fee58209-a123-42d7-a24c-3764b2f344d7,46199,Japan vs Sweden,Japan vs Sweden,Japan,Sweden,Tie,1,1,Doreen Micallef,France,26/06/2026_Japan vs Sweden,26/06/2026_Japan vs Sweden_Doreen Micallef,OK,OK,OK,OK,OK,1,1,3,5,8
,4616a583-0428-4133-918b-7c2427137c8e,46199,Turkey vs United States,Turkey vs United States,Turkey,United States,United States,1,2,Doreen Micallef,France,26/06/2026_Turkey vs United States,26/06/2026_Turkey vs United States_Doreen Micallef,OK,OK,OK,OK,OK,3,2,0,0,0
,e1460802-29fb-4d10-ba96-0a375b120f1e,46199,Paraguay vs Australia,Paraguay vs Australia,Paraguay,Australia,Tie,1,1,Doreen Micallef,France,26/06/2026_Paraguay vs Australia,26/06/2026_Paraguay vs Australia_Doreen Micallef,OK,OK,OK,OK,OK,0,0,3,0,3
,318fefb7-cad7-4834-8821-317d9026ac97,46199,Norway vs France,Norway vs France,Norway,France,France,1,2,Doreen Micallef,France,26/06/2026_Norway vs France,26/06/2026_Norway vs France_Doreen Micallef,OK,OK,OK,OK,OK,1,4,3,0,3
,4d9ccba9-e7f0-44e6-97e5-fc2d3190b7aa,46199,Senegal vs Iraq,Senegal vs Iraq,Senegal,Iraq,Senegal,2,0,Doreen Micallef,France,26/06/2026_Senegal vs Iraq,26/06/2026_Senegal vs Iraq_Doreen Micallef,OK,OK,OK,OK,OK,5,0,3,0,3
,c54d9f23-358a-433f-9a78-bbad49bab335,46200,Cape Verde Islands vs Saudi Arabia,Cape Verde Islands vs Saudi Arabia,Cape Verde Islands,Saudi Arabia,Saudi Arabia,0,2,Doreen Micallef,France,27/06/2026_Cape Verde Islands vs Saudi Arabia,27/06/2026_Cape Verde Islands vs Saudi Arabia_Doreen Micallef,OK,OK,OK,OK,OK,0,0,0,0,0
,fedbd1be-4c05-4175-a4df-b8c893bc02ae,46200,Uruguay vs Spain,Uruguay vs Spain,Uruguay,Spain,Tie,1,1,Doreen Micallef,France,27/06/2026_Uruguay vs Spain,27/06/2026_Uruguay vs Spain_Doreen Micallef,OK,OK,OK,OK,OK,0,1,0,0,0
,40b215c8-695e-4740-bf4d-9c0ff50ac856,46200,New Zealand vs Belgium,New Zealand vs Belgium,New Zealand,Belgium,Belgium,0,2,Doreen Micallef,France,27/06/2026_New Zealand vs Belgium,27/06/2026_New Zealand vs Belgium_Doreen Micallef,OK,OK,OK,OK,OK,1,5,3,0,3
,08c7b587-79e2-446f-9c92-48e2a520fbeb,46200,Egypt vs Iran,Egypt vs Iran,Egypt,Iran,Iran,0,1,Doreen Micallef,France,27/06/2026_Egypt vs Iran,27/06/2026_Egypt vs Iran_Doreen Micallef,OK,OK,OK,OK,OK,1,1,0,0,0
,ee623ecc-118b-460d-a1aa-3a9c8ffa6b09,46200,Panama vs England,Panama vs England,Panama,England,England,0,2,Doreen Micallef,France,27/06/2026_Panama vs England,27/06/2026_Panama vs England_Doreen Micallef,OK,OK,OK,OK,OK,0,2,3,5,8
,1e60a9ae-ab33-469a-94de-5d04487d57da,46200,Croatia vs Ghana,Croatia vs Ghana,Croatia,Ghana,Tie,1,1,Doreen Micallef,France,27/06/2026_Croatia vs Ghana,27/06/2026_Croatia vs Ghana_Doreen Micallef,OK,OK,OK,OK,OK,2,1,0,0,0
,9abc799d-febd-4545-ba2f-81a0a7083704,46201,Colombia vs Portugal,Colombia vs Portugal,Colombia,Portugal,Portugal,1,2,Doreen Micallef,France,28/06/2026_Colombia vs Portugal,28/06/2026_Colombia vs Portugal_Doreen Micallef,OK,OK,OK,OK,OK,0,0,0,0,0
,c442bd6c-6ca4-456c-a168-417a4bb557ed,46201,Congo DR vs Uzbekistan,Congo DR vs Uzbekistan,Congo DR,Uzbekistan,Tie,1,1,Doreen Micallef,France,28/06/2026_Congo DR vs Uzbekistan,28/06/2026_Congo DR vs Uzbekistan_Doreen Micallef,OK,OK,OK,OK,OK,3,1,0,0,0
,d99f29df-beb7-48a7-ab7f-1ff626f3a08c,46201,Algeria vs Austria,Algeria vs Austria,Algeria,Austria,Tie,1,1,Doreen Micallef,France,28/06/2026_Algeria vs Austria,28/06/2026_Algeria vs Austria_Doreen Micallef,OK,OK,OK,OK,OK,3,3,3,0,3
,a93c7c24-4d1e-40d0-81cb-4115e419daa7,46201,Jordan vs Argentina,Jordan vs Argentina,Jordan,Argentina,Argentina,0,2,Doreen Micallef,France,28/06/2026_Jordan vs Argentina,28/06/2026_Jordan vs Argentina_Doreen Micallef,OK,OK,OK,OK,OK,1,3,3,0,3
,c35cc3ca-7280-40be-b6c3-0f07278839e5,46184,Mexico vs South Africa,Mexico vs South Africa,Mexico,South Africa,South Africa,0,1,Martina Zammit,Argentina,11/06/2026_Mexico vs South Africa,11/06/2026_Mexico vs South Africa_Martina Zammit,OK,OK,OK,OK,OK,2,0,0,0,0
,305169e3-e0d0-40bc-b7a5-f57b0ada6c62,46185,South Korea vs Czechia,South Korea vs Czechia,South Korea,Czechia,Tie,0,0,Martina Zammit,Argentina,12/06/2026_South Korea vs Czechia,12/06/2026_South Korea vs Czechia_Martina Zammit,OK,OK,OK,OK,OK,2,1,0,0,0
,1a085ba4-44e7-4b6c-a73e-7b76877c78ac,46185,Canada vs Bosnia-Herzegovina,Canada vs Bosnia-Herzegovina,Canada,Bosnia-Herzegovina,Tie,0,0,Martina Zammit,Argentina,12/06/2026_Canada vs Bosnia-Herzegovina,12/06/2026_Canada vs Bosnia-Herzegovina_Martina Zammit,OK,OK,OK,OK,OK,1,1,3,0,3
,f06a4fde-a4b9-4a15-b03d-b17f71d22b37,46186,United States vs Paraguay,United States vs Paraguay,United States,Paraguay,Tie,1,1,Martina Zammit,Argentina,13/06/2026_United States vs Paraguay,13/06/2026_United States vs Paraguay_Martina Zammit,OK,OK,OK,OK,OK,4,1,0,0,0
,31e046d6-8c30-450a-807c-622d751cc5fa,46186,Qatar vs Switzerland,Qatar vs Switzerland,Qatar,Switzerland,Tie,1,1,Martina Zammit,Argentina,13/06/2026_Qatar vs Switzerland,13/06/2026_Qatar vs Switzerland_Martina Zammit,OK,OK,OK,OK,OK,1,1,3,5,8
,41951b9f-7e4e-46b7-a6a1-7c570b2d1cc4,46187,Brazil vs Morocco,Brazil vs Morocco,Brazil,Morocco,Brazil,3,1,Martina Zammit,Argentina,14/06/2026_Brazil vs Morocco,14/06/2026_Brazil vs Morocco_Martina Zammit,OK,OK,OK,OK,OK,1,1,0,0,0
,38a3fb07-99e3-4c89-8b68-c10d39e163f2,46187,Haiti vs Scotland,Haiti vs Scotland,Haiti,Scotland,Scotland,0,1,Martina Zammit,Argentina,14/06/2026_Haiti vs Scotland,14/06/2026_Haiti vs Scotland_Martina Zammit,OK,OK,OK,OK,OK,0,1,3,5,8
,f754914a-7b47-4d1d-82dd-e01ba37b0dc1,46187,Australia vs Turkey,Australia vs Turkey,Australia,Turkey,Australia,1,0,Martina Zammit,Argentina,14/06/2026_Australia vs Turkey,14/06/2026_Australia vs Turkey_Martina Zammit,OK,OK,OK,OK,OK,2,0,3,0,3
,f7670539-99cd-431e-888e-5a05f7d9df47,46187,Germany vs Curaçao,Germany vs Curaçao,Germany,Curaçao,Germany,3,1,Martina Zammit,Argentina,14/06/2026_Germany vs Curaçao,14/06/2026_Germany vs Curaçao_Martina Zammit,OK,OK,OK,OK,OK,7,1,3,0,3
,f77327b3-92e4-493d-bb4b-069a0994ba06,46187,Netherlands vs Japan,Netherlands vs Japan,Netherlands,Japan,Tie,2,2,Martina Zammit,Argentina,14/06/2026_Netherlands vs Japan,14/06/2026_Netherlands vs Japan_Martina Zammit,OK,OK,OK,OK,OK,2,2,3,5,8
,cd231c8c-bb41-4a17-8ac3-a816d629a4eb,46188,Ivory Coast vs Ecuador,Ivory Coast vs Ecuador,Ivory Coast,Ecuador,Ecuador,0,1,Martina Zammit,Argentina,15/06/2026_Ivory Coast vs Ecuador,15/06/2026_Ivory Coast vs Ecuador_Martina Zammit,OK,OK,OK,OK,OK,1,0,0,0,0
,51e9b967-c3fc-4c52-862d-d463dc7edfae,46188,Sweden vs Tunisia,Sweden vs Tunisia,Sweden,Tunisia,Sweden,1,0,Martina Zammit,Argentina,15/06/2026_Sweden vs Tunisia,15/06/2026_Sweden vs Tunisia_Martina Zammit,OK,OK,OK,OK,OK,5,1,3,0,3
,dad51a28-146c-4d6b-af7d-c756166d5314,46188,Belgium vs Egypt,Belgium vs Egypt,Belgium,Egypt,Tie,1,1,Martina Zammit,Argentina,15/06/2026_Belgium vs Egypt,15/06/2026_Belgium vs Egypt_Martina Zammit,OK,OK,OK,OK,OK,1,1,3,5,8
,2348a812-a526-4a7d-b837-a1f8863ab45e,46188,Spain vs Cape Verde Islands,Spain vs Cape Verde Islands,Spain,Cape Verde Islands,Spain,3,1,Martina Zammit,Argentina,15/06/2026_Spain vs Cape Verde Islands,15/06/2026_Spain vs Cape Verde Islands_Martina Zammit,OK,OK,OK,OK,OK,0,0,0,0,0
,e453f549-ee3b-41cb-bb83-2b2c2d1b1b9e,46189,Saudi Arabia vs Uruguay,Saudi Arabia vs Uruguay,Saudi Arabia,Uruguay,Tie,2,2,Martina Zammit,Argentina,16/06/2026_Saudi Arabia vs Uruguay,16/06/2026_Saudi Arabia vs Uruguay_Martina Zammit,OK,OK,OK,OK,OK,1,1,3,0,3
,3b452df2-1f1e-47dc-a70a-fcbc677e8cee,46189,Iran vs New Zealand,Iran vs New Zealand,Iran,New Zealand,New Zealand,0,1,Martina Zammit,Argentina,16/06/2026_Iran vs New Zealand,16/06/2026_Iran vs New Zealand_Martina Zammit,OK,OK,OK,OK,OK,2,2,0,0,0
,0a16df28-967f-4075-b555-9d776cea2b6a,46189,France vs Senegal,France vs Senegal,France,Senegal,Tie,1,1,Martina Zammit,Argentina,16/06/2026_France vs Senegal,16/06/2026_France vs Senegal_Martina Zammit,OK,OK,OK,OK,OK,3,1,0,0,0
,70a0d5db-675d-403a-a4e5-f98c1587a29f,46190,Iraq vs Norway,Iraq vs Norway,Iraq,Norway,Norway,0,1,Martina Zammit,Argentina,17/06/2026_Iraq vs Norway,17/06/2026_Iraq vs Norway_Martina Zammit,OK,OK,OK,OK,OK,1,4,3,0,3
,145e5705-1309-4bc7-ad6c-57d22936ce9d,46190,Argentina vs Algeria,Argentina vs Algeria,Argentina,Algeria,Argentina,3,1,Martina Zammit,Argentina,17/06/2026_Argentina vs Algeria,17/06/2026_Argentina vs Algeria_Martina Zammit,OK,OK,OK,OK,OK,3,0,3,0,3
,2dd9cf15-5f7c-4e29-aae9-cda511fec735,46190,Austria vs Jordan,Austria vs Jordan,Austria,Jordan,Austria,1,0,Martina Zammit,Argentina,17/06/2026_Austria vs Jordan,17/06/2026_Austria vs Jordan_Martina Zammit,OK,OK,OK,OK,OK,3,1,3,0,3
,df4012a2-2927-43c4-a0f9-ce16e6d36e59,46190,Portugal vs Congo DR,Portugal vs Congo DR,Portugal,Congo DR,Portugal,2,1,Martina Zammit,Argentina,17/06/2026_Portugal vs Congo DR,17/06/2026_Portugal vs Congo DR_Martina Zammit,OK,OK,OK,OK,OK,1,1,0,0,0
,98c8e64e-a495-44e9-ae43-9e45676b6aba,46190,England vs Croatia,England vs Croatia,England,Croatia,England,3,1,Martina Zammit,Argentina,17/06/2026_England vs Croatia,17/06/2026_England vs Croatia_Martina Zammit,OK,OK,OK,OK,OK,4,2,3,0,3
,7f039e67-00a5-434f-944b-fb2edcbb6449,46191,Ghana vs Panama,Ghana vs Panama,Ghana,Panama,Tie,0,0,Martina Zammit,Argentina,18/06/2026_Ghana vs Panama,18/06/2026_Ghana vs Panama_Martina Zammit,OK,OK,OK,OK,OK,1,0,0,0,0
,379e42e7-973b-4d78-9126-750826056f52,46191,Uzbekistan vs Colombia,Uzbekistan vs Colombia,Uzbekistan,Colombia,Tie,1,1,Martina Zammit,Argentina,18/06/2026_Uzbekistan vs Colombia,18/06/2026_Uzbekistan vs Colombia_Martina Zammit,OK,OK,OK,OK,OK,1,3,0,0,0
,4d2212f7-9c56-404c-80f8-1b4220b83b6f,46191,Czechia vs South Africa,Czechia vs South Africa,Czechia,South Africa,Czechia,1,0,Martina Zammit,Argentina,18/06/2026_Czechia vs South Africa,18/06/2026_Czechia vs South Africa_Martina Zammit,OK,OK,OK,OK,OK,1,1,0,0,0
,7ed4a250-2d12-4787-b40d-77d239d32e32,46191,Switzerland vs Bosnia-Herzegovina,Switzerland vs Bosnia-Herzegovina,Switzerland,Bosnia-Herzegovina,Bosnia-Herzegovina,1,2,Martina Zammit,Argentina,18/06/2026_Switzerland vs Bosnia-Herzegovina,18/06/2026_Switzerland vs Bosnia-Herzegovina_Martina Zammit,OK,OK,OK,OK,OK,4,1,0,0,0
,1d9b44b5-0a9d-4798-8f09-34b91a528af4,46192,Canada vs Qatar,Canada vs Qatar,Canada,Qatar,Canada,1,0,Martina Zammit,Argentina,19/06/2026_Canada vs Qatar,19/06/2026_Canada vs Qatar_Martina Zammit,OK,OK,OK,OK,OK,6,0,3,0,3
,0ac4676e-88b6-4b82-ac29-48f9dbc6066c,46192,Mexico vs South Korea,Mexico vs South Korea,Mexico,South Korea,Tie,0,0,Martina Zammit,Argentina,19/06/2026_Mexico vs South Korea,19/06/2026_Mexico vs South Korea_Martina Zammit,OK,OK,OK,OK,OK,1,0,0,0,0
,8fa08519-d30f-4296-9f31-566e5f7b0b1c,46192,United States vs Australia,United States vs Australia,United States,Australia,Tie,1,1,Martina Zammit,Argentina,19/06/2026_United States vs Australia,19/06/2026_United States vs Australia_Martina Zammit,OK,OK,OK,OK,OK,2,0,0,0,0
,6ad59e10-419c-4de1-9a23-4eadb340fe60,46193,Scotland vs Morocco,Scotland vs Morocco,Scotland,Morocco,Scotland,1,0,Martina Zammit,Argentina,20/06/2026_Scotland vs Morocco,20/06/2026_Scotland vs Morocco_Martina Zammit,OK,OK,OK,OK,OK,0,1,0,0,0
,86da5f5c-b7eb-4936-a46f-09797dbc83b2,46193,Brazil vs Haiti,Brazil vs Haiti,Brazil,Haiti,Brazil,3,1,Martina Zammit,Argentina,20/06/2026_Brazil vs Haiti,20/06/2026_Brazil vs Haiti_Martina Zammit,OK,OK,OK,OK,OK,3,0,3,0,3
,daec3cea-d226-4016-9dc3-ec8d32a239c2,46193,Turkey vs Paraguay,Turkey vs Paraguay,Turkey,Paraguay,Paraguay,0,1,Martina Zammit,Argentina,20/06/2026_Turkey vs Paraguay,20/06/2026_Turkey vs Paraguay_Martina Zammit,OK,OK,OK,OK,OK,0,1,3,5,8
,32daabe4-d3b1-434d-be85-757a3f4a8b5e,46193,Netherlands vs Sweden,Netherlands vs Sweden,Netherlands,Sweden,Tie,2,2,Martina Zammit,Argentina,20/06/2026_Netherlands vs Sweden,20/06/2026_Netherlands vs Sweden_Martina Zammit,OK,OK,OK,OK,OK,5,1,0,0,0
,16ec4f1a-8e81-4502-9fd4-e4c25f919f4d,46193,Germany vs Ivory Coast,Germany vs Ivory Coast,Germany,Ivory Coast,Germany,2,1,Martina Zammit,Argentina,20/06/2026_Germany vs Ivory Coast,20/06/2026_Germany vs Ivory Coast_Martina Zammit,OK,OK,OK,OK,OK,2,1,3,5,8
,91cbad33-c059-4b6b-8a15-71c2efa27f74,46194,Ecuador vs Curaçao,Ecuador vs Curaçao,Ecuador,Curaçao,Curaçao,0,1,Martina Zammit,Argentina,21/06/2026_Ecuador vs Curaçao,21/06/2026_Ecuador vs Curaçao_Martina Zammit,OK,OK,OK,OK,OK,0,0,0,0,0
,9cd74d31-e681-45b4-a5b1-7158f61af86d,46194,Tunisia vs Japan,Tunisia vs Japan,Tunisia,Japan,Tunisia,1,0,Martina Zammit,Argentina,21/06/2026_Tunisia vs Japan,21/06/2026_Tunisia vs Japan_Martina Zammit,OK,OK,OK,OK,OK,0,4,0,0,0
,e581a828-2540-47d1-bc5c-fedaac6f7176,46194,Spain vs Saudi Arabia,Spain vs Saudi Arabia,Spain,Saudi Arabia,Spain,3,1,Martina Zammit,Argentina,21/06/2026_Spain vs Saudi Arabia,21/06/2026_Spain vs Saudi Arabia_Martina Zammit,OK,OK,OK,OK,OK,4,0,3,0,3
,fc9d5007-c9e0-4321-a8a0-709c2baad531,46194,Belgium vs Iran,Belgium vs Iran,Belgium,Iran,Iran,1,2,Martina Zammit,Argentina,21/06/2026_Belgium vs Iran,21/06/2026_Belgium vs Iran_Martina Zammit,OK,OK,OK,OK,OK,0,0,0,0,0
,1f9fb618-0fa3-431c-aa2b-b64499a5ef50,46195,Uruguay vs Cape Verde Islands,Uruguay vs Cape Verde Islands,Uruguay,Cape Verde Islands,Cape Verde Islands,1,2,Martina Zammit,Argentina,22/06/2026_Uruguay vs Cape Verde Islands,22/06/2026_Uruguay vs Cape Verde Islands_Martina Zammit,OK,OK,OK,OK,OK,2,2,0,0,0
,45ef4647-9aec-47db-bfa9-c718cd7be16e,46195,New Zealand vs Egypt,New Zealand vs Egypt,New Zealand,Egypt,Egypt,0,1,Martina Zammit,Argentina,22/06/2026_New Zealand vs Egypt,22/06/2026_New Zealand vs Egypt_Martina Zammit,OK,OK,OK,OK,OK,1,3,3,0,3
,e26dbfbd-e10d-4f5b-9600-705d5bb8f165,46195,Argentina vs Austria,Argentina vs Austria,Argentina,Austria,Argentina,3,1,Martina Zammit,Argentina,22/06/2026_Argentina vs Austria,22/06/2026_Argentina vs Austria_Martina Zammit,OK,OK,OK,OK,OK,2,0,3,0,3
,743d4be5-7ab8-408f-982a-5ee27fd46a4b,46195,France vs Iraq,France vs Iraq,France,Iraq,Tie,1,1,Martina Zammit,Argentina,22/06/2026_France vs Iraq,22/06/2026_France vs Iraq_Martina Zammit,OK,OK,OK,OK,OK,3,0,0,0,0
,9eb3bf24-0163-4c46-92d7-464034c679be,46196,Norway vs Senegal,Norway vs Senegal,Norway,Senegal,Tie,0,0,Martina Zammit,Argentina,23/06/2026_Norway vs Senegal,23/06/2026_Norway vs Senegal_Martina Zammit,OK,OK,OK,OK,OK,3,2,0,0,0
,2b428366-81da-42ce-a329-ad6654c86f99,46196,Jordan vs Algeria,Jordan vs Algeria,Jordan,Algeria,Algeria,0,1,Martina Zammit,Argentina,23/06/2026_Jordan vs Algeria,23/06/2026_Jordan vs Algeria_Martina Zammit,OK,OK,OK,OK,OK,1,2,3,0,3
,e97ff7f7-7bfb-443f-b55d-b09b60a6917e,46196,Portugal vs Uzbekistan,Portugal vs Uzbekistan,Portugal,Uzbekistan,Portugal,3,1,Martina Zammit,Argentina,23/06/2026_Portugal vs Uzbekistan,23/06/2026_Portugal vs Uzbekistan_Martina Zammit,OK,OK,OK,OK,OK,5,0,3,0,3
,d705b941-2798-43dd-a9a6-2fe1ce6247ec,46196,England vs Ghana,England vs Ghana,England,Ghana,England,2,1,Martina Zammit,Argentina,23/06/2026_England vs Ghana,23/06/2026_England vs Ghana_Martina Zammit,OK,OK,OK,OK,OK,0,0,0,0,0
,0399388d-418c-43fb-90d5-fe35ff120520,46197,Panama vs Croatia,Panama vs Croatia,Panama,Croatia,Panama,1,0,Martina Zammit,Argentina,24/06/2026_Panama vs Croatia,24/06/2026_Panama vs Croatia_Martina Zammit,OK,OK,OK,OK,OK,0,1,0,0,0
,4b65ef36-2cc8-4383-b34a-23c6957ade19,46197,Colombia vs Congo DR,Colombia vs Congo DR,Colombia,Congo DR,Tie,2,2,Martina Zammit,Argentina,24/06/2026_Colombia vs Congo DR,24/06/2026_Colombia vs Congo DR_Martina Zammit,OK,OK,OK,OK,OK,1,0,0,0,0
,4255c210-2eaa-41b1-b9ac-f6bf93d9351a,46197,Switzerland vs Canada,Switzerland vs Canada,Switzerland,Canada,Tie,1,1,Martina Zammit,Argentina,24/06/2026_Switzerland vs Canada,24/06/2026_Switzerland vs Canada_Martina Zammit,OK,OK,OK,OK,OK,2,1,0,0,0
,29af3e60-f986-4050-9772-fac6422a8625,46197,Bosnia-Herzegovina vs Qatar,Bosnia-Herzegovina vs Qatar,Bosnia-Herzegovina,Qatar,Tie,0,0,Martina Zammit,Argentina,24/06/2026_Bosnia-Herzegovina vs Qatar,24/06/2026_Bosnia-Herzegovina vs Qatar_Martina Zammit,OK,OK,OK,OK,OK,3,1,0,0,0
,964fe3a5-81af-45ad-a012-29d4f49a4202,46198,Morocco vs Haiti,Morocco vs Haiti,Morocco,Haiti,Tie,0,0,Martina Zammit,Argentina,25/06/2026_Morocco vs Haiti,25/06/2026_Morocco vs Haiti_Martina Zammit,OK,OK,OK,OK,OK,4,2,0,0,0
,c6b1210e-786a-4e96-9dfa-bd90c0418dd3,46198,Scotland vs Brazil,Scotland vs Brazil,Scotland,Brazil,Scotland,2,1,Martina Zammit,Argentina,25/06/2026_Scotland vs Brazil,25/06/2026_Scotland vs Brazil_Martina Zammit,OK,OK,OK,OK,OK,0,3,0,0,0
,edc33674-3331-49ae-b68f-34d6222f0a43,46198,South Africa vs South Korea,South Africa vs South Korea,South Africa,South Korea,Tie,0,0,Martina Zammit,Argentina,25/06/2026_South Africa vs South Korea,25/06/2026_South Africa vs South Korea_Martina Zammit,OK,OK,OK,OK,OK,1,0,0,0,0
,5065365f-e5af-437a-af1d-3985e25abfe1,46198,Czechia vs Mexico,Czechia vs Mexico,Czechia,Mexico,Czechia,1,0,Martina Zammit,Argentina,25/06/2026_Czechia vs Mexico,25/06/2026_Czechia vs Mexico_Martina Zammit,OK,OK,OK,OK,OK,0,3,0,0,0
,e791b801-e282-4d52-bdf3-18245adee46e,46198,Curaçao vs Ivory Coast,Curaçao vs Ivory Coast,Curaçao,Ivory Coast,Ivory Coast,0,1,Martina Zammit,Argentina,25/06/2026_Curaçao vs Ivory Coast,25/06/2026_Curaçao vs Ivory Coast_Martina Zammit,OK,OK,OK,OK,OK,0,2,3,0,3
,4afe80c6-e972-438a-bad4-e69403d608fc,46198,Ecuador vs Germany,Ecuador vs Germany,Ecuador,Germany,Ecuador,3,1,Martina Zammit,Argentina,25/06/2026_Ecuador vs Germany,25/06/2026_Ecuador vs Germany_Martina Zammit,OK,OK,OK,OK,OK,2,1,3,0,3
,00d5181e-d517-469d-abf5-15293aa90454,46199,Tunisia vs Netherlands,Tunisia vs Netherlands,Tunisia,Netherlands,Netherlands,1,2,Martina Zammit,Argentina,26/06/2026_Tunisia vs Netherlands,26/06/2026_Tunisia vs Netherlands_Martina Zammit,OK,OK,OK,OK,OK,1,3,3,0,3
,6f9850cd-0e17-4d7f-b070-ba6f0e7f47d6,46199,Japan vs Sweden,Japan vs Sweden,Japan,Sweden,Sweden,0,1,Martina Zammit,Argentina,26/06/2026_Japan vs Sweden,26/06/2026_Japan vs Sweden_Martina Zammit,OK,OK,OK,OK,OK,1,1,0,0,0
,ed4a0caa-88e7-427f-aa26-575950588565,46199,Turkey vs United States,Turkey vs United States,Turkey,United States,United States,1,2,Martina Zammit,Argentina,26/06/2026_Turkey vs United States,26/06/2026_Turkey vs United States_Martina Zammit,OK,OK,OK,OK,OK,3,2,0,0,0
,95f9aa8f-2dc3-40ef-8c36-5f61943bd830,46199,Paraguay vs Australia,Paraguay vs Australia,Paraguay,Australia,Australia,0,1,Martina Zammit,Argentina,26/06/2026_Paraguay vs Australia,26/06/2026_Paraguay vs Australia_Martina Zammit,OK,OK,OK,OK,OK,0,0,0,0,0
,64232db1-0afb-43b6-b3c3-911cffb92f3a,46199,Norway vs France,Norway vs France,Norway,France,Tie,1,1,Martina Zammit,Argentina,26/06/2026_Norway vs France,26/06/2026_Norway vs France_Martina Zammit,OK,OK,OK,OK,OK,1,4,0,0,0
,c779a5e4-dc59-478c-af88-a6d281e8feb7,46199,Senegal vs Iraq,Senegal vs Iraq,Senegal,Iraq,Iraq,0,1,Martina Zammit,Argentina,26/06/2026_Senegal vs Iraq,26/06/2026_Senegal vs Iraq_Martina Zammit,OK,OK,OK,OK,OK,5,0,0,0,0
,6d032051-d190-4366-9efb-27a5cbb55b78,46200,Cape Verde Islands vs Saudi Arabia,Cape Verde Islands vs Saudi Arabia,Cape Verde Islands,Saudi Arabia,Cape Verde Islands,1,0,Martina Zammit,Argentina,27/06/2026_Cape Verde Islands vs Saudi Arabia,27/06/2026_Cape Verde Islands vs Saudi Arabia_Martina Zammit,OK,OK,OK,OK,OK,0,0,0,0,0
,cb0200ea-5526-4bc5-97cf-e33038e10929,46200,Uruguay vs Spain,Uruguay vs Spain,Uruguay,Spain,Uruguay,3,1,Martina Zammit,Argentina,27/06/2026_Uruguay vs Spain,27/06/2026_Uruguay vs Spain_Martina Zammit,OK,OK,OK,OK,OK,0,1,0,0,0
,18884d62-e26f-4cf2-9f4d-ff2beb23e9b0,46200,New Zealand vs Belgium,New Zealand vs Belgium,New Zealand,Belgium,Tie,1,1,Martina Zammit,Argentina,27/06/2026_New Zealand vs Belgium,27/06/2026_New Zealand vs Belgium_Martina Zammit,OK,OK,OK,OK,OK,1,5,0,0,0
,f3a56527-713d-43d0-a680-10cf8696eaf1,46200,Egypt vs Iran,Egypt vs Iran,Egypt,Iran,Egypt,1,0,Martina Zammit,Argentina,27/06/2026_Egypt vs Iran,27/06/2026_Egypt vs Iran_Martina Zammit,OK,OK,OK,OK,OK,1,1,0,0,0
,60143e89-0f35-4842-95e6-4d819e6d2138,46200,Panama vs England,Panama vs England,Panama,England,Tie,1,1,Martina Zammit,Argentina,27/06/2026_Panama vs England,27/06/2026_Panama vs England_Martina Zammit,OK,OK,OK,OK,OK,0,2,0,0,0
,c49abf12-c914-400d-8bd2-9868b02643c8,46200,Croatia vs Ghana,Croatia vs Ghana,Croatia,Ghana,Tie,0,0,Martina Zammit,Argentina,27/06/2026_Croatia vs Ghana,27/06/2026_Croatia vs Ghana_Martina Zammit,OK,OK,OK,OK,OK,2,1,0,0,0
,da93dacd-6ac6-4008-a1e5-ad0cb3fc5730,46201,Colombia vs Portugal,Colombia vs Portugal,Colombia,Portugal,Colombia,3,1,Martina Zammit,Argentina,28/06/2026_Colombia vs Portugal,28/06/2026_Colombia vs Portugal_Martina Zammit,OK,OK,OK,OK,OK,0,0,0,0,0
,55c5af59-5058-4952-afd6-cfb48aa7be6b,46201,Congo DR vs Uzbekistan,Congo DR vs Uzbekistan,Congo DR,Uzbekistan,Tie,0,0,Martina Zammit,Argentina,28/06/2026_Congo DR vs Uzbekistan,28/06/2026_Congo DR vs Uzbekistan_Martina Zammit,OK,OK,OK,OK,OK,3,1,0,0,0
,47311775-61a1-4c2c-9038-9c96c8ad0e99,46201,Algeria vs Austria,Algeria vs Austria,Algeria,Austria,Austria,0,1,Martina Zammit,Argentina,28/06/2026_Algeria vs Austria,28/06/2026_Algeria vs Austria_Martina Zammit,OK,OK,OK,OK,OK,3,3,0,0,0
,54b4c00b-0e76-4e5b-a15e-f730a0b25b29,46201,Jordan vs Argentina,Jordan vs Argentina,Jordan,Argentina,Jordan,3,1,Martina Zammit,Argentina,28/06/2026_Jordan vs Argentina,28/06/2026_Jordan vs Argentina_Martina Zammit,OK,OK,OK,OK,OK,1,3,0,0,0
,788a80d5-711b-4d9d-81a2-1c4c55becfff,46184,Mexico vs South Africa,Mexico vs South Africa,Mexico,South Africa,Mexico,2,1,Marija Cini Portelli,England,11/06/2026_Mexico vs South Africa,11/06/2026_Mexico vs South Africa_Marija Cini Portelli,OK,OK,OK,OK,OK,2,0,3,0,3
,0c71b7d0-94de-4175-97a5-e86d7624e03a,46185,South Korea vs Czechia,South Korea vs Czechia,South Korea,Czechia,Tie,1,1,Marija Cini Portelli,England,12/06/2026_South Korea vs Czechia,12/06/2026_South Korea vs Czechia_Marija Cini Portelli,OK,OK,OK,OK,OK,2,1,0,0,0
,01bc22cf-4db4-4960-a949-68827a8fcf4f,46185,Canada vs Bosnia-Herzegovina,Canada vs Bosnia-Herzegovina,Canada,Bosnia-Herzegovina,Canada,2,1,Marija Cini Portelli,England,12/06/2026_Canada vs Bosnia-Herzegovina,12/06/2026_Canada vs Bosnia-Herzegovina_Marija Cini Portelli,OK,OK,OK,OK,OK,1,1,0,0,0
,1ac3de2e-e63c-435f-beb5-806c3dc404aa,46186,United States vs Paraguay,United States vs Paraguay,United States,Paraguay,United States,1,0,Marija Cini Portelli,England,13/06/2026_United States vs Paraguay,13/06/2026_United States vs Paraguay_Marija Cini Portelli,OK,OK,OK,OK,OK,4,1,3,0,3
,6fa33e4f-3741-495b-8576-7f971025bb92,46186,Qatar vs Switzerland,Qatar vs Switzerland,Qatar,Switzerland,Switzerland,0,2,Marija Cini Portelli,England,13/06/2026_Qatar vs Switzerland,13/06/2026_Qatar vs Switzerland_Marija Cini Portelli,OK,OK,OK,OK,OK,1,1,0,0,0
,69a40204-cb99-4034-9715-2cf2cee79d2f,46187,Brazil vs Morocco,Brazil vs Morocco,Brazil,Morocco,Brazil,2,1,Marija Cini Portelli,England,14/06/2026_Brazil vs Morocco,14/06/2026_Brazil vs Morocco_Marija Cini Portelli,OK,OK,OK,OK,OK,1,1,0,0,0
,1e0e1998-0823-4a05-ae43-59da80525e2a,46187,Haiti vs Scotland,Haiti vs Scotland,Haiti,Scotland,Scotland,0,2,Marija Cini Portelli,England,14/06/2026_Haiti vs Scotland,14/06/2026_Haiti vs Scotland_Marija Cini Portelli,OK,OK,OK,OK,OK,0,1,3,0,3
,ce0e484d-ab96-4b44-9cb3-524fcc4df2cb,46187,Australia vs Turkey,Australia vs Turkey,Australia,Turkey,Tie,1,1,Marija Cini Portelli,England,14/06/2026_Australia vs Turkey,14/06/2026_Australia vs Turkey_Marija Cini Portelli,OK,OK,OK,OK,OK,2,0,0,0,0
,49ec616a-4594-4681-bbb0-3836827e020e,46187,Germany vs Curaçao,Germany vs Curaçao,Germany,Curaçao,Germany,3,0,Marija Cini Portelli,England,14/06/2026_Germany vs Curaçao,14/06/2026_Germany vs Curaçao_Marija Cini Portelli,OK,OK,OK,OK,OK,7,1,3,0,3
,b7a2b033-4406-40c3-9cf9-e7cfde8d756c,46187,Netherlands vs Japan,Netherlands vs Japan,Netherlands,Japan,Netherlands,2,1,Marija Cini Portelli,England,14/06/2026_Netherlands vs Japan,14/06/2026_Netherlands vs Japan_Marija Cini Portelli,OK,OK,OK,OK,OK,2,2,0,0,0
,fc951aba-9a89-4af9-8e78-f5d7e1956d98,46188,Ivory Coast vs Ecuador,Ivory Coast vs Ecuador,Ivory Coast,Ecuador,Tie,1,1,Marija Cini Portelli,England,15/06/2026_Ivory Coast vs Ecuador,15/06/2026_Ivory Coast vs Ecuador_Marija Cini Portelli,OK,OK,OK,OK,OK,1,0,0,0,0
,f2e4744d-a143-46ea-859f-f17a833ecc7f,46188,Sweden vs Tunisia,Sweden vs Tunisia,Sweden,Tunisia,Sweden,2,1,Marija Cini Portelli,England,15/06/2026_Sweden vs Tunisia,15/06/2026_Sweden vs Tunisia_Marija Cini Portelli,OK,OK,OK,OK,OK,5,1,3,0,3
,efd5d960-aa6b-4409-9b74-864a416daf64,46188,Belgium vs Egypt,Belgium vs Egypt,Belgium,Egypt,Belgium,2,1,Marija Cini Portelli,England,15/06/2026_Belgium vs Egypt,15/06/2026_Belgium vs Egypt_Marija Cini Portelli,OK,OK,OK,OK,OK,1,1,0,0,0
,40ced532-8873-4efb-958e-beea2f51591b,46188,Spain vs Cape Verde Islands,Spain vs Cape Verde Islands,Spain,Cape Verde Islands,Spain,4,0,Marija Cini Portelli,England,15/06/2026_Spain vs Cape Verde Islands,15/06/2026_Spain vs Cape Verde Islands_Marija Cini Portelli,OK,OK,OK,OK,OK,0,0,0,0,0
,64475b3e-2898-4e9f-9b83-10f443771575,46189,Saudi Arabia vs Uruguay,Saudi Arabia vs Uruguay,Saudi Arabia,Uruguay,Uruguay,0,2,Marija Cini Portelli,England,16/06/2026_Saudi Arabia vs Uruguay,16/06/2026_Saudi Arabia vs Uruguay_Marija Cini Portelli,OK,OK,OK,OK,OK,1,1,0,0,0
,2bfeb8df-7c85-41b9-8959-abdffd952abe,46189,Iran vs New Zealand,Iran vs New Zealand,Iran,New Zealand,Iran,1,0,Marija Cini Portelli,England,16/06/2026_Iran vs New Zealand,16/06/2026_Iran vs New Zealand_Marija Cini Portelli,OK,OK,OK,OK,OK,2,2,0,0,0
,46b1b2d7-6350-47e0-ae65-c224ea32f41b,46189,France vs Senegal,France vs Senegal,France,Senegal,France,2,1,Marija Cini Portelli,England,16/06/2026_France vs Senegal,16/06/2026_France vs Senegal_Marija Cini Portelli,OK,OK,OK,OK,OK,3,1,3,0,3
,62eea42d-40b8-420e-a8a4-ce08b2c77a38,46190,Iraq vs Norway,Iraq vs Norway,Iraq,Norway,Norway,0,3,Marija Cini Portelli,England,17/06/2026_Iraq vs Norway,17/06/2026_Iraq vs Norway_Marija Cini Portelli,OK,OK,OK,OK,OK,1,4,3,0,3
,b0e47b91-4851-4b74-94e6-b6816b1e8b63,46190,Argentina vs Algeria,Argentina vs Algeria,Argentina,Algeria,Argentina,2,0,Marija Cini Portelli,England,17/06/2026_Argentina vs Algeria,17/06/2026_Argentina vs Algeria_Marija Cini Portelli,OK,OK,OK,OK,OK,3,0,3,0,3
,ca2101ad-0773-4736-8a9a-25f8678a2d47,46190,Austria vs Jordan,Austria vs Jordan,Austria,Jordan,Austria,2,0,Marija Cini Portelli,England,17/06/2026_Austria vs Jordan,17/06/2026_Austria vs Jordan_Marija Cini Portelli,OK,OK,OK,OK,OK,3,1,3,0,3
,5f711b4f-9d21-4d74-b8f4-d70a6ce84313,46190,Portugal vs Congo DR,Portugal vs Congo DR,Portugal,Congo DR,Portugal,2,0,Marija Cini Portelli,England,17/06/2026_Portugal vs Congo DR,17/06/2026_Portugal vs Congo DR_Marija Cini Portelli,OK,OK,OK,OK,OK,1,1,0,0,0
,71417dc1-baee-4848-b86d-e8b2da72783d,46190,England vs Croatia,England vs Croatia,England,Croatia,England,2,0,Marija Cini Portelli,England,17/06/2026_England vs Croatia,17/06/2026_England vs Croatia_Marija Cini Portelli,OK,OK,OK,OK,OK,4,2,3,0,3
,14982b39-753d-441c-87c6-2f187bc128fd,46191,Ghana vs Panama,Ghana vs Panama,Ghana,Panama,Ghana,2,1,Marija Cini Portelli,England,18/06/2026_Ghana vs Panama,18/06/2026_Ghana vs Panama_Marija Cini Portelli,OK,OK,OK,OK,OK,1,0,3,0,3
,723b2100-dfa8-456a-a04c-b8b622193654,46191,Uzbekistan vs Colombia,Uzbekistan vs Colombia,Uzbekistan,Colombia,Colombia,0,2,Marija Cini Portelli,England,18/06/2026_Uzbekistan vs Colombia,18/06/2026_Uzbekistan vs Colombia_Marija Cini Portelli,OK,OK,OK,OK,OK,1,3,3,0,3
,2d5a4f16-3594-4787-a63e-9100cb1c4b89,46191,Czechia vs South Africa,Czechia vs South Africa,Czechia,South Africa,Czechia,1,0,Marija Cini Portelli,England,18/06/2026_Czechia vs South Africa,18/06/2026_Czechia vs South Africa_Marija Cini Portelli,OK,OK,OK,OK,OK,1,1,0,0,0
,27438982-5cad-4f82-b231-ee2f1d75ee61,46191,Switzerland vs Bosnia-Herzegovina,Switzerland vs Bosnia-Herzegovina,Switzerland,Bosnia-Herzegovina,Switzerland,2,1,Marija Cini Portelli,England,18/06/2026_Switzerland vs Bosnia-Herzegovina,18/06/2026_Switzerland vs Bosnia-Herzegovina_Marija Cini Portelli,OK,OK,OK,OK,OK,4,1,3,0,3
,a41ccc30-52aa-4c59-8afc-47a415deca24,46192,Canada vs Qatar,Canada vs Qatar,Canada,Qatar,Canada,2,0,Marija Cini Portelli,England,19/06/2026_Canada vs Qatar,19/06/2026_Canada vs Qatar_Marija Cini Portelli,OK,OK,OK,OK,OK,6,0,3,0,3
,b28a5814-f6dc-4b6e-8a78-cec07ae8e635,46192,Mexico vs South Korea,Mexico vs South Korea,Mexico,South Korea,Mexico,2,1,Marija Cini Portelli,England,19/06/2026_Mexico vs South Korea,19/06/2026_Mexico vs South Korea_Marija Cini Portelli,OK,OK,OK,OK,OK,1,0,3,0,3
,15427e02-9934-4e81-b7a1-18ba3d1a559d,46192,United States vs Australia,United States vs Australia,United States,Australia,United States,2,0,Marija Cini Portelli,England,19/06/2026_United States vs Australia,19/06/2026_United States vs Australia_Marija Cini Portelli,OK,OK,OK,OK,OK,2,0,3,5,8
,6f05b904-b7fc-462e-90d3-f8b4b41bc3af,46193,Scotland vs Morocco,Scotland vs Morocco,Scotland,Morocco,Morocco,1,2,Marija Cini Portelli,England,20/06/2026_Scotland vs Morocco,20/06/2026_Scotland vs Morocco_Marija Cini Portelli,OK,OK,OK,OK,OK,0,1,3,0,3
,876bef70-fdc6-4fe0-bc4d-34cd88b8a8fc,46193,Brazil vs Haiti,Brazil vs Haiti,Brazil,Haiti,Brazil,4,0,Marija Cini Portelli,England,20/06/2026_Brazil vs Haiti,20/06/2026_Brazil vs Haiti_Marija Cini Portelli,OK,OK,OK,OK,OK,3,0,3,0,3
,ba6881ea-3dc5-47e1-a21e-84e21a9dff09,46193,Turkey vs Paraguay,Turkey vs Paraguay,Turkey,Paraguay,Turkey,2,1,Marija Cini Portelli,England,20/06/2026_Turkey vs Paraguay,20/06/2026_Turkey vs Paraguay_Marija Cini Portelli,OK,OK,OK,OK,OK,0,1,0,0,0
,83059801-d124-45ae-b2e1-6af9019af1cb,46193,Netherlands vs Sweden,Netherlands vs Sweden,Netherlands,Sweden,Netherlands,2,1,Marija Cini Portelli,England,20/06/2026_Netherlands vs Sweden,20/06/2026_Netherlands vs Sweden_Marija Cini Portelli,OK,OK,OK,OK,OK,5,1,3,0,3
,08d593a0-158e-4c55-a28b-e7509484fb03,46193,Germany vs Ivory Coast,Germany vs Ivory Coast,Germany,Ivory Coast,Germany,2,1,Marija Cini Portelli,England,20/06/2026_Germany vs Ivory Coast,20/06/2026_Germany vs Ivory Coast_Marija Cini Portelli,OK,OK,OK,OK,OK,2,1,3,5,8
,c006a1a5-5963-43bd-9dce-b349633ddfd7,46194,Ecuador vs Curaçao,Ecuador vs Curaçao,Ecuador,Curaçao,Ecuador,2,0,Marija Cini Portelli,England,21/06/2026_Ecuador vs Curaçao,21/06/2026_Ecuador vs Curaçao_Marija Cini Portelli,OK,OK,OK,OK,OK,0,0,0,0,0
,f821bd10-c576-4153-b395-eabc4e472646,46194,Tunisia vs Japan,Tunisia vs Japan,Tunisia,Japan,Japan,0,2,Marija Cini Portelli,England,21/06/2026_Tunisia vs Japan,21/06/2026_Tunisia vs Japan_Marija Cini Portelli,OK,OK,OK,OK,OK,0,4,3,0,3
,eb40259c-ab39-4475-84d7-6acf6a46b055,46194,Spain vs Saudi Arabia,Spain vs Saudi Arabia,Spain,Saudi Arabia,Spain,3,0,Marija Cini Portelli,England,21/06/2026_Spain vs Saudi Arabia,21/06/2026_Spain vs Saudi Arabia_Marija Cini Portelli,OK,OK,OK,OK,OK,4,0,3,0,3
,c20530c9-6a90-40d4-a8c6-2c31984257b9,46194,Belgium vs Iran,Belgium vs Iran,Belgium,Iran,Belgium,2,0,Marija Cini Portelli,England,21/06/2026_Belgium vs Iran,21/06/2026_Belgium vs Iran_Marija Cini Portelli,OK,OK,OK,OK,OK,0,0,0,0,0
,5738a9ea-6c2a-413d-9552-397e22d16129,46195,Uruguay vs Cape Verde Islands,Uruguay vs Cape Verde Islands,Uruguay,Cape Verde Islands,Uruguay,2,0,Marija Cini Portelli,England,22/06/2026_Uruguay vs Cape Verde Islands,22/06/2026_Uruguay vs Cape Verde Islands_Marija Cini Portelli,OK,OK,OK,OK,OK,2,2,0,0,0
,830b8353-1b7c-4e83-8c49-5def8144f00a,46195,New Zealand vs Egypt,New Zealand vs Egypt,New Zealand,Egypt,Tie,1,1,Marija Cini Portelli,England,22/06/2026_New Zealand vs Egypt,22/06/2026_New Zealand vs Egypt_Marija Cini Portelli,OK,OK,OK,OK,OK,1,3,0,0,0
,1e1546c3-6da5-4b95-b477-d33361e7265f,46195,Argentina vs Austria,Argentina vs Austria,Argentina,Austria,Argentina,2,1,Marija Cini Portelli,England,22/06/2026_Argentina vs Austria,22/06/2026_Argentina vs Austria_Marija Cini Portelli,OK,OK,OK,OK,OK,2,0,3,0,3
,55f9b09b-55b8-4b72-8b29-a0f864f99466,46195,France vs Iraq,France vs Iraq,France,Iraq,France,3,0,Marija Cini Portelli,England,22/06/2026_France vs Iraq,22/06/2026_France vs Iraq_Marija Cini Portelli,OK,OK,OK,OK,OK,3,0,3,5,8
,b64844f8-0420-4160-add6-d39ad48bde7c,46196,Norway vs Senegal,Norway vs Senegal,Norway,Senegal,Tie,1,1,Marija Cini Portelli,England,23/06/2026_Norway vs Senegal,23/06/2026_Norway vs Senegal_Marija Cini Portelli,OK,OK,OK,OK,OK,3,2,0,0,0
,38414d59-4a99-4144-b718-b611b6813136,46196,Jordan vs Algeria,Jordan vs Algeria,Jordan,Algeria,Algeria,0,1,Marija Cini Portelli,England,23/06/2026_Jordan vs Algeria,23/06/2026_Jordan vs Algeria_Marija Cini Portelli,OK,OK,OK,OK,OK,1,2,3,0,3
,2c6d7ea3-73c5-4b48-bfb4-e051b32207fd,46196,Portugal vs Uzbekistan,Portugal vs Uzbekistan,Portugal,Uzbekistan,Portugal,2,0,Marija Cini Portelli,England,23/06/2026_Portugal vs Uzbekistan,23/06/2026_Portugal vs Uzbekistan_Marija Cini Portelli,OK,OK,OK,OK,OK,5,0,3,0,3
,20c8efc2-3c76-4b33-9d0b-e218b6ac8cc8,46196,England vs Ghana,England vs Ghana,England,Ghana,England,2,0,Marija Cini Portelli,England,23/06/2026_England vs Ghana,23/06/2026_England vs Ghana_Marija Cini Portelli,OK,OK,OK,OK,OK,0,0,0,0,0
,d63ca28f-ff80-4498-a7bf-81a363d1c50b,46197,Panama vs Croatia,Panama vs Croatia,Panama,Croatia,Croatia,0,2,Marija Cini Portelli,England,24/06/2026_Panama vs Croatia,24/06/2026_Panama vs Croatia_Marija Cini Portelli,OK,OK,OK,OK,OK,0,1,3,0,3
,b11658fc-d498-4d8e-af6c-9a4cb9b8ad91,46197,Colombia vs Congo DR,Colombia vs Congo DR,Colombia,Congo DR,Colombia,2,0,Marija Cini Portelli,England,24/06/2026_Colombia vs Congo DR,24/06/2026_Colombia vs Congo DR_Marija Cini Portelli,OK,OK,OK,OK,OK,1,0,3,0,3
,62d2fbd7-e73a-464e-87bc-90d4b4afe955,46197,Switzerland vs Canada,Switzerland vs Canada,Switzerland,Canada,Tie,1,1,Marija Cini Portelli,England,24/06/2026_Switzerland vs Canada,24/06/2026_Switzerland vs Canada_Marija Cini Portelli,OK,OK,OK,OK,OK,2,1,0,0,0
,61d57c97-7313-4eef-8fc6-329b19a96269,46197,Bosnia-Herzegovina vs Qatar,Bosnia-Herzegovina vs Qatar,Bosnia-Herzegovina,Qatar,Bosnia-Herzegovina,2,1,Marija Cini Portelli,England,24/06/2026_Bosnia-Herzegovina vs Qatar,24/06/2026_Bosnia-Herzegovina vs Qatar_Marija Cini Portelli,OK,OK,OK,OK,OK,3,1,3,0,3
,ec8cc70a-d7f3-4bd6-91b5-ad4226e25efc,46198,Morocco vs Haiti,Morocco vs Haiti,Morocco,Haiti,Morocco,3,0,Marija Cini Portelli,England,25/06/2026_Morocco vs Haiti,25/06/2026_Morocco vs Haiti_Marija Cini Portelli,OK,OK,OK,OK,OK,4,2,3,0,3
,1eea2415-30a8-4eb8-8a5b-3ae0efc5190b,46198,Scotland vs Brazil,Scotland vs Brazil,Scotland,Brazil,Brazil,0,2,Marija Cini Portelli,England,25/06/2026_Scotland vs Brazil,25/06/2026_Scotland vs Brazil_Marija Cini Portelli,OK,OK,OK,OK,OK,0,3,3,0,3
,d10f4479-5239-442a-84c4-9447fa4ae02d,46198,South Africa vs South Korea,South Africa vs South Korea,South Africa,South Korea,Tie,1,1,Marija Cini Portelli,England,25/06/2026_South Africa vs South Korea,25/06/2026_South Africa vs South Korea_Marija Cini Portelli,OK,OK,OK,OK,OK,1,0,0,0,0
,8f83362a-1c46-45fe-a763-a09194726117,46198,Czechia vs Mexico,Czechia vs Mexico,Czechia,Mexico,Mexico,1,2,Marija Cini Portelli,England,25/06/2026_Czechia vs Mexico,25/06/2026_Czechia vs Mexico_Marija Cini Portelli,OK,OK,OK,OK,OK,0,3,3,0,3
,5fa5c124-dba0-4081-9842-6e89f818f982,46198,Curaçao vs Ivory Coast,Curaçao vs Ivory Coast,Curaçao,Ivory Coast,Ivory Coast,0,2,Marija Cini Portelli,England,25/06/2026_Curaçao vs Ivory Coast,25/06/2026_Curaçao vs Ivory Coast_Marija Cini Portelli,OK,OK,OK,OK,OK,0,2,3,5,8
,ffc335fe-7fa7-41fe-85da-842c0e6ff8a6,46198,Ecuador vs Germany,Ecuador vs Germany,Ecuador,Germany,Tie,1,1,Marija Cini Portelli,England,25/06/2026_Ecuador vs Germany,25/06/2026_Ecuador vs Germany_Marija Cini Portelli,OK,OK,OK,OK,OK,2,1,0,0,0
,2c72c089-1cf1-4525-8ace-d75e4dc46456,46199,Tunisia vs Netherlands,Tunisia vs Netherlands,Tunisia,Netherlands,Netherlands,0,2,Marija Cini Portelli,England,26/06/2026_Tunisia vs Netherlands,26/06/2026_Tunisia vs Netherlands_Marija Cini Portelli,OK,OK,OK,OK,OK,1,3,3,0,3
,fb8a442b-e8ad-43ab-a915-4f3006fd5a8b,46199,Japan vs Sweden,Japan vs Sweden,Japan,Sweden,Tie,1,1,Marija Cini Portelli,England,26/06/2026_Japan vs Sweden,26/06/2026_Japan vs Sweden_Marija Cini Portelli,OK,OK,OK,OK,OK,1,1,3,5,8
,3d1c3c15-66f2-4657-bf66-ecb351844dad,46199,Turkey vs United States,Turkey vs United States,Turkey,United States,Tie,1,1,Marija Cini Portelli,England,26/06/2026_Turkey vs United States,26/06/2026_Turkey vs United States_Marija Cini Portelli,OK,OK,OK,OK,OK,3,2,0,0,0
,5c792e86-4657-4604-a75d-19d7beb6ea4b,46199,Paraguay vs Australia,Paraguay vs Australia,Paraguay,Australia,Paraguay,1,0,Marija Cini Portelli,England,26/06/2026_Paraguay vs Australia,26/06/2026_Paraguay vs Australia_Marija Cini Portelli,OK,OK,OK,OK,OK,0,0,0,0,0
,e304da8b-2f80-4be3-82a9-1f3e8c3d7f64,46199,Norway vs France,Norway vs France,Norway,France,France,1,2,Marija Cini Portelli,England,26/06/2026_Norway vs France,26/06/2026_Norway vs France_Marija Cini Portelli,OK,OK,OK,OK,OK,1,4,3,0,3
,2c679017-ab0c-4bd5-ae5f-5db966657298,46199,Senegal vs Iraq,Senegal vs Iraq,Senegal,Iraq,Senegal,2,0,Marija Cini Portelli,England,26/06/2026_Senegal vs Iraq,26/06/2026_Senegal vs Iraq_Marija Cini Portelli,OK,OK,OK,OK,OK,5,0,3,0,3
,746eb0e2-cd2b-4f5c-b289-b2d4af96d669,46200,Cape Verde Islands vs Saudi Arabia,Cape Verde Islands vs Saudi Arabia,Cape Verde Islands,Saudi Arabia,Tie,1,1,Marija Cini Portelli,England,27/06/2026_Cape Verde Islands vs Saudi Arabia,27/06/2026_Cape Verde Islands vs Saudi Arabia_Marija Cini Portelli,OK,OK,OK,OK,OK,0,0,3,0,3
,3b90330c-bbe0-4ece-aeca-5a533417612f,46200,Uruguay vs Spain,Uruguay vs Spain,Uruguay,Spain,Spain,1,2,Marija Cini Portelli,England,27/06/2026_Uruguay vs Spain,27/06/2026_Uruguay vs Spain_Marija Cini Portelli,OK,OK,OK,OK,OK,0,1,3,0,3
,fa5df857-2ae9-463c-8e3d-0189e873ac03,46200,New Zealand vs Belgium,New Zealand vs Belgium,New Zealand,Belgium,Belgium,0,2,Marija Cini Portelli,England,27/06/2026_New Zealand vs Belgium,27/06/2026_New Zealand vs Belgium_Marija Cini Portelli,OK,OK,OK,OK,OK,1,5,3,0,3
,1e4ca50b-941d-46fd-89d5-7bcde2a51dfd,46200,Egypt vs Iran,Egypt vs Iran,Egypt,Iran,Tie,1,1,Marija Cini Portelli,England,27/06/2026_Egypt vs Iran,27/06/2026_Egypt vs Iran_Marija Cini Portelli,OK,OK,OK,OK,OK,1,1,3,5,8
,0d7fb3de-1e27-409d-b822-07466225da71,46200,Panama vs England,Panama vs England,Panama,England,England,0,3,Marija Cini Portelli,England,27/06/2026_Panama vs England,27/06/2026_Panama vs England_Marija Cini Portelli,OK,OK,OK,OK,OK,0,2,3,0,3
,04d5d113-15de-4984-9b5b-4b13ae0b454b,46200,Croatia vs Ghana,Croatia vs Ghana,Croatia,Ghana,Croatia,2,1,Marija Cini Portelli,England,27/06/2026_Croatia vs Ghana,27/06/2026_Croatia vs Ghana_Marija Cini Portelli,OK,OK,OK,OK,OK,2,1,3,5,8
,19ea4a91-9766-486e-9c6a-7521b7452034,46201,Colombia vs Portugal,Colombia vs Portugal,Colombia,Portugal,Tie,1,1,Marija Cini Portelli,England,28/06/2026_Colombia vs Portugal,28/06/2026_Colombia vs Portugal_Marija Cini Portelli,OK,OK,OK,OK,OK,0,0,3,0,3
,1ead8cb8-160f-4450-9af8-7a5d14ddd484,46201,Congo DR vs Uzbekistan,Congo DR vs Uzbekistan,Congo DR,Uzbekistan,Uzbekistan,0,1,Marija Cini Portelli,England,28/06/2026_Congo DR vs Uzbekistan,28/06/2026_Congo DR vs Uzbekistan_Marija Cini Portelli,OK,OK,OK,OK,OK,3,1,0,0,0
,b458ba4c-5439-4e1e-96d6-5dbca73de201,46201,Algeria vs Austria,Algeria vs Austria,Algeria,Austria,Tie,1,1,Marija Cini Portelli,England,28/06/2026_Algeria vs Austria,28/06/2026_Algeria vs Austria_Marija Cini Portelli,OK,OK,OK,OK,OK,3,3,3,0,3
,76b8addd-a952-4050-8f29-2fc04c2f144d,46201,Jordan vs Argentina,Jordan vs Argentina,Jordan,Argentina,Argentina,0,3,Marija Cini Portelli,England,28/06/2026_Jordan vs Argentina,28/06/2026_Jordan vs Argentina_Marija Cini Portelli,OK,OK,OK,OK,OK,1,3,3,0,3
,6f430ea4-1aab-43dc-9ff0-0a3e4004cd80,46184,Mexico vs South Africa,Mexico vs South Africa,Mexico,South Africa,Mexico,2,0,Zara Acosta,Argentina,11/06/2026_Mexico vs South Africa,11/06/2026_Mexico vs South Africa_Zara Acosta,OK,OK,OK,OK,OK,2,0,3,5,8
,ff1bcfda-fbb5-46ba-aaa2-f8d7257841b3,46185,South Korea vs Czechia,South Korea vs Czechia,South Korea,Czechia,South Korea,1,0,Zara Acosta,Argentina,12/06/2026_South Korea vs Czechia,12/06/2026_South Korea vs Czechia_Zara Acosta,OK,OK,OK,OK,OK,2,1,3,0,3
,a0020726-c1b1-465d-a6a0-99c25b870d8b,46185,Canada vs Bosnia-Herzegovina,Canada vs Bosnia-Herzegovina,Canada,Bosnia-Herzegovina,Canada,2,1,Zara Acosta,Argentina,12/06/2026_Canada vs Bosnia-Herzegovina,12/06/2026_Canada vs Bosnia-Herzegovina_Zara Acosta,OK,OK,OK,OK,OK,1,1,0,0,0
,698dd3e8-e0ef-418e-b8d9-ab3de32b56ab,46186,United States vs Paraguay,United States vs Paraguay,United States,Paraguay,Paraguay,1,2,Zara Acosta,Argentina,13/06/2026_United States vs Paraguay,13/06/2026_United States vs Paraguay_Zara Acosta,OK,OK,OK,OK,OK,4,1,0,0,0
,6db1d940-5744-4d57-85de-9579bc60d746,46186,Qatar vs Switzerland,Qatar vs Switzerland,Qatar,Switzerland,Switzerland,0,1,Zara Acosta,Argentina,13/06/2026_Qatar vs Switzerland,13/06/2026_Qatar vs Switzerland_Zara Acosta,OK,OK,OK,OK,OK,1,1,0,0,0
,bb68d480-bad4-4f1c-924b-25a3b8d42096,46187,Brazil vs Morocco,Brazil vs Morocco,Brazil,Morocco,Brazil,3,1,Zara Acosta,Argentina,14/06/2026_Brazil vs Morocco,14/06/2026_Brazil vs Morocco_Zara Acosta,OK,OK,OK,OK,OK,1,1,0,0,0
,3aa66e14-7ed5-4d22-936c-523618a28c92,46187,Haiti vs Scotland,Haiti vs Scotland,Haiti,Scotland,Haiti,2,0,Zara Acosta,Argentina,14/06/2026_Haiti vs Scotland,14/06/2026_Haiti vs Scotland_Zara Acosta,OK,OK,OK,OK,OK,0,1,0,0,0
,64cfe71a-e2bf-443d-9a8e-dca6a271383f,46187,Australia vs Turkey,Australia vs Turkey,Australia,Turkey,Turkey,1,2,Zara Acosta,Argentina,14/06/2026_Australia vs Turkey,14/06/2026_Australia vs Turkey_Zara Acosta,OK,OK,OK,OK,OK,2,0,0,0,0
,767d894d-106d-4b52-b73a-3d97d98ed507,46187,Germany vs Curaçao,Germany vs Curaçao,Germany,Curaçao,Germany,2,0,Zara Acosta,Argentina,14/06/2026_Germany vs Curaçao,14/06/2026_Germany vs Curaçao_Zara Acosta,OK,OK,OK,OK,OK,7,1,3,0,3
,e0d382cf-eee9-46ac-8902-a04c26984dd3,46187,Netherlands vs Japan,Netherlands vs Japan,Netherlands,Japan,Netherlands,3,1,Zara Acosta,Argentina,14/06/2026_Netherlands vs Japan,14/06/2026_Netherlands vs Japan_Zara Acosta,OK,OK,OK,OK,OK,2,2,0,0,0
,b6177518-a00b-45ad-ba1e-53b78ac49bf6,46188,Ivory Coast vs Ecuador,Ivory Coast vs Ecuador,Ivory Coast,Ecuador,Ecuador,0,1,Zara Acosta,Argentina,15/06/2026_Ivory Coast vs Ecuador,15/06/2026_Ivory Coast vs Ecuador_Zara Acosta,OK,OK,OK,OK,OK,1,0,0,0,0
,9290aaf8-4e16-47cc-9114-5c2e7d3181de,46188,Sweden vs Tunisia,Sweden vs Tunisia,Sweden,Tunisia,Sweden,2,1,Zara Acosta,Argentina,15/06/2026_Sweden vs Tunisia,15/06/2026_Sweden vs Tunisia_Zara Acosta,OK,OK,OK,OK,OK,5,1,3,0,3
,c5f772fc-ba2d-4d44-849d-2e07af14779b,46188,Belgium vs Egypt,Belgium vs Egypt,Belgium,Egypt,Belgium,1,0,Zara Acosta,Argentina,15/06/2026_Belgium vs Egypt,15/06/2026_Belgium vs Egypt_Zara Acosta,OK,OK,OK,OK,OK,1,1,0,0,0
,11edc961-083b-40e5-a95a-4660385bf500,46188,Spain vs Cape Verde Islands,Spain vs Cape Verde Islands,Spain,Cape Verde Islands,Spain,3,0,Zara Acosta,Argentina,15/06/2026_Spain vs Cape Verde Islands,15/06/2026_Spain vs Cape Verde Islands_Zara Acosta,OK,OK,OK,OK,OK,0,0,0,0,0
,eec8c3a7-0238-4415-b9ac-e32b6299beaf,46189,Saudi Arabia vs Uruguay,Saudi Arabia vs Uruguay,Saudi Arabia,Uruguay,Uruguay,1,3,Zara Acosta,Argentina,16/06/2026_Saudi Arabia vs Uruguay,16/06/2026_Saudi Arabia vs Uruguay_Zara Acosta,OK,OK,OK,OK,OK,1,1,0,0,0
,01518f8e-7290-4083-86ed-4bf6bcc478e1,46189,Iran vs New Zealand,Iran vs New Zealand,Iran,New Zealand,New Zealand,0,1,Zara Acosta,Argentina,16/06/2026_Iran vs New Zealand,16/06/2026_Iran vs New Zealand_Zara Acosta,OK,OK,OK,OK,OK,2,2,0,0,0
,0ebacb3b-5734-4db9-8d5a-5d66c2d8bf26,46189,France vs Senegal,France vs Senegal,France,Senegal,France,2,1,Zara Acosta,Argentina,16/06/2026_France vs Senegal,16/06/2026_France vs Senegal_Zara Acosta,OK,OK,OK,OK,OK,3,1,3,0,3
,5bb9d1eb-78bf-4df9-b3aa-017d67a18fb9,46190,Iraq vs Norway,Iraq vs Norway,Iraq,Norway,Norway,1,2,Zara Acosta,Argentina,17/06/2026_Iraq vs Norway,17/06/2026_Iraq vs Norway_Zara Acosta,OK,OK,OK,OK,OK,1,4,3,0,3
,97ae44fa-dfdd-41f2-b831-e01cc2d2b75f,46190,Argentina vs Algeria,Argentina vs Algeria,Argentina,Algeria,Argentina,3,0,Zara Acosta,Argentina,17/06/2026_Argentina vs Algeria,17/06/2026_Argentina vs Algeria_Zara Acosta,OK,OK,OK,OK,OK,3,0,3,5,8
,38415581-89cf-4552-8dcd-11f4d6a6977d,46190,Austria vs Jordan,Austria vs Jordan,Austria,Jordan,Austria,1,0,Zara Acosta,Argentina,17/06/2026_Austria vs Jordan,17/06/2026_Austria vs Jordan_Zara Acosta,OK,OK,OK,OK,OK,3,1,3,0,3
,242d64fa-dda7-4073-a90d-125935981102,46190,Portugal vs Congo DR,Portugal vs Congo DR,Portugal,Congo DR,Portugal,2,1,Zara Acosta,Argentina,17/06/2026_Portugal vs Congo DR,17/06/2026_Portugal vs Congo DR_Zara Acosta,OK,OK,OK,OK,OK,1,1,0,0,0
,81d54552-ecdf-4e9f-bd12-defb2adc7e87,46190,England vs Croatia,England vs Croatia,England,Croatia,England,1,0,Zara Acosta,Argentina,17/06/2026_England vs Croatia,17/06/2026_England vs Croatia_Zara Acosta,OK,OK,OK,OK,OK,4,2,3,0,3
,781ad1f6-fcdd-4322-966e-f559842cd9e0,46191,Ghana vs Panama,Ghana vs Panama,Ghana,Panama,Panama,1,2,Zara Acosta,Argentina,18/06/2026_Ghana vs Panama,18/06/2026_Ghana vs Panama_Zara Acosta,OK,OK,OK,OK,OK,1,0,0,0,0
,46af7c16-c729-4932-929b-798614297867,46191,Uzbekistan vs Colombia,Uzbekistan vs Colombia,Uzbekistan,Colombia,Colombia,1,3,Zara Acosta,Argentina,18/06/2026_Uzbekistan vs Colombia,18/06/2026_Uzbekistan vs Colombia_Zara Acosta,OK,OK,OK,OK,OK,1,3,3,5,8
,bd54241a-80f7-45a0-b1bd-dccce57f0c6a,46191,Czechia vs South Africa,Czechia vs South Africa,Czechia,South Africa,Czechia,1,0,Zara Acosta,Argentina,18/06/2026_Czechia vs South Africa,18/06/2026_Czechia vs South Africa_Zara Acosta,OK,OK,OK,OK,OK,1,1,0,0,0
,269dab32-3a15-479c-b6d6-70a019d52495,46191,Switzerland vs Bosnia-Herzegovina,Switzerland vs Bosnia-Herzegovina,Switzerland,Bosnia-Herzegovina,Switzerland,2,1,Zara Acosta,Argentina,18/06/2026_Switzerland vs Bosnia-Herzegovina,18/06/2026_Switzerland vs Bosnia-Herzegovina_Zara Acosta,OK,OK,OK,OK,OK,4,1,3,0,3
,b1ad84e7-b419-4b2f-a4fb-0daeb0edd4fc,46192,Canada vs Qatar,Canada vs Qatar,Canada,Qatar,Canada,1,0,Zara Acosta,Argentina,19/06/2026_Canada vs Qatar,19/06/2026_Canada vs Qatar_Zara Acosta,OK,OK,OK,OK,OK,6,0,3,0,3
,fbb947e9-e2a8-44e6-b15b-b6abde765f58,46192,Mexico vs South Korea,Mexico vs South Korea,Mexico,South Korea,Mexico,2,1,Zara Acosta,Argentina,19/06/2026_Mexico vs South Korea,19/06/2026_Mexico vs South Korea_Zara Acosta,OK,OK,OK,OK,OK,1,0,3,0,3
,595fc0ce-22dd-4884-a886-1f28e4d9f4a3,46192,United States vs Australia,United States vs Australia,United States,Australia,United States,1,0,Zara Acosta,Argentina,19/06/2026_United States vs Australia,19/06/2026_United States vs Australia_Zara Acosta,OK,OK,OK,OK,OK,2,0,3,0,3
,198a980c-91fc-4b73-acc5-9a3763616c7f,46193,Scotland vs Morocco,Scotland vs Morocco,Scotland,Morocco,Tie,1,1,Zara Acosta,Argentina,20/06/2026_Scotland vs Morocco,20/06/2026_Scotland vs Morocco_Zara Acosta,OK,OK,OK,OK,OK,0,1,0,0,0
,3f3dee55-d384-459f-bd06-e37fa2a9f5d3,46193,Brazil vs Haiti,Brazil vs Haiti,Brazil,Haiti,Brazil,3,2,Zara Acosta,Argentina,20/06/2026_Brazil vs Haiti,20/06/2026_Brazil vs Haiti_Zara Acosta,OK,OK,OK,OK,OK,3,0,3,0,3
,0c1bcfdf-5b88-4a83-b08c-6706a320c858,46193,Turkey vs Paraguay,Turkey vs Paraguay,Turkey,Paraguay,Turkey,1,0,Zara Acosta,Argentina,20/06/2026_Turkey vs Paraguay,20/06/2026_Turkey vs Paraguay_Zara Acosta,OK,OK,OK,OK,OK,0,1,0,0,0
,ee76283f-3e06-4d1c-83d2-229453bbf629,46193,Netherlands vs Sweden,Netherlands vs Sweden,Netherlands,Sweden,Netherlands,2,1,Zara Acosta,Argentina,20/06/2026_Netherlands vs Sweden,20/06/2026_Netherlands vs Sweden_Zara Acosta,OK,OK,OK,OK,OK,5,1,3,0,3
,9408b401-fbe3-4c2d-a337-91a1395440f9,46193,Germany vs Ivory Coast,Germany vs Ivory Coast,Germany,Ivory Coast,Germany,2,0,Zara Acosta,Argentina,20/06/2026_Germany vs Ivory Coast,20/06/2026_Germany vs Ivory Coast_Zara Acosta,OK,OK,OK,OK,OK,2,1,3,0,3
,5b78c93e-b703-43a4-942e-4d75268dfef5,46194,Ecuador vs Curaçao,Ecuador vs Curaçao,Ecuador,Curaçao,Ecuador,3,1,Zara Acosta,Argentina,21/06/2026_Ecuador vs Curaçao,21/06/2026_Ecuador vs Curaçao_Zara Acosta,OK,OK,OK,OK,OK,0,0,0,0,0
,844fbcbc-f846-40d7-ac8d-17d60347f8c5,46194,Tunisia vs Japan,Tunisia vs Japan,Tunisia,Japan,Japan,1,2,Zara Acosta,Argentina,21/06/2026_Tunisia vs Japan,21/06/2026_Tunisia vs Japan_Zara Acosta,OK,OK,OK,OK,OK,0,4,3,0,3
,ceb91daf-0e62-4592-b1f6-60f9a5e5b4a7,46194,Spain vs Saudi Arabia,Spain vs Saudi Arabia,Spain,Saudi Arabia,Spain,2,0,Zara Acosta,Argentina,21/06/2026_Spain vs Saudi Arabia,21/06/2026_Spain vs Saudi Arabia_Zara Acosta,OK,OK,OK,OK,OK,4,0,3,0,3
,c5fce32a-b78c-4f5e-96d5-35ccb6fb2fac,46194,Belgium vs Iran,Belgium vs Iran,Belgium,Iran,Belgium,2,1,Zara Acosta,Argentina,21/06/2026_Belgium vs Iran,21/06/2026_Belgium vs Iran_Zara Acosta,OK,OK,OK,OK,OK,0,0,0,0,0
,08aa6feb-91aa-4b99-bd36-91790c1e5b69,46195,Uruguay vs Cape Verde Islands,Uruguay vs Cape Verde Islands,Uruguay,Cape Verde Islands,Uruguay,2,0,Zara Acosta,Argentina,22/06/2026_Uruguay vs Cape Verde Islands,22/06/2026_Uruguay vs Cape Verde Islands_Zara Acosta,OK,OK,OK,OK,OK,2,2,0,0,0
,0f47080d-58bb-48a8-8975-49ab76192d67,46195,New Zealand vs Egypt,New Zealand vs Egypt,New Zealand,Egypt,New Zealand,1,0,Zara Acosta,Argentina,22/06/2026_New Zealand vs Egypt,22/06/2026_New Zealand vs Egypt_Zara Acosta,OK,OK,OK,OK,OK,1,3,0,0,0
,706c3376-6aeb-4e8a-abb2-a904c482ebb1,46195,Argentina vs Austria,Argentina vs Austria,Argentina,Austria,Argentina,2,0,Zara Acosta,Argentina,22/06/2026_Argentina vs Austria,22/06/2026_Argentina vs Austria_Zara Acosta,OK,OK,OK,OK,OK,2,0,3,5,8
,32e6a498-3c30-43b8-a3b5-96a5ee5b8c5c,46195,France vs Iraq,France vs Iraq,France,Iraq,France,2,1,Zara Acosta,Argentina,22/06/2026_France vs Iraq,22/06/2026_France vs Iraq_Zara Acosta,OK,OK,OK,OK,OK,3,0,3,0,3
,00680720-b79d-4e31-9943-6ead1edd1238,46196,Norway vs Senegal,Norway vs Senegal,Norway,Senegal,Norway,2,1,Zara Acosta,Argentina,23/06/2026_Norway vs Senegal,23/06/2026_Norway vs Senegal_Zara Acosta,OK,OK,OK,OK,OK,3,2,3,0,3
,9a0b975e-a78d-4cc2-a58a-4c5c5f6a8150,46196,Jordan vs Algeria,Jordan vs Algeria,Jordan,Algeria,Jordan,1,0,Zara Acosta,Argentina,23/06/2026_Jordan vs Algeria,23/06/2026_Jordan vs Algeria_Zara Acosta,OK,OK,OK,OK,OK,1,2,0,0,0
,66923b93-7d83-45ea-9e04-db3d9b031b58,46196,Portugal vs Uzbekistan,Portugal vs Uzbekistan,Portugal,Uzbekistan,Portugal,3,0,Zara Acosta,Argentina,23/06/2026_Portugal vs Uzbekistan,23/06/2026_Portugal vs Uzbekistan_Zara Acosta,OK,OK,OK,OK,OK,5,0,3,0,3
,82c3d7c9-982c-4d42-878f-1fc8fcc7fc86,46196,England vs Ghana,England vs Ghana,England,Ghana,England,2,1,Zara Acosta,Argentina,23/06/2026_England vs Ghana,23/06/2026_England vs Ghana_Zara Acosta,OK,OK,OK,OK,OK,0,0,0,0,0
,b228681d-59a2-4b6b-a283-ff10faabebb5,46197,Panama vs Croatia,Panama vs Croatia,Panama,Croatia,Panama,3,2,Zara Acosta,Argentina,24/06/2026_Panama vs Croatia,24/06/2026_Panama vs Croatia_Zara Acosta,OK,OK,OK,OK,OK,0,1,0,0,0
,558f69e3-09e2-4ae2-a9c3-e316bd2ddcc2,46197,Colombia vs Congo DR,Colombia vs Congo DR,Colombia,Congo DR,Colombia,3,0,Zara Acosta,Argentina,24/06/2026_Colombia vs Congo DR,24/06/2026_Colombia vs Congo DR_Zara Acosta,OK,OK,OK,OK,OK,1,0,3,0,3
,3330be1c-541d-4b96-9030-00087cd513ef,46197,Switzerland vs Canada,Switzerland vs Canada,Switzerland,Canada,Switzerland,1,0,Zara Acosta,Argentina,24/06/2026_Switzerland vs Canada,24/06/2026_Switzerland vs Canada_Zara Acosta,OK,OK,OK,OK,OK,2,1,3,0,3
,cbc050fb-dfce-4212-9ba5-74af40bafa9b,46197,Bosnia-Herzegovina vs Qatar,Bosnia-Herzegovina vs Qatar,Bosnia-Herzegovina,Qatar,Qatar,0,1,Zara Acosta,Argentina,24/06/2026_Bosnia-Herzegovina vs Qatar,24/06/2026_Bosnia-Herzegovina vs Qatar_Zara Acosta,OK,OK,OK,OK,OK,3,1,0,0,0
,be90e4e0-6fb0-4278-97f3-c445a128c221,46198,Morocco vs Haiti,Morocco vs Haiti,Morocco,Haiti,Morocco,2,1,Zara Acosta,Argentina,25/06/2026_Morocco vs Haiti,25/06/2026_Morocco vs Haiti_Zara Acosta,OK,OK,OK,OK,OK,4,2,3,0,3
,0edd3cf0-ff04-491d-8ea7-a23e9b87dc40,46198,Scotland vs Brazil,Scotland vs Brazil,Scotland,Brazil,Brazil,2,3,Zara Acosta,Argentina,25/06/2026_Scotland vs Brazil,25/06/2026_Scotland vs Brazil_Zara Acosta,OK,OK,OK,OK,OK,0,3,3,0,3
,f5c20620-a12e-43ce-9228-319dcb2b3c07,46198,South Africa vs South Korea,South Africa vs South Korea,South Africa,South Korea,South Africa,2,1,Zara Acosta,Argentina,25/06/2026_South Africa vs South Korea,25/06/2026_South Africa vs South Korea_Zara Acosta,OK,OK,OK,OK,OK,1,0,3,0,3
,7ed2e4ee-9e47-4948-836d-9c1cbac5fead,46198,Czechia vs Mexico,Czechia vs Mexico,Czechia,Mexico,Mexico,1,2,Zara Acosta,Argentina,25/06/2026_Czechia vs Mexico,25/06/2026_Czechia vs Mexico_Zara Acosta,OK,OK,OK,OK,OK,0,3,3,0,3
,6221ba3a-bf05-4283-9658-711b58a54e8b,46198,Curaçao vs Ivory Coast,Curaçao vs Ivory Coast,Curaçao,Ivory Coast,Curaçao,1,0,Zara Acosta,Argentina,25/06/2026_Curaçao vs Ivory Coast,25/06/2026_Curaçao vs Ivory Coast_Zara Acosta,OK,OK,OK,OK,OK,0,2,0,0,0
,c1db7825-03c9-423f-a233-e872b17a38d5,46198,Ecuador vs Germany,Ecuador vs Germany,Ecuador,Germany,Germany,1,2,Zara Acosta,Argentina,25/06/2026_Ecuador vs Germany,25/06/2026_Ecuador vs Germany_Zara Acosta,OK,OK,OK,OK,OK,2,1,0,0,0
,1a10f4b2-6431-49b0-ad77-e649acbdc1d3,46199,Tunisia vs Netherlands,Tunisia vs Netherlands,Tunisia,Netherlands,Netherlands,0,2,Zara Acosta,Argentina,26/06/2026_Tunisia vs Netherlands,26/06/2026_Tunisia vs Netherlands_Zara Acosta,OK,OK,OK,OK,OK,1,3,3,0,3
,7a769c66-c8fe-4e1a-a012-f0e92188a3ff,46199,Japan vs Sweden,Japan vs Sweden,Japan,Sweden,Sweden,1,2,Zara Acosta,Argentina,26/06/2026_Japan vs Sweden,26/06/2026_Japan vs Sweden_Zara Acosta,OK,OK,OK,OK,OK,1,1,0,0,0
,4e008ca7-ad4a-4946-8847-255c27654094,46199,Turkey vs United States,Turkey vs United States,Turkey,United States,United States,0,1,Zara Acosta,Argentina,26/06/2026_Turkey vs United States,26/06/2026_Turkey vs United States_Zara Acosta,OK,OK,OK,OK,OK,3,2,0,0,0
,fb2efeb8-dece-46ab-911a-58fd0fbaf31f,46199,Paraguay vs Australia,Paraguay vs Australia,Paraguay,Australia,Australia,1,2,Zara Acosta,Argentina,26/06/2026_Paraguay vs Australia,26/06/2026_Paraguay vs Australia_Zara Acosta,OK,OK,OK,OK,OK,0,0,0,0,0
,11ce02a5-e5f9-4ec0-be41-358cae641d5d,46199,Norway vs France,Norway vs France,Norway,France,France,0,1,Zara Acosta,Argentina,26/06/2026_Norway vs France,26/06/2026_Norway vs France_Zara Acosta,OK,OK,OK,OK,OK,1,4,3,0,3
,5a43fbb4-da20-4291-a79a-53b2085db74e,46199,Senegal vs Iraq,Senegal vs Iraq,Senegal,Iraq,Senegal,1,0,Zara Acosta,Argentina,26/06/2026_Senegal vs Iraq,26/06/2026_Senegal vs Iraq_Zara Acosta,OK,OK,OK,OK,OK,5,0,3,0,3
,ff7d98f7-299d-4b1b-a132-3d5302937175,46200,Cape Verde Islands vs Saudi Arabia,Cape Verde Islands vs Saudi Arabia,Cape Verde Islands,Saudi Arabia,Tie,1,1,Zara Acosta,Argentina,27/06/2026_Cape Verde Islands vs Saudi Arabia,27/06/2026_Cape Verde Islands vs Saudi Arabia_Zara Acosta,OK,OK,OK,OK,OK,0,0,3,0,3
,323c980b-1ad9-4fa5-abbb-331460af4601,46200,Uruguay vs Spain,Uruguay vs Spain,Uruguay,Spain,Uruguay,2,1,Zara Acosta,Argentina,27/06/2026_Uruguay vs Spain,27/06/2026_Uruguay vs Spain_Zara Acosta,OK,OK,OK,OK,OK,0,1,0,0,0
,336cd14b-1b32-49f8-a0e4-f3c5e364d66a,46200,New Zealand vs Belgium,New Zealand vs Belgium,New Zealand,Belgium,New Zealand,1,0,Zara Acosta,Argentina,27/06/2026_New Zealand vs Belgium,27/06/2026_New Zealand vs Belgium_Zara Acosta,OK,OK,OK,OK,OK,1,5,0,0,0
,3e7c296f-bfc8-45ba-818d-5bbcb1dc5d02,46200,Egypt vs Iran,Egypt vs Iran,Egypt,Iran,Egypt,2,1,Zara Acosta,Argentina,27/06/2026_Egypt vs Iran,27/06/2026_Egypt vs Iran_Zara Acosta,OK,OK,OK,OK,OK,1,1,0,0,0
,fcee96a4-3bbb-46b6-b9ac-1637aedbd7f4,46200,Panama vs England,Panama vs England,Panama,England,England,0,2,Zara Acosta,Argentina,27/06/2026_Panama vs England,27/06/2026_Panama vs England_Zara Acosta,OK,OK,OK,OK,OK,0,2,3,5,8
,57670a1f-cad8-477b-92a2-bbffbfafc17e,46200,Croatia vs Ghana,Croatia vs Ghana,Croatia,Ghana,Ghana,0,1,Zara Acosta,Argentina,27/06/2026_Croatia vs Ghana,27/06/2026_Croatia vs Ghana_Zara Acosta,OK,OK,OK,OK,OK,2,1,0,0,0
,c2d19232-6c75-4cab-8f8f-f8751481e5e9,46201,Colombia vs Portugal,Colombia vs Portugal,Colombia,Portugal,Colombia,2,1,Zara Acosta,Argentina,28/06/2026_Colombia vs Portugal,28/06/2026_Colombia vs Portugal_Zara Acosta,OK,OK,OK,OK,OK,0,0,0,0,0
,b337bc05-6385-4afc-9c47-5e5e8d3d67cb,46201,Congo DR vs Uzbekistan,Congo DR vs Uzbekistan,Congo DR,Uzbekistan,Tie,1,1,Zara Acosta,Argentina,28/06/2026_Congo DR vs Uzbekistan,28/06/2026_Congo DR vs Uzbekistan_Zara Acosta,OK,OK,OK,OK,OK,3,1,0,0,0
,e6fb97dc-493b-4a74-8301-76270c9d19f8,46201,Algeria vs Austria,Algeria vs Austria,Algeria,Austria,Algeria,2,1,Zara Acosta,Argentina,28/06/2026_Algeria vs Austria,28/06/2026_Algeria vs Austria_Zara Acosta,OK,OK,OK,OK,OK,3,3,0,0,0
,9380edef-aa57-4612-986d-7984dd13c902,46201,Jordan vs Argentina,Jordan vs Argentina,Jordan,Argentina,Argentina,1,3,Zara Acosta,Argentina,28/06/2026_Jordan vs Argentina,28/06/2026_Jordan vs Argentina_Zara Acosta,OK,OK,OK,OK,OK,1,3,3,5,8
,ed8b29f4-320b-474a-8dcf-992bbfcf0b42,46184,Mexico vs South Africa,Mexico vs South Africa,Mexico,South Africa,Mexico,2,1,Elaine Bonnici,Spain,11/06/2026_Mexico vs South Africa,11/06/2026_Mexico vs South Africa_Elaine Bonnici,OK,OK,OK,OK,OK,2,0,3,0,3
,a1734a0c-f134-489c-877c-119ff497bde1,46185,South Korea vs Czechia,South Korea vs Czechia,South Korea,Czechia,South Korea,2,1,Elaine Bonnici,Spain,12/06/2026_South Korea vs Czechia,12/06/2026_South Korea vs Czechia_Elaine Bonnici,OK,OK,OK,OK,OK,2,1,3,5,8
,c31f3c39-dd89-4aa5-916c-9aa99c9c990e,46185,Canada vs Bosnia-Herzegovina,Canada vs Bosnia-Herzegovina,Canada,Bosnia-Herzegovina,Canada,2,0,Elaine Bonnici,Spain,12/06/2026_Canada vs Bosnia-Herzegovina,12/06/2026_Canada vs Bosnia-Herzegovina_Elaine Bonnici,OK,OK,OK,OK,OK,1,1,0,0,0
,499d381e-cbcd-415e-904d-436dde0ca2ec,46186,United States vs Paraguay,United States vs Paraguay,United States,Paraguay,United States,2,1,Elaine Bonnici,Spain,13/06/2026_United States vs Paraguay,13/06/2026_United States vs Paraguay_Elaine Bonnici,OK,OK,OK,OK,OK,4,1,3,0,3
,7bbc7b46-3046-45da-9bae-ca3d228b29ad,46186,Qatar vs Switzerland,Qatar vs Switzerland,Qatar,Switzerland,Switzerland,0,2,Elaine Bonnici,Spain,13/06/2026_Qatar vs Switzerland,13/06/2026_Qatar vs Switzerland_Elaine Bonnici,OK,OK,OK,OK,OK,1,1,0,0,0
,a862a668-bf9f-4b31-92d5-2f4caa1551df,46187,Brazil vs Morocco,Brazil vs Morocco,Brazil,Morocco,Brazil,2,1,Elaine Bonnici,Spain,14/06/2026_Brazil vs Morocco,14/06/2026_Brazil vs Morocco_Elaine Bonnici,OK,OK,OK,OK,OK,1,1,0,0,0
,f032abd5-e355-44ac-9631-54ffd7497b03,46187,Haiti vs Scotland,Haiti vs Scotland,Haiti,Scotland,Scotland,0,2,Elaine Bonnici,Spain,14/06/2026_Haiti vs Scotland,14/06/2026_Haiti vs Scotland_Elaine Bonnici,OK,OK,OK,OK,OK,0,1,3,0,3
,c33bc7f3-f866-405f-8907-1c2e828e9394,46187,Australia vs Turkey,Australia vs Turkey,Australia,Turkey,Turkey,1,2,Elaine Bonnici,Spain,14/06/2026_Australia vs Turkey,14/06/2026_Australia vs Turkey_Elaine Bonnici,OK,OK,OK,OK,OK,2,0,0,0,0
,f19cd463-ba7a-4261-8a8d-2e4e3eba4d23,46187,Germany vs Curaçao,Germany vs Curaçao,Germany,Curaçao,Germany,4,0,Elaine Bonnici,Spain,14/06/2026_Germany vs Curaçao,14/06/2026_Germany vs Curaçao_Elaine Bonnici,OK,OK,OK,OK,OK,7,1,3,0,3
,f540252f-9ddb-4c21-82c8-9a062a996589,46187,Netherlands vs Japan,Netherlands vs Japan,Netherlands,Japan,Netherlands,2,1,Elaine Bonnici,Spain,14/06/2026_Netherlands vs Japan,14/06/2026_Netherlands vs Japan_Elaine Bonnici,OK,OK,OK,OK,OK,2,2,0,0,0
,81baabd7-38d9-4037-a4f0-0036bc636206,46188,Ivory Coast vs Ecuador,Ivory Coast vs Ecuador,Ivory Coast,Ecuador,Ecuador,0,1,Elaine Bonnici,Spain,15/06/2026_Ivory Coast vs Ecuador,15/06/2026_Ivory Coast vs Ecuador_Elaine Bonnici,OK,OK,OK,OK,OK,1,0,0,0,0
,6d1b46fc-69f8-4455-a4fb-a75abb595dac,46188,Sweden vs Tunisia,Sweden vs Tunisia,Sweden,Tunisia,Sweden,2,1,Elaine Bonnici,Spain,15/06/2026_Sweden vs Tunisia,15/06/2026_Sweden vs Tunisia_Elaine Bonnici,OK,OK,OK,OK,OK,5,1,3,0,3
,d5527e6d-d625-4001-9217-9e7a7affc5ac,46188,Belgium vs Egypt,Belgium vs Egypt,Belgium,Egypt,Belgium,2,1,Elaine Bonnici,Spain,15/06/2026_Belgium vs Egypt,15/06/2026_Belgium vs Egypt_Elaine Bonnici,OK,OK,OK,OK,OK,1,1,0,0,0
,bc994288-1007-44a2-964a-dd56e4aef2a2,46188,Spain vs Cape Verde Islands,Spain vs Cape Verde Islands,Spain,Cape Verde Islands,Spain,3,0,Elaine Bonnici,Spain,15/06/2026_Spain vs Cape Verde Islands,15/06/2026_Spain vs Cape Verde Islands_Elaine Bonnici,OK,OK,OK,OK,OK,0,0,0,0,0
,9c1b736d-e437-48e0-a6c2-67ebf5b7256d,46189,Saudi Arabia vs Uruguay,Saudi Arabia vs Uruguay,Saudi Arabia,Uruguay,Uruguay,0,2,Elaine Bonnici,Spain,16/06/2026_Saudi Arabia vs Uruguay,16/06/2026_Saudi Arabia vs Uruguay_Elaine Bonnici,OK,OK,OK,OK,OK,1,1,0,0,0
,ea5361c2-10cc-494f-9133-c1f035b973ca,46189,Iran vs New Zealand,Iran vs New Zealand,Iran,New Zealand,Iran,1,0,Elaine Bonnici,Spain,16/06/2026_Iran vs New Zealand,16/06/2026_Iran vs New Zealand_Elaine Bonnici,OK,OK,OK,OK,OK,2,2,0,0,0
,986b69a1-1a68-49c9-9f5b-d8e381f2b8d1,46189,France vs Senegal,France vs Senegal,France,Senegal,France,2,0,Elaine Bonnici,Spain,16/06/2026_France vs Senegal,16/06/2026_France vs Senegal_Elaine Bonnici,OK,OK,OK,OK,OK,3,1,3,0,3
,5ed28ff4-fa8a-4ad2-a145-0e2120da9d46,46190,Iraq vs Norway,Iraq vs Norway,Iraq,Norway,Norway,0,2,Elaine Bonnici,Spain,17/06/2026_Iraq vs Norway,17/06/2026_Iraq vs Norway_Elaine Bonnici,OK,OK,OK,OK,OK,1,4,3,0,3
,3ada0f50-3de7-4618-8b1d-5b1002b562b7,46190,Argentina vs Algeria,Argentina vs Algeria,Argentina,Algeria,Argentina,3,0,Elaine Bonnici,Spain,17/06/2026_Argentina vs Algeria,17/06/2026_Argentina vs Algeria_Elaine Bonnici,OK,OK,OK,OK,OK,3,0,3,5,8
,e01c78ec-0145-44e9-a4b6-4f6318ab805c,46190,Austria vs Jordan,Austria vs Jordan,Austria,Jordan,Austria,2,0,Elaine Bonnici,Spain,17/06/2026_Austria vs Jordan,17/06/2026_Austria vs Jordan_Elaine Bonnici,OK,OK,OK,OK,OK,3,1,3,0,3
,29b711c6-ff8c-41e1-a70f-0a937a2e4e71,46190,Portugal vs Congo DR,Portugal vs Congo DR,Portugal,Congo DR,Portugal,3,0,Elaine Bonnici,Spain,17/06/2026_Portugal vs Congo DR,17/06/2026_Portugal vs Congo DR_Elaine Bonnici,OK,OK,OK,OK,OK,1,1,0,0,0
,d1aad10a-ef75-46e6-ab2f-2ef61e18e9e6,46190,England vs Croatia,England vs Croatia,England,Croatia,England,2,1,Elaine Bonnici,Spain,17/06/2026_England vs Croatia,17/06/2026_England vs Croatia_Elaine Bonnici,OK,OK,OK,OK,OK,4,2,3,0,3
,e71bfd2e-e057-4141-967f-908d79e145da,46191,Ghana vs Panama,Ghana vs Panama,Ghana,Panama,Ghana,1,0,Elaine Bonnici,Spain,18/06/2026_Ghana vs Panama,18/06/2026_Ghana vs Panama_Elaine Bonnici,OK,OK,OK,OK,OK,1,0,3,5,8
,02b9de5a-bdee-4858-b909-e55352d9ae10,46191,Uzbekistan vs Colombia,Uzbekistan vs Colombia,Uzbekistan,Colombia,Colombia,0,2,Elaine Bonnici,Spain,18/06/2026_Uzbekistan vs Colombia,18/06/2026_Uzbekistan vs Colombia_Elaine Bonnici,OK,OK,OK,OK,OK,1,3,3,0,3
,58f91ef3-dd75-4297-a0ab-48b4fffdbaa1,46191,Czechia vs South Africa,Czechia vs South Africa,Czechia,South Africa,Czechia,2,1,Elaine Bonnici,Spain,18/06/2026_Czechia vs South Africa,18/06/2026_Czechia vs South Africa_Elaine Bonnici,OK,OK,OK,OK,OK,1,1,0,0,0
,1c8c9c54-1419-4d49-9b9a-bd6e81689869,46191,Switzerland vs Bosnia-Herzegovina,Switzerland vs Bosnia-Herzegovina,Switzerland,Bosnia-Herzegovina,Switzerland,2,0,Elaine Bonnici,Spain,18/06/2026_Switzerland vs Bosnia-Herzegovina,18/06/2026_Switzerland vs Bosnia-Herzegovina_Elaine Bonnici,OK,OK,OK,OK,OK,4,1,3,0,3
,607619d8-11cd-44d2-b91f-e24d70b0ee45,46192,Canada vs Qatar,Canada vs Qatar,Canada,Qatar,Canada,2,0,Elaine Bonnici,Spain,19/06/2026_Canada vs Qatar,19/06/2026_Canada vs Qatar_Elaine Bonnici,OK,OK,OK,OK,OK,6,0,3,0,3
,92703bb6-8ae2-4030-863f-966bd102509c,46192,Mexico vs South Korea,Mexico vs South Korea,Mexico,South Korea,Mexico,2,1,Elaine Bonnici,Spain,19/06/2026_Mexico vs South Korea,19/06/2026_Mexico vs South Korea_Elaine Bonnici,OK,OK,OK,OK,OK,1,0,3,0,3
,53862ebb-9cc8-4abf-8b0c-adda4d23b479,46192,United States vs Australia,United States vs Australia,United States,Australia,United States,2,1,Elaine Bonnici,Spain,19/06/2026_United States vs Australia,19/06/2026_United States vs Australia_Elaine Bonnici,OK,OK,OK,OK,OK,2,0,3,0,3
,bf71e231-006a-4e4c-aa9d-0604c61c1be6,46193,Scotland vs Morocco,Scotland vs Morocco,Scotland,Morocco,Morocco,1,2,Elaine Bonnici,Spain,20/06/2026_Scotland vs Morocco,20/06/2026_Scotland vs Morocco_Elaine Bonnici,OK,OK,OK,OK,OK,0,1,3,0,3
,43e0ad89-521c-450b-89de-6521aec8a28b,46193,Brazil vs Haiti,Brazil vs Haiti,Brazil,Haiti,Brazil,4,0,Elaine Bonnici,Spain,20/06/2026_Brazil vs Haiti,20/06/2026_Brazil vs Haiti_Elaine Bonnici,OK,OK,OK,OK,OK,3,0,3,0,3
,e8b40f3a-9dc2-4a0b-a256-068494460790,46193,Turkey vs Paraguay,Turkey vs Paraguay,Turkey,Paraguay,Turkey,1,0,Elaine Bonnici,Spain,20/06/2026_Turkey vs Paraguay,20/06/2026_Turkey vs Paraguay_Elaine Bonnici,OK,OK,OK,OK,OK,0,1,0,0,0
,85103c09-9e37-4a14-92cf-dc2f91d8d051,46193,Netherlands vs Sweden,Netherlands vs Sweden,Netherlands,Sweden,Netherlands,2,1,Elaine Bonnici,Spain,20/06/2026_Netherlands vs Sweden,20/06/2026_Netherlands vs Sweden_Elaine Bonnici,OK,OK,OK,OK,OK,5,1,3,0,3
,b4627086-adf8-4f55-99c7-a4e19d272611,46193,Germany vs Ivory Coast,Germany vs Ivory Coast,Germany,Ivory Coast,Germany,2,1,Elaine Bonnici,Spain,20/06/2026_Germany vs Ivory Coast,20/06/2026_Germany vs Ivory Coast_Elaine Bonnici,OK,OK,OK,OK,OK,2,1,3,5,8
,d095abb1-475e-4be5-bb0d-3c6f0367c74a,46194,Ecuador vs Curaçao,Ecuador vs Curaçao,Ecuador,Curaçao,Ecuador,3,0,Elaine Bonnici,Spain,21/06/2026_Ecuador vs Curaçao,21/06/2026_Ecuador vs Curaçao_Elaine Bonnici,OK,OK,OK,OK,OK,0,0,0,0,0
,ebc3ab9e-7db7-4e40-a889-7d7ff43db0c9,46194,Tunisia vs Japan,Tunisia vs Japan,Tunisia,Japan,Japan,1,2,Elaine Bonnici,Spain,21/06/2026_Tunisia vs Japan,21/06/2026_Tunisia vs Japan_Elaine Bonnici,OK,OK,OK,OK,OK,0,4,3,0,3
,eb62137b-6f55-46ed-9864-56c7c90c5db8,46194,Spain vs Saudi Arabia,Spain vs Saudi Arabia,Spain,Saudi Arabia,Spain,3,0,Elaine Bonnici,Spain,21/06/2026_Spain vs Saudi Arabia,21/06/2026_Spain vs Saudi Arabia_Elaine Bonnici,OK,OK,OK,OK,OK,4,0,3,0,3
,5dc85e1a-356e-4c78-a530-32360173e5f9,46194,Belgium vs Iran,Belgium vs Iran,Belgium,Iran,Belgium,2,0,Elaine Bonnici,Spain,21/06/2026_Belgium vs Iran,21/06/2026_Belgium vs Iran_Elaine Bonnici,OK,OK,OK,OK,OK,0,0,0,0,0
,410e9150-6892-4920-9cbf-19ca081dfe5a,46195,Uruguay vs Cape Verde Islands,Uruguay vs Cape Verde Islands,Uruguay,Cape Verde Islands,Uruguay,3,0,Elaine Bonnici,Spain,22/06/2026_Uruguay vs Cape Verde Islands,22/06/2026_Uruguay vs Cape Verde Islands_Elaine Bonnici,OK,OK,OK,OK,OK,2,2,0,0,0
,7bf24268-bbda-4709-aa0b-6dd360279d9f,46195,New Zealand vs Egypt,New Zealand vs Egypt,New Zealand,Egypt,Egypt,0,2,Elaine Bonnici,Spain,22/06/2026_New Zealand vs Egypt,22/06/2026_New Zealand vs Egypt_Elaine Bonnici,OK,OK,OK,OK,OK,1,3,3,0,3
,bfbdd65f-b3b8-44e8-a06d-8814992b0abe,46195,Argentina vs Austria,Argentina vs Austria,Argentina,Austria,Argentina,2,0,Elaine Bonnici,Spain,22/06/2026_Argentina vs Austria,22/06/2026_Argentina vs Austria_Elaine Bonnici,OK,OK,OK,OK,OK,2,0,3,5,8
,584001ea-33f0-4d66-8d6c-5f57b0ded0b4,46195,France vs Iraq,France vs Iraq,France,Iraq,France,4,0,Elaine Bonnici,Spain,22/06/2026_France vs Iraq,22/06/2026_France vs Iraq_Elaine Bonnici,OK,OK,OK,OK,OK,3,0,3,0,3
,ca56dd03-8d90-40a1-ba96-a6ae388e0ba2,46196,Norway vs Senegal,Norway vs Senegal,Norway,Senegal,Norway,2,1,Elaine Bonnici,Spain,23/06/2026_Norway vs Senegal,23/06/2026_Norway vs Senegal_Elaine Bonnici,OK,OK,OK,OK,OK,3,2,3,0,3
,2e96b5e3-3362-4715-beef-7c594d956c52,46196,Jordan vs Algeria,Jordan vs Algeria,Jordan,Algeria,Algeria,0,2,Elaine Bonnici,Spain,23/06/2026_Jordan vs Algeria,23/06/2026_Jordan vs Algeria_Elaine Bonnici,OK,OK,OK,OK,OK,1,2,3,0,3
,964128d0-7bc4-4d1d-8c19-2fcdf968fd51,46196,Portugal vs Uzbekistan,Portugal vs Uzbekistan,Portugal,Uzbekistan,Portugal,3,0,Elaine Bonnici,Spain,23/06/2026_Portugal vs Uzbekistan,23/06/2026_Portugal vs Uzbekistan_Elaine Bonnici,OK,OK,OK,OK,OK,5,0,3,0,3
,93d52157-7ff1-4475-a370-23fea897f804,46196,England vs Ghana,England vs Ghana,England,Ghana,England,2,0,Elaine Bonnici,Spain,23/06/2026_England vs Ghana,23/06/2026_England vs Ghana_Elaine Bonnici,OK,OK,OK,OK,OK,0,0,0,0,0
,21e9ba13-91c3-4566-a092-ddd3e77d7962,46197,Panama vs Croatia,Panama vs Croatia,Panama,Croatia,Croatia,0,2,Elaine Bonnici,Spain,24/06/2026_Panama vs Croatia,24/06/2026_Panama vs Croatia_Elaine Bonnici,OK,OK,OK,OK,OK,0,1,3,0,3
,0c965955-f0f0-4451-b63b-b3db107be22a,46197,Colombia vs Congo DR,Colombia vs Congo DR,Colombia,Congo DR,Colombia,2,0,Elaine Bonnici,Spain,24/06/2026_Colombia vs Congo DR,24/06/2026_Colombia vs Congo DR_Elaine Bonnici,OK,OK,OK,OK,OK,1,0,3,0,3
,1d55ebbb-0c7b-45da-abf1-a81186ac4f59,46197,Switzerland vs Canada,Switzerland vs Canada,Switzerland,Canada,Switzerland,2,1,Elaine Bonnici,Spain,24/06/2026_Switzerland vs Canada,24/06/2026_Switzerland vs Canada_Elaine Bonnici,OK,OK,OK,OK,OK,2,1,3,5,8
,2030ae2a-a363-421a-a205-599c91f442c9,46197,Bosnia-Herzegovina vs Qatar,Bosnia-Herzegovina vs Qatar,Bosnia-Herzegovina,Qatar,Bosnia-Herzegovina,1,0,Elaine Bonnici,Spain,24/06/2026_Bosnia-Herzegovina vs Qatar,24/06/2026_Bosnia-Herzegovina vs Qatar_Elaine Bonnici,OK,OK,OK,OK,OK,3,1,3,0,3
,bbbacd73-d281-45f0-ae8f-a1d67c6c84ca,46198,Morocco vs Haiti,Morocco vs Haiti,Morocco,Haiti,Morocco,3,0,Elaine Bonnici,Spain,25/06/2026_Morocco vs Haiti,25/06/2026_Morocco vs Haiti_Elaine Bonnici,OK,OK,OK,OK,OK,4,2,3,0,3
,0d26bd5b-fc51-4529-acec-73132080d3c3,46198,Scotland vs Brazil,Scotland vs Brazil,Scotland,Brazil,Brazil,1,2,Elaine Bonnici,Spain,25/06/2026_Scotland vs Brazil,25/06/2026_Scotland vs Brazil_Elaine Bonnici,OK,OK,OK,OK,OK,0,3,3,0,3
,83a251dc-1453-4917-942a-23a177c9ca80,46198,South Africa vs South Korea,South Africa vs South Korea,South Africa,South Korea,South Korea,0,2,Elaine Bonnici,Spain,25/06/2026_South Africa vs South Korea,25/06/2026_South Africa vs South Korea_Elaine Bonnici,OK,OK,OK,OK,OK,1,0,0,0,0
,6722b1d8-2833-4be5-a980-3c6d08f7c7fe,46198,Czechia vs Mexico,Czechia vs Mexico,Czechia,Mexico,Mexico,1,2,Elaine Bonnici,Spain,25/06/2026_Czechia vs Mexico,25/06/2026_Czechia vs Mexico_Elaine Bonnici,OK,OK,OK,OK,OK,0,3,3,0,3
,4c88e97e-8d56-4238-a8bd-b70a24b9b33f,46198,Curaçao vs Ivory Coast,Curaçao vs Ivory Coast,Curaçao,Ivory Coast,Ivory Coast,0,2,Elaine Bonnici,Spain,25/06/2026_Curaçao vs Ivory Coast,25/06/2026_Curaçao vs Ivory Coast_Elaine Bonnici,OK,OK,OK,OK,OK,0,2,3,5,8
,f7851cb6-1a2f-4dc0-ac58-0a50dd3e82bb,46198,Ecuador vs Germany,Ecuador vs Germany,Ecuador,Germany,Germany,0,1,Elaine Bonnici,Spain,25/06/2026_Ecuador vs Germany,25/06/2026_Ecuador vs Germany_Elaine Bonnici,OK,OK,OK,OK,OK,2,1,0,0,0
,7e6409cb-bc35-4d04-8d44-adc0da906ee9,46199,Tunisia vs Netherlands,Tunisia vs Netherlands,Tunisia,Netherlands,Netherlands,0,2,Elaine Bonnici,Spain,26/06/2026_Tunisia vs Netherlands,26/06/2026_Tunisia vs Netherlands_Elaine Bonnici,OK,OK,OK,OK,OK,1,3,3,0,3
,cab4389f-3263-471d-86e1-c1aad2844e2b,46199,Japan vs Sweden,Japan vs Sweden,Japan,Sweden,Japan,2,1,Elaine Bonnici,Spain,26/06/2026_Japan vs Sweden,26/06/2026_Japan vs Sweden_Elaine Bonnici,OK,OK,OK,OK,OK,1,1,0,0,0
,7b8f3c9e-1012-4e44-9e01-1ce0a2748435,46199,Turkey vs United States,Turkey vs United States,Turkey,United States,United States,1,2,Elaine Bonnici,Spain,26/06/2026_Turkey vs United States,26/06/2026_Turkey vs United States_Elaine Bonnici,OK,OK,OK,OK,OK,3,2,0,0,0
,d3d06f80-d139-4df8-a8ae-4bc1640644c3,46199,Paraguay vs Australia,Paraguay vs Australia,Paraguay,Australia,Australia,0,1,Elaine Bonnici,Spain,26/06/2026_Paraguay vs Australia,26/06/2026_Paraguay vs Australia_Elaine Bonnici,OK,OK,OK,OK,OK,0,0,0,0,0
,f00f15c8-07bc-47c5-b9df-4246ff0eb5db,46199,Norway vs France,Norway vs France,Norway,France,France,0,2,Elaine Bonnici,Spain,26/06/2026_Norway vs France,26/06/2026_Norway vs France_Elaine Bonnici,OK,OK,OK,OK,OK,1,4,3,0,3
,6f4aa9f1-0dc3-40ba-9b9f-794b57cc3d05,46199,Senegal vs Iraq,Senegal vs Iraq,Senegal,Iraq,Senegal,1,0,Elaine Bonnici,Spain,26/06/2026_Senegal vs Iraq,26/06/2026_Senegal vs Iraq_Elaine Bonnici,OK,OK,OK,OK,OK,5,0,3,0,3
,ee4605e4-4847-489b-befb-054f0bf18174,46200,Cape Verde Islands vs Saudi Arabia,Cape Verde Islands vs Saudi Arabia,Cape Verde Islands,Saudi Arabia,Saudi Arabia,0,1,Elaine Bonnici,Spain,27/06/2026_Cape Verde Islands vs Saudi Arabia,27/06/2026_Cape Verde Islands vs Saudi Arabia_Elaine Bonnici,OK,OK,OK,OK,OK,0,0,0,0,0
,a1707176-7627-49be-a37b-528498326556,46200,Uruguay vs Spain,Uruguay vs Spain,Uruguay,Spain,Spain,1,2,Elaine Bonnici,Spain,27/06/2026_Uruguay vs Spain,27/06/2026_Uruguay vs Spain_Elaine Bonnici,OK,OK,OK,OK,OK,0,1,3,0,3
,c91736af-1631-4b4d-b6c2-d6b327c57d67,46200,New Zealand vs Belgium,New Zealand vs Belgium,New Zealand,Belgium,Belgium,0,3,Elaine Bonnici,Spain,27/06/2026_New Zealand vs Belgium,27/06/2026_New Zealand vs Belgium_Elaine Bonnici,OK,OK,OK,OK,OK,1,5,3,0,3
,5f6d4765-1a0a-4f26-a60e-c7bbfd525ccb,46200,Egypt vs Iran,Egypt vs Iran,Egypt,Iran,Egypt,1,0,Elaine Bonnici,Spain,27/06/2026_Egypt vs Iran,27/06/2026_Egypt vs Iran_Elaine Bonnici,OK,OK,OK,OK,OK,1,1,0,0,0
,00159916-410b-4676-beff-81984c7a6fbd,46200,Panama vs England,Panama vs England,Panama,England,England,0,2,Elaine Bonnici,Spain,27/06/2026_Panama vs England,27/06/2026_Panama vs England_Elaine Bonnici,OK,OK,OK,OK,OK,0,2,3,5,8
,fae9ccb2-762d-4631-a823-e903675e53d7,46200,Croatia vs Ghana,Croatia vs Ghana,Croatia,Ghana,Croatia,1,0,Elaine Bonnici,Spain,27/06/2026_Croatia vs Ghana,27/06/2026_Croatia vs Ghana_Elaine Bonnici,OK,OK,OK,OK,OK,2,1,3,0,3
,cb7aab01-2e4c-4437-a553-ef0c362f5608,46201,Colombia vs Portugal,Colombia vs Portugal,Colombia,Portugal,Portugal,1,2,Elaine Bonnici,Spain,28/06/2026_Colombia vs Portugal,28/06/2026_Colombia vs Portugal_Elaine Bonnici,OK,OK,OK,OK,OK,0,0,0,0,0
,a5b249cf-f413-4912-9490-335227559da3,46201,Congo DR vs Uzbekistan,Congo DR vs Uzbekistan,Congo DR,Uzbekistan,Uzbekistan,0,1,Elaine Bonnici,Spain,28/06/2026_Congo DR vs Uzbekistan,28/06/2026_Congo DR vs Uzbekistan_Elaine Bonnici,OK,OK,OK,OK,OK,3,1,0,0,0
,29e819bd-e71e-4408-8672-172b1068932a,46201,Algeria vs Austria,Algeria vs Austria,Algeria,Austria,Austria,1,2,Elaine Bonnici,Spain,28/06/2026_Algeria vs Austria,28/06/2026_Algeria vs Austria_Elaine Bonnici,OK,OK,OK,OK,OK,3,3,0,0,0
,4911a65a-c148-4edf-bbff-be76712a029a,46201,Jordan vs Argentina,Jordan vs Argentina,Jordan,Argentina,Argentina,0,3,Elaine Bonnici,Spain,28/06/2026_Jordan vs Argentina,28/06/2026_Jordan vs Argentina_Elaine Bonnici,OK,OK,OK,OK,OK,1,3,3,0,3
,d4eabe44-e1d4-4256-8380-cac76b85c22f,46184,Mexico vs South Africa,Mexico vs South Africa,Mexico,South Africa,Mexico,2,1,Maria Xuereb,France,11/06/2026_Mexico vs South Africa,11/06/2026_Mexico vs South Africa_Maria Xuereb,OK,OK,OK,OK,OK,2,0,3,0,3
,5d291120-8955-473b-9b01-25946870a664,46185,South Korea vs Czechia,South Korea vs Czechia,South Korea,Czechia,Tie,1,1,Maria Xuereb,France,12/06/2026_South Korea vs Czechia,12/06/2026_South Korea vs Czechia_Maria Xuereb,OK,OK,OK,OK,OK,2,1,0,0,0
,e89facae-56d9-4d51-a92e-da9fef859bb5,46185,Canada vs Bosnia-Herzegovina,Canada vs Bosnia-Herzegovina,Canada,Bosnia-Herzegovina,Bosnia-Herzegovina,0,1,Maria Xuereb,France,12/06/2026_Canada vs Bosnia-Herzegovina,12/06/2026_Canada vs Bosnia-Herzegovina_Maria Xuereb,OK,OK,OK,OK,OK,1,1,0,0,0
,ace9c204-0a7d-451f-a9b9-628ed3ed8409,46186,United States vs Paraguay,United States vs Paraguay,United States,Paraguay,United States,1,0,Maria Xuereb,France,13/06/2026_United States vs Paraguay,13/06/2026_United States vs Paraguay_Maria Xuereb,OK,OK,OK,OK,OK,4,1,3,0,3
,e6cc3988-1ef9-48e5-9cc4-81daf1b8ca21,46186,Qatar vs Switzerland,Qatar vs Switzerland,Qatar,Switzerland,Switzerland,0,3,Maria Xuereb,France,13/06/2026_Qatar vs Switzerland,13/06/2026_Qatar vs Switzerland_Maria Xuereb,OK,OK,OK,OK,OK,1,1,0,0,0
,d6a8ea20-5234-4a84-b10b-13a8ba67f965,46187,Brazil vs Morocco,Brazil vs Morocco,Brazil,Morocco,Morocco,2,3,Maria Xuereb,France,14/06/2026_Brazil vs Morocco,14/06/2026_Brazil vs Morocco_Maria Xuereb,OK,OK,OK,OK,OK,1,1,0,0,0
,03655ccf-44e2-4fcf-913f-d0487cf2edc2,46187,Haiti vs Scotland,Haiti vs Scotland,Haiti,Scotland,Scotland,0,2,Maria Xuereb,France,14/06/2026_Haiti vs Scotland,14/06/2026_Haiti vs Scotland_Maria Xuereb,OK,OK,OK,OK,OK,0,1,3,0,3
,96b8feef-7a87-430f-b887-2ef1d65e77bc,46187,Australia vs Turkey,Australia vs Turkey,Australia,Turkey,Turkey,1,3,Maria Xuereb,France,14/06/2026_Australia vs Turkey,14/06/2026_Australia vs Turkey_Maria Xuereb,OK,OK,OK,OK,OK,2,0,0,0,0
,1dc81dd8-3cfd-44b1-baec-6ddf66b49943,46187,Germany vs Curaçao,Germany vs Curaçao,Germany,Curaçao,Germany,4,1,Maria Xuereb,France,14/06/2026_Germany vs Curaçao,14/06/2026_Germany vs Curaçao_Maria Xuereb,OK,OK,OK,OK,OK,7,1,3,0,3
,76fb5652-07c4-424e-a92e-098dec01ccbc,46187,Netherlands vs Japan,Netherlands vs Japan,Netherlands,Japan,Netherlands,2,0,Maria Xuereb,France,14/06/2026_Netherlands vs Japan,14/06/2026_Netherlands vs Japan_Maria Xuereb,OK,OK,OK,OK,OK,2,2,0,0,0
,97d0b437-acfb-4751-b030-aa58cc31b3a4,46188,Ivory Coast vs Ecuador,Ivory Coast vs Ecuador,Ivory Coast,Ecuador,Tie,1,1,Maria Xuereb,France,15/06/2026_Ivory Coast vs Ecuador,15/06/2026_Ivory Coast vs Ecuador_Maria Xuereb,OK,OK,OK,OK,OK,1,0,0,0,0
,7dae8967-7a07-44e0-9c9e-fb71586038f9,46188,Sweden vs Tunisia,Sweden vs Tunisia,Sweden,Tunisia,Sweden,2,0,Maria Xuereb,France,15/06/2026_Sweden vs Tunisia,15/06/2026_Sweden vs Tunisia_Maria Xuereb,OK,OK,OK,OK,OK,5,1,3,0,3
,ad859e43-c58d-486c-aeef-05416cb63bcc,46188,Belgium vs Egypt,Belgium vs Egypt,Belgium,Egypt,Belgium,3,2,Maria Xuereb,France,15/06/2026_Belgium vs Egypt,15/06/2026_Belgium vs Egypt_Maria Xuereb,OK,OK,OK,OK,OK,1,1,0,0,0
,eb4a2618-f4d8-43f1-af6e-b572346d4017,46188,Spain vs Cape Verde Islands,Spain vs Cape Verde Islands,Spain,Cape Verde Islands,Spain,4,0,Maria Xuereb,France,15/06/2026_Spain vs Cape Verde Islands,15/06/2026_Spain vs Cape Verde Islands_Maria Xuereb,OK,OK,OK,OK,OK,0,0,0,0,0
,1153bad4-e69c-4c05-8614-9f852dc578a7,46189,Saudi Arabia vs Uruguay,Saudi Arabia vs Uruguay,Saudi Arabia,Uruguay,Uruguay,0,2,Maria Xuereb,France,16/06/2026_Saudi Arabia vs Uruguay,16/06/2026_Saudi Arabia vs Uruguay_Maria Xuereb,OK,OK,OK,OK,OK,1,1,0,0,0
,d37ded58-b3cb-46c8-bcb7-4e5323f79a45,46189,Iran vs New Zealand,Iran vs New Zealand,Iran,New Zealand,Tie,1,1,Maria Xuereb,France,16/06/2026_Iran vs New Zealand,16/06/2026_Iran vs New Zealand_Maria Xuereb,OK,OK,OK,OK,OK,2,2,3,0,3
,d989b494-0b46-4fd5-bb4d-53ff011820fd,46189,France vs Senegal,France vs Senegal,France,Senegal,France,2,0,Maria Xuereb,France,16/06/2026_France vs Senegal,16/06/2026_France vs Senegal_Maria Xuereb,OK,OK,OK,OK,OK,3,1,3,0,3
,ea760210-65aa-47ad-950d-f542e83317ff,46190,Iraq vs Norway,Iraq vs Norway,Iraq,Norway,Norway,0,4,Maria Xuereb,France,17/06/2026_Iraq vs Norway,17/06/2026_Iraq vs Norway_Maria Xuereb,OK,OK,OK,OK,OK,1,4,3,0,3
,bc6b7e10-1163-4762-8281-dc5de1f051cc,46190,Argentina vs Algeria,Argentina vs Algeria,Argentina,Algeria,Argentina,3,0,Maria Xuereb,France,17/06/2026_Argentina vs Algeria,17/06/2026_Argentina vs Algeria_Maria Xuereb,OK,OK,OK,OK,OK,3,0,3,5,8
,fa3d1c03-8d76-4400-8b8d-86a0bec00574,46190,Austria vs Jordan,Austria vs Jordan,Austria,Jordan,Austria,3,0,Maria Xuereb,France,17/06/2026_Austria vs Jordan,17/06/2026_Austria vs Jordan_Maria Xuereb,OK,OK,OK,OK,OK,3,1,3,0,3
,e86d3ec2-bf19-4869-96f3-12a32151f5ea,46190,Portugal vs Congo DR,Portugal vs Congo DR,Portugal,Congo DR,Portugal,2,0,Maria Xuereb,France,17/06/2026_Portugal vs Congo DR,17/06/2026_Portugal vs Congo DR_Maria Xuereb,OK,OK,OK,OK,OK,1,1,0,0,0
,2a72c0d0-7864-4832-b56b-96fd1431b5af,46190,England vs Croatia,England vs Croatia,England,Croatia,England,1,0,Maria Xuereb,France,17/06/2026_England vs Croatia,17/06/2026_England vs Croatia_Maria Xuereb,OK,OK,OK,OK,OK,4,2,3,0,3
,2dad4cf4-e5df-47b5-aaee-338fba1ab1af,46191,Ghana vs Panama,Ghana vs Panama,Ghana,Panama,Ghana,3,1,Maria Xuereb,France,18/06/2026_Ghana vs Panama,18/06/2026_Ghana vs Panama_Maria Xuereb,OK,OK,OK,OK,OK,1,0,3,0,3
,eafe5837-43b3-4010-b57f-4ff72ba4bf96,46191,Uzbekistan vs Colombia,Uzbekistan vs Colombia,Uzbekistan,Colombia,Colombia,0,2,Maria Xuereb,France,18/06/2026_Uzbekistan vs Colombia,18/06/2026_Uzbekistan vs Colombia_Maria Xuereb,OK,OK,OK,OK,OK,1,3,3,0,3
,5a9dbf72-8299-4fcc-b654-0a18392bea9c,46191,Czechia vs South Africa,Czechia vs South Africa,Czechia,South Africa,Czechia,2,1,Maria Xuereb,France,18/06/2026_Czechia vs South Africa,18/06/2026_Czechia vs South Africa_Maria Xuereb,OK,OK,OK,OK,OK,1,1,0,0,0
,073e3f8b-c58f-400b-8de6-cc56bf0c5ee8,46191,Switzerland vs Bosnia-Herzegovina,Switzerland vs Bosnia-Herzegovina,Switzerland,Bosnia-Herzegovina,Switzerland,3,1,Maria Xuereb,France,18/06/2026_Switzerland vs Bosnia-Herzegovina,18/06/2026_Switzerland vs Bosnia-Herzegovina_Maria Xuereb,OK,OK,OK,OK,OK,4,1,3,0,3
,8466c608-1ab3-435e-8d3c-5e01364cf982,46192,Canada vs Qatar,Canada vs Qatar,Canada,Qatar,Canada,1,0,Maria Xuereb,France,19/06/2026_Canada vs Qatar,19/06/2026_Canada vs Qatar_Maria Xuereb,OK,OK,OK,OK,OK,6,0,3,0,3
,b4aa3684-51b7-4444-8548-941c9e459ff6,46192,Mexico vs South Korea,Mexico vs South Korea,Mexico,South Korea,Tie,2,2,Maria Xuereb,France,19/06/2026_Mexico vs South Korea,19/06/2026_Mexico vs South Korea_Maria Xuereb,OK,OK,OK,OK,OK,1,0,0,0,0
,f5bd7ed7-d7f0-47f8-be8c-641ac2c67621,46192,United States vs Australia,United States vs Australia,United States,Australia,United States,1,0,Maria Xuereb,France,19/06/2026_United States vs Australia,19/06/2026_United States vs Australia_Maria Xuereb,OK,OK,OK,OK,OK,2,0,3,0,3
,565c5a42-f220-4647-9341-93c1cfbb161b,46193,Scotland vs Morocco,Scotland vs Morocco,Scotland,Morocco,Morocco,1,2,Maria Xuereb,France,20/06/2026_Scotland vs Morocco,20/06/2026_Scotland vs Morocco_Maria Xuereb,OK,OK,OK,OK,OK,0,1,3,0,3
,7f75a51d-dcfc-4fac-af12-3756e17bb785,46193,Brazil vs Haiti,Brazil vs Haiti,Brazil,Haiti,Brazil,5,0,Maria Xuereb,France,20/06/2026_Brazil vs Haiti,20/06/2026_Brazil vs Haiti_Maria Xuereb,OK,OK,OK,OK,OK,3,0,3,0,3
,f859aed8-0679-461c-9903-796b123d6150,46193,Turkey vs Paraguay,Turkey vs Paraguay,Turkey,Paraguay,Turkey,2,1,Maria Xuereb,France,20/06/2026_Turkey vs Paraguay,20/06/2026_Turkey vs Paraguay_Maria Xuereb,OK,OK,OK,OK,OK,0,1,0,0,0
,a77560ce-4a50-44c5-9c1a-05e1f928f9aa,46193,Netherlands vs Sweden,Netherlands vs Sweden,Netherlands,Sweden,Netherlands,2,1,Maria Xuereb,France,20/06/2026_Netherlands vs Sweden,20/06/2026_Netherlands vs Sweden_Maria Xuereb,OK,OK,OK,OK,OK,5,1,3,0,3
,6f9e3a5c-a708-454e-bee3-6fd0f8a484d9,46193,Germany vs Ivory Coast,Germany vs Ivory Coast,Germany,Ivory Coast,Germany,3,2,Maria Xuereb,France,20/06/2026_Germany vs Ivory Coast,20/06/2026_Germany vs Ivory Coast_Maria Xuereb,OK,OK,OK,OK,OK,2,1,3,0,3
,e71d5f35-2c63-40ae-8a37-81b342dea757,46194,Ecuador vs Curaçao,Ecuador vs Curaçao,Ecuador,Curaçao,Ecuador,3,0,Maria Xuereb,France,21/06/2026_Ecuador vs Curaçao,21/06/2026_Ecuador vs Curaçao_Maria Xuereb,OK,OK,OK,OK,OK,0,0,0,0,0
,d21ca524-6e57-4cc4-bc96-885d5f347eec,46194,Tunisia vs Japan,Tunisia vs Japan,Tunisia,Japan,Japan,0,2,Maria Xuereb,France,21/06/2026_Tunisia vs Japan,21/06/2026_Tunisia vs Japan_Maria Xuereb,OK,OK,OK,OK,OK,0,4,3,0,3
,fd1232ee-21f7-4f87-85fb-9a09e7220cbe,46194,Spain vs Saudi Arabia,Spain vs Saudi Arabia,Spain,Saudi Arabia,Spain,3,1,Maria Xuereb,France,21/06/2026_Spain vs Saudi Arabia,21/06/2026_Spain vs Saudi Arabia_Maria Xuereb,OK,OK,OK,OK,OK,4,0,3,0,3
,c61a3ea8-b54c-4182-8d0c-796101c6ce6b,46194,Belgium vs Iran,Belgium vs Iran,Belgium,Iran,Belgium,4,0,Maria Xuereb,France,21/06/2026_Belgium vs Iran,21/06/2026_Belgium vs Iran_Maria Xuereb,OK,OK,OK,OK,OK,0,0,0,0,0
,e607cdb0-34b2-4706-8981-c21159a1ca9d,46195,Uruguay vs Cape Verde Islands,Uruguay vs Cape Verde Islands,Uruguay,Cape Verde Islands,Uruguay,2,0,Maria Xuereb,France,22/06/2026_Uruguay vs Cape Verde Islands,22/06/2026_Uruguay vs Cape Verde Islands_Maria Xuereb,OK,OK,OK,OK,OK,2,2,0,0,0
,e3cf20e3-62b4-4603-9cd1-6244a8ec4ddc,46195,New Zealand vs Egypt,New Zealand vs Egypt,New Zealand,Egypt,Egypt,0,3,Maria Xuereb,France,22/06/2026_New Zealand vs Egypt,22/06/2026_New Zealand vs Egypt_Maria Xuereb,OK,OK,OK,OK,OK,1,3,3,0,3
,3f60d5e9-c513-4a9a-9ff0-c602d149504b,46195,Argentina vs Austria,Argentina vs Austria,Argentina,Austria,Tie,1,1,Maria Xuereb,France,22/06/2026_Argentina vs Austria,22/06/2026_Argentina vs Austria_Maria Xuereb,OK,OK,OK,OK,OK,2,0,0,0,0
,e6c52574-8294-45a6-ac2a-214432afd43f,46195,France vs Iraq,France vs Iraq,France,Iraq,France,5,0,Maria Xuereb,France,22/06/2026_France vs Iraq,22/06/2026_France vs Iraq_Maria Xuereb,OK,OK,OK,OK,OK,3,0,3,0,3
,1ae973b8-b952-4ce2-81ca-ead3253a9f42,46196,Norway vs Senegal,Norway vs Senegal,Norway,Senegal,Norway,2,1,Maria Xuereb,France,23/06/2026_Norway vs Senegal,23/06/2026_Norway vs Senegal_Maria Xuereb,OK,OK,OK,OK,OK,3,2,3,0,3
,8bb364f5-f35d-4642-92ed-e25d21a736fb,46196,Jordan vs Algeria,Jordan vs Algeria,Jordan,Algeria,Algeria,1,2,Maria Xuereb,France,23/06/2026_Jordan vs Algeria,23/06/2026_Jordan vs Algeria_Maria Xuereb,OK,OK,OK,OK,OK,1,2,3,5,8
,b0a8f405-266d-4a83-bcd1-7845a34ac1cd,46196,Portugal vs Uzbekistan,Portugal vs Uzbekistan,Portugal,Uzbekistan,Portugal,3,1,Maria Xuereb,France,23/06/2026_Portugal vs Uzbekistan,23/06/2026_Portugal vs Uzbekistan_Maria Xuereb,OK,OK,OK,OK,OK,5,0,3,0,3
,a142fd58-1032-4a94-aab0-cc715f2c9f68,46196,England vs Ghana,England vs Ghana,England,Ghana,England,2,1,Maria Xuereb,France,23/06/2026_England vs Ghana,23/06/2026_England vs Ghana_Maria Xuereb,OK,OK,OK,OK,OK,0,0,0,0,0
,11dfb262-aeab-48c3-b1a3-f284d54f1929,46197,Panama vs Croatia,Panama vs Croatia,Panama,Croatia,Croatia,0,2,Maria Xuereb,France,24/06/2026_Panama vs Croatia,24/06/2026_Panama vs Croatia_Maria Xuereb,OK,OK,OK,OK,OK,0,1,3,0,3
,e607b9db-478f-49e5-b32c-513b0612a78d,46197,Colombia vs Congo DR,Colombia vs Congo DR,Colombia,Congo DR,Colombia,3,0,Maria Xuereb,France,24/06/2026_Colombia vs Congo DR,24/06/2026_Colombia vs Congo DR_Maria Xuereb,OK,OK,OK,OK,OK,1,0,3,0,3
,e6e75244-317a-495c-8c07-5fd35ef6a79d,46197,Switzerland vs Canada,Switzerland vs Canada,Switzerland,Canada,Switzerland,2,0,Maria Xuereb,France,24/06/2026_Switzerland vs Canada,24/06/2026_Switzerland vs Canada_Maria Xuereb,OK,OK,OK,OK,OK,2,1,3,0,3
,fa6794df-e219-4e8e-ae31-9138d2444eb1,46197,Bosnia-Herzegovina vs Qatar,Bosnia-Herzegovina vs Qatar,Bosnia-Herzegovina,Qatar,Bosnia-Herzegovina,2,1,Maria Xuereb,France,24/06/2026_Bosnia-Herzegovina vs Qatar,24/06/2026_Bosnia-Herzegovina vs Qatar_Maria Xuereb,OK,OK,OK,OK,OK,3,1,3,0,3
,27970c1b-a9d7-43c8-a988-b3c5664d2f75,46198,Morocco vs Haiti,Morocco vs Haiti,Morocco,Haiti,Morocco,3,0,Maria Xuereb,France,25/06/2026_Morocco vs Haiti,25/06/2026_Morocco vs Haiti_Maria Xuereb,OK,OK,OK,OK,OK,4,2,3,0,3
,bae69c63-887a-4686-a88c-06a32b67dd45,46198,Scotland vs Brazil,Scotland vs Brazil,Scotland,Brazil,Brazil,1,2,Maria Xuereb,France,25/06/2026_Scotland vs Brazil,25/06/2026_Scotland vs Brazil_Maria Xuereb,OK,OK,OK,OK,OK,0,3,3,0,3
,fba2f58d-7408-4351-80a9-450108e04404,46198,South Africa vs South Korea,South Africa vs South Korea,South Africa,South Korea,Tie,1,1,Maria Xuereb,France,25/06/2026_South Africa vs South Korea,25/06/2026_South Africa vs South Korea_Maria Xuereb,OK,OK,OK,OK,OK,1,0,0,0,0
,a5b18a39-8397-40b2-af49-592dab9ad9ca,46198,Czechia vs Mexico,Czechia vs Mexico,Czechia,Mexico,Mexico,1,2,Maria Xuereb,France,25/06/2026_Czechia vs Mexico,25/06/2026_Czechia vs Mexico_Maria Xuereb,OK,OK,OK,OK,OK,0,3,3,0,3
,4df33df0-d35b-4edd-97a3-d729d0d2c87f,46198,Curaçao vs Ivory Coast,Curaçao vs Ivory Coast,Curaçao,Ivory Coast,Ivory Coast,0,2,Maria Xuereb,France,25/06/2026_Curaçao vs Ivory Coast,25/06/2026_Curaçao vs Ivory Coast_Maria Xuereb,OK,OK,OK,OK,OK,0,2,3,5,8
,00f2d828-2109-488d-b069-74eb68ea7c39,46198,Ecuador vs Germany,Ecuador vs Germany,Ecuador,Germany,Germany,1,2,Maria Xuereb,France,25/06/2026_Ecuador vs Germany,25/06/2026_Ecuador vs Germany_Maria Xuereb,OK,OK,OK,OK,OK,2,1,0,0,0
,a03ee06e-ca8b-4b32-b0fe-3c311c1eb8ac,46199,Tunisia vs Netherlands,Tunisia vs Netherlands,Tunisia,Netherlands,Netherlands,0,3,Maria Xuereb,France,26/06/2026_Tunisia vs Netherlands,26/06/2026_Tunisia vs Netherlands_Maria Xuereb,OK,OK,OK,OK,OK,1,3,3,0,3
,de0bd73e-4d34-4e34-a364-0694ce467573,46199,Japan vs Sweden,Japan vs Sweden,Japan,Sweden,Sweden,0,1,Maria Xuereb,France,26/06/2026_Japan vs Sweden,26/06/2026_Japan vs Sweden_Maria Xuereb,OK,OK,OK,OK,OK,1,1,0,0,0
,30c73fc5-dd7c-4784-af19-5f40a7146eba,46199,Turkey vs United States,Turkey vs United States,Turkey,United States,Turkey,1,0,Maria Xuereb,France,26/06/2026_Turkey vs United States,26/06/2026_Turkey vs United States_Maria Xuereb,OK,OK,OK,OK,OK,3,2,3,0,3
,3eba4299-fb95-46cf-8ea2-cc38703005b5,46199,Paraguay vs Australia,Paraguay vs Australia,Paraguay,Australia,Paraguay,1,0,Maria Xuereb,France,26/06/2026_Paraguay vs Australia,26/06/2026_Paraguay vs Australia_Maria Xuereb,OK,OK,OK,OK,OK,0,0,0,0,0
,e504b367-5ae1-49b2-a0cc-d58dc7511cd0,46199,Norway vs France,Norway vs France,Norway,France,Tie,1,1,Maria Xuereb,France,26/06/2026_Norway vs France,26/06/2026_Norway vs France_Maria Xuereb,OK,OK,OK,OK,OK,1,4,0,0,0
,7b9a1990-e274-450a-b6f7-45f945686383,46199,Senegal vs Iraq,Senegal vs Iraq,Senegal,Iraq,Senegal,2,0,Maria Xuereb,France,26/06/2026_Senegal vs Iraq,26/06/2026_Senegal vs Iraq_Maria Xuereb,OK,OK,OK,OK,OK,5,0,3,0,3
,fc4b4976-448c-4c89-9577-6692a636dcef,46200,Cape Verde Islands vs Saudi Arabia,Cape Verde Islands vs Saudi Arabia,Cape Verde Islands,Saudi Arabia,Saudi Arabia,0,2,Maria Xuereb,France,27/06/2026_Cape Verde Islands vs Saudi Arabia,27/06/2026_Cape Verde Islands vs Saudi Arabia_Maria Xuereb,OK,OK,OK,OK,OK,0,0,0,0,0
,b64efff5-13f9-465a-871f-e6edd5c154c8,46200,Uruguay vs Spain,Uruguay vs Spain,Uruguay,Spain,Spain,1,3,Maria Xuereb,France,27/06/2026_Uruguay vs Spain,27/06/2026_Uruguay vs Spain_Maria Xuereb,OK,OK,OK,OK,OK,0,1,3,0,3
,ca5051b8-7044-4f61-821b-cc6a1ee8e171,46200,New Zealand vs Belgium,New Zealand vs Belgium,New Zealand,Belgium,Belgium,0,3,Maria Xuereb,France,27/06/2026_New Zealand vs Belgium,27/06/2026_New Zealand vs Belgium_Maria Xuereb,OK,OK,OK,OK,OK,1,5,3,0,3
,7a82b800-93b0-44d2-8f13-7d6f8bf654ed,46200,Egypt vs Iran,Egypt vs Iran,Egypt,Iran,Egypt,2,0,Maria Xuereb,France,27/06/2026_Egypt vs Iran,27/06/2026_Egypt vs Iran_Maria Xuereb,OK,OK,OK,OK,OK,1,1,0,0,0
,df8805b6-5094-4f1e-bacd-29a7ad774f0f,46200,Panama vs England,Panama vs England,Panama,England,England,0,2,Maria Xuereb,France,27/06/2026_Panama vs England,27/06/2026_Panama vs England_Maria Xuereb,OK,OK,OK,OK,OK,0,2,3,5,8
,367f554c-ac1f-41db-bc8e-a76040fb55d7,46200,Croatia vs Ghana,Croatia vs Ghana,Croatia,Ghana,Tie,1,1,Maria Xuereb,France,27/06/2026_Croatia vs Ghana,27/06/2026_Croatia vs Ghana_Maria Xuereb,OK,OK,OK,OK,OK,2,1,0,0,0
,14c1d26f-83c7-4550-a80c-9df8dffa2c2e,46201,Colombia vs Portugal,Colombia vs Portugal,Colombia,Portugal,Portugal,1,2,Maria Xuereb,France,28/06/2026_Colombia vs Portugal,28/06/2026_Colombia vs Portugal_Maria Xuereb,OK,OK,OK,OK,OK,0,0,0,0,0
,41131b82-0610-4154-b647-79ffa0f416a0,46201,Congo DR vs Uzbekistan,Congo DR vs Uzbekistan,Congo DR,Uzbekistan,Tie,1,1,Maria Xuereb,France,28/06/2026_Congo DR vs Uzbekistan,28/06/2026_Congo DR vs Uzbekistan_Maria Xuereb,OK,OK,OK,OK,OK,3,1,0,0,0
,750559ff-02e1-4380-b9f7-ae6ea303090c,46201,Algeria vs Austria,Algeria vs Austria,Algeria,Austria,Austria,0,2,Maria Xuereb,France,28/06/2026_Algeria vs Austria,28/06/2026_Algeria vs Austria_Maria Xuereb,OK,OK,OK,OK,OK,3,3,0,0,0
,bc1c8a63-2014-4e87-9dc1-3b2877b10225,46201,Jordan vs Argentina,Jordan vs Argentina,Jordan,Argentina,Argentina,0,4,Maria Xuereb,France,28/06/2026_Jordan vs Argentina,28/06/2026_Jordan vs Argentina_Maria Xuereb,OK,OK,OK,OK,OK,1,3,3,0,3
,dd3d99b1-df26-4575-8414-2cafeb8e0ad8,46184,Mexico vs South Africa,Mexico vs South Africa,Mexico,South Africa,Mexico,2,0,Brandon Galea,Spain,11/06/2026_Mexico vs South Africa,11/06/2026_Mexico vs South Africa_Brandon Galea,OK,OK,OK,OK,OK,2,0,3,5,8
,8a4ce107-8f17-4cce-9155-9b0cb7e41219,46185,South Korea vs Czechia,South Korea vs Czechia,South Korea,Czechia,Tie,1,1,Brandon Galea,Spain,12/06/2026_South Korea vs Czechia,12/06/2026_South Korea vs Czechia_Brandon Galea,OK,OK,OK,OK,OK,2,1,0,0,0
,414d3b54-8d13-4575-9c8f-17561242da31,46185,Canada vs Bosnia-Herzegovina,Canada vs Bosnia-Herzegovina,Canada,Bosnia-Herzegovina,Tie,1,1,Brandon Galea,Spain,12/06/2026_Canada vs Bosnia-Herzegovina,12/06/2026_Canada vs Bosnia-Herzegovina_Brandon Galea,OK,OK,OK,OK,OK,1,1,3,5,8
,aa28c7af-92a0-4b51-aae4-d7b2dc345d78,46186,United States vs Paraguay,United States vs Paraguay,United States,Paraguay,United States,2,1,Brandon Galea,Spain,13/06/2026_United States vs Paraguay,13/06/2026_United States vs Paraguay_Brandon Galea,OK,OK,OK,OK,OK,4,1,3,0,3
,fd0597f6-446c-402c-af44-07de49d8c85c,46186,Qatar vs Switzerland,Qatar vs Switzerland,Qatar,Switzerland,Switzerland,0,2,Brandon Galea,Spain,13/06/2026_Qatar vs Switzerland,13/06/2026_Qatar vs Switzerland_Brandon Galea,OK,OK,OK,OK,OK,1,1,0,0,0
,60e02f4b-4395-4065-b949-5803ddefcbd9,46187,Brazil vs Morocco,Brazil vs Morocco,Brazil,Morocco,Brazil,2,1,Brandon Galea,Spain,14/06/2026_Brazil vs Morocco,14/06/2026_Brazil vs Morocco_Brandon Galea,OK,OK,OK,OK,OK,1,1,0,0,0
,a411362c-c7db-467e-9d5f-de431f540455,46187,Haiti vs Scotland,Haiti vs Scotland,Haiti,Scotland,Scotland,0,2,Brandon Galea,Spain,14/06/2026_Haiti vs Scotland,14/06/2026_Haiti vs Scotland_Brandon Galea,OK,OK,OK,OK,OK,0,1,3,0,3
,6b420f24-3ec7-4b35-ab21-6c13c08e2206,46187,Australia vs Turkey,Australia vs Turkey,Australia,Turkey,Turkey,0,1,Brandon Galea,Spain,14/06/2026_Australia vs Turkey,14/06/2026_Australia vs Turkey_Brandon Galea,OK,OK,OK,OK,OK,2,0,0,0,0
,7a9385d3-530b-49b5-9a1b-6a7a4b1ae9a3,46187,Germany vs Curaçao,Germany vs Curaçao,Germany,Curaçao,Germany,3,0,Brandon Galea,Spain,14/06/2026_Germany vs Curaçao,14/06/2026_Germany vs Curaçao_Brandon Galea,OK,OK,OK,OK,OK,7,1,3,0,3
,c407b1c9-80c1-4f62-bf65-81fec100446f,46187,Netherlands vs Japan,Netherlands vs Japan,Netherlands,Japan,Netherlands,2,1,Brandon Galea,Spain,14/06/2026_Netherlands vs Japan,14/06/2026_Netherlands vs Japan_Brandon Galea,OK,OK,OK,OK,OK,2,2,0,0,0
,4d9c7606-d3ca-4fbc-8aed-8eb37f19e72f,46188,Ivory Coast vs Ecuador,Ivory Coast vs Ecuador,Ivory Coast,Ecuador,Tie,1,1,Brandon Galea,Spain,15/06/2026_Ivory Coast vs Ecuador,15/06/2026_Ivory Coast vs Ecuador_Brandon Galea,OK,OK,OK,OK,OK,1,0,0,0,0
,3dbdd02b-3c44-47fb-b32a-ad34c58fae11,46188,Sweden vs Tunisia,Sweden vs Tunisia,Sweden,Tunisia,Sweden,1,0,Brandon Galea,Spain,15/06/2026_Sweden vs Tunisia,15/06/2026_Sweden vs Tunisia_Brandon Galea,OK,OK,OK,OK,OK,5,1,3,0,3
,83424fd8-1b05-4a52-8225-0827ed29dfa9,46188,Belgium vs Egypt,Belgium vs Egypt,Belgium,Egypt,Belgium,2,0,Brandon Galea,Spain,15/06/2026_Belgium vs Egypt,15/06/2026_Belgium vs Egypt_Brandon Galea,OK,OK,OK,OK,OK,1,1,0,0,0
,45da0074-391b-45bb-959d-c4df82193451,46188,Spain vs Cape Verde Islands,Spain vs Cape Verde Islands,Spain,Cape Verde Islands,Spain,3,0,Brandon Galea,Spain,15/06/2026_Spain vs Cape Verde Islands,15/06/2026_Spain vs Cape Verde Islands_Brandon Galea,OK,OK,OK,OK,OK,0,0,0,0,0
,c0d82ca7-e5a0-43ea-a6ff-ede20da1953e,46189,Saudi Arabia vs Uruguay,Saudi Arabia vs Uruguay,Saudi Arabia,Uruguay,Uruguay,0,2,Brandon Galea,Spain,16/06/2026_Saudi Arabia vs Uruguay,16/06/2026_Saudi Arabia vs Uruguay_Brandon Galea,OK,OK,OK,OK,OK,1,1,0,0,0
,10a6be99-e22f-4a72-b7cd-f9d2908da25a,46189,Iran vs New Zealand,Iran vs New Zealand,Iran,New Zealand,Tie,1,1,Brandon Galea,Spain,16/06/2026_Iran vs New Zealand,16/06/2026_Iran vs New Zealand_Brandon Galea,OK,OK,OK,OK,OK,2,2,3,0,3
,5dbab80d-b9bc-4898-a440-ed8a11141b61,46189,France vs Senegal,France vs Senegal,France,Senegal,France,2,1,Brandon Galea,Spain,16/06/2026_France vs Senegal,16/06/2026_France vs Senegal_Brandon Galea,OK,OK,OK,OK,OK,3,1,3,0,3
,4ee0bae0-61fb-466e-8fe5-2d4d7c248a6b,46190,Iraq vs Norway,Iraq vs Norway,Iraq,Norway,Norway,0,2,Brandon Galea,Spain,17/06/2026_Iraq vs Norway,17/06/2026_Iraq vs Norway_Brandon Galea,OK,OK,OK,OK,OK,1,4,3,0,3
,2d421507-ad4c-47d7-9e24-8eb8779713b0,46190,Argentina vs Algeria,Argentina vs Algeria,Argentina,Algeria,Argentina,2,0,Brandon Galea,Spain,17/06/2026_Argentina vs Algeria,17/06/2026_Argentina vs Algeria_Brandon Galea,OK,OK,OK,OK,OK,3,0,3,0,3
,d68c6de7-d479-4a9c-a020-53e299507c23,46190,Austria vs Jordan,Austria vs Jordan,Austria,Jordan,Austria,2,0,Brandon Galea,Spain,17/06/2026_Austria vs Jordan,17/06/2026_Austria vs Jordan_Brandon Galea,OK,OK,OK,OK,OK,3,1,3,0,3
,aa2d672b-3545-4756-bba7-e610cc676988,46190,Portugal vs Congo DR,Portugal vs Congo DR,Portugal,Congo DR,Portugal,2,1,Brandon Galea,Spain,17/06/2026_Portugal vs Congo DR,17/06/2026_Portugal vs Congo DR_Brandon Galea,OK,OK,OK,OK,OK,1,1,0,0,0
,eab44544-857e-4c0c-97aa-008f810a4c63,46190,England vs Croatia,England vs Croatia,England,Croatia,Tie,1,1,Brandon Galea,Spain,17/06/2026_England vs Croatia,17/06/2026_England vs Croatia_Brandon Galea,OK,OK,OK,OK,OK,4,2,0,0,0
,9ee39a20-9cad-4faf-840f-0db96e28d147,46191,Ghana vs Panama,Ghana vs Panama,Ghana,Panama,Ghana,1,0,Brandon Galea,Spain,18/06/2026_Ghana vs Panama,18/06/2026_Ghana vs Panama_Brandon Galea,OK,OK,OK,OK,OK,1,0,3,5,8
,ddc2f0bb-4899-4e4e-ad9a-bc10eab55226,46191,Uzbekistan vs Colombia,Uzbekistan vs Colombia,Uzbekistan,Colombia,Colombia,0,1,Brandon Galea,Spain,18/06/2026_Uzbekistan vs Colombia,18/06/2026_Uzbekistan vs Colombia_Brandon Galea,OK,OK,OK,OK,OK,1,3,3,0,3
,fd072694-ada0-4973-8a7b-14f5c5d7548b,46191,Czechia vs South Africa,Czechia vs South Africa,Czechia,South Africa,Czechia,2,0,Brandon Galea,Spain,18/06/2026_Czechia vs South Africa,18/06/2026_Czechia vs South Africa_Brandon Galea,OK,OK,OK,OK,OK,1,1,0,0,0
,64737574-61c3-4579-9a8f-1ee52c5881be,46191,Switzerland vs Bosnia-Herzegovina,Switzerland vs Bosnia-Herzegovina,Switzerland,Bosnia-Herzegovina,Switzerland,1,0,Brandon Galea,Spain,18/06/2026_Switzerland vs Bosnia-Herzegovina,18/06/2026_Switzerland vs Bosnia-Herzegovina_Brandon Galea,OK,OK,OK,OK,OK,4,1,3,0,3
,0b98137d-55dd-43fa-b768-46cd8219d0d7,46192,Canada vs Qatar,Canada vs Qatar,Canada,Qatar,Canada,1,0,Brandon Galea,Spain,19/06/2026_Canada vs Qatar,19/06/2026_Canada vs Qatar_Brandon Galea,OK,OK,OK,OK,OK,6,0,3,0,3
,e4222372-3ed5-47ac-959e-e8e165fec636,46192,Mexico vs South Korea,Mexico vs South Korea,Mexico,South Korea,Mexico,2,0,Brandon Galea,Spain,19/06/2026_Mexico vs South Korea,19/06/2026_Mexico vs South Korea_Brandon Galea,OK,OK,OK,OK,OK,1,0,3,0,3
,5afbe91a-8f35-4fa6-bc41-a358a48ac93c,46192,United States vs Australia,United States vs Australia,United States,Australia,United States,2,0,Brandon Galea,Spain,19/06/2026_United States vs Australia,19/06/2026_United States vs Australia_Brandon Galea,OK,OK,OK,OK,OK,2,0,3,5,8
,ecab6197-d868-40f5-8cc7-6b2cde17b8a0,46193,Scotland vs Morocco,Scotland vs Morocco,Scotland,Morocco,Tie,1,1,Brandon Galea,Spain,20/06/2026_Scotland vs Morocco,20/06/2026_Scotland vs Morocco_Brandon Galea,OK,OK,OK,OK,OK,0,1,0,0,0
,2223bba4-7d5d-4d3b-b497-049ed9f291b8,46193,Brazil vs Haiti,Brazil vs Haiti,Brazil,Haiti,Brazil,3,0,Brandon Galea,Spain,20/06/2026_Brazil vs Haiti,20/06/2026_Brazil vs Haiti_Brandon Galea,OK,OK,OK,OK,OK,3,0,3,5,8
,f47ddcff-9960-44f1-9af0-6a8f05672fc2,46193,Turkey vs Paraguay,Turkey vs Paraguay,Turkey,Paraguay,Tie,1,1,Brandon Galea,Spain,20/06/2026_Turkey vs Paraguay,20/06/2026_Turkey vs Paraguay_Brandon Galea,OK,OK,OK,OK,OK,0,1,0,0,0
,d29417dc-1274-4b65-9972-365cab81b423,46193,Netherlands vs Sweden,Netherlands vs Sweden,Netherlands,Sweden,Netherlands,1,0,Brandon Galea,Spain,20/06/2026_Netherlands vs Sweden,20/06/2026_Netherlands vs Sweden_Brandon Galea,OK,OK,OK,OK,OK,5,1,3,0,3
,fe5d0bb1-89ce-492c-9278-516b9fec51d1,46193,Germany vs Ivory Coast,Germany vs Ivory Coast,Germany,Ivory Coast,Germany,2,0,Brandon Galea,Spain,20/06/2026_Germany vs Ivory Coast,20/06/2026_Germany vs Ivory Coast_Brandon Galea,OK,OK,OK,OK,OK,2,1,3,0,3
,c29956de-a58b-4b2e-9f7c-4942fdb65db6,46194,Ecuador vs Curaçao,Ecuador vs Curaçao,Ecuador,Curaçao,Ecuador,2,0,Brandon Galea,Spain,21/06/2026_Ecuador vs Curaçao,21/06/2026_Ecuador vs Curaçao_Brandon Galea,OK,OK,OK,OK,OK,0,0,0,0,0
,b23e9efd-40b4-4fa7-a6dd-d21d81515fcf,46194,Tunisia vs Japan,Tunisia vs Japan,Tunisia,Japan,Japan,0,2,Brandon Galea,Spain,21/06/2026_Tunisia vs Japan,21/06/2026_Tunisia vs Japan_Brandon Galea,OK,OK,OK,OK,OK,0,4,3,0,3
,3bd38e5f-1979-475f-a736-918f7a4c0a19,46194,Spain vs Saudi Arabia,Spain vs Saudi Arabia,Spain,Saudi Arabia,Spain,2,0,Brandon Galea,Spain,21/06/2026_Spain vs Saudi Arabia,21/06/2026_Spain vs Saudi Arabia_Brandon Galea,OK,OK,OK,OK,OK,4,0,3,0,3
,246283e0-70b0-4971-8cac-0f83c80adbc8,46194,Belgium vs Iran,Belgium vs Iran,Belgium,Iran,Belgium,2,0,Brandon Galea,Spain,21/06/2026_Belgium vs Iran,21/06/2026_Belgium vs Iran_Brandon Galea,OK,OK,OK,OK,OK,0,0,0,0,0
,38746fad-a876-4ac6-989e-91d2c0e7c2e3,46195,Uruguay vs Cape Verde Islands,Uruguay vs Cape Verde Islands,Uruguay,Cape Verde Islands,Uruguay,2,0,Brandon Galea,Spain,22/06/2026_Uruguay vs Cape Verde Islands,22/06/2026_Uruguay vs Cape Verde Islands_Brandon Galea,OK,OK,OK,OK,OK,2,2,0,0,0
,5ea05712-1814-4aa2-a8d3-ce0c4fc4c9f0,46195,New Zealand vs Egypt,New Zealand vs Egypt,New Zealand,Egypt,Egypt,0,1,Brandon Galea,Spain,22/06/2026_New Zealand vs Egypt,22/06/2026_New Zealand vs Egypt_Brandon Galea,OK,OK,OK,OK,OK,1,3,3,0,3
,122854d9-61f7-4bc2-a4fb-bc336ffbbaa8,46195,Argentina vs Austria,Argentina vs Austria,Argentina,Austria,Argentina,2,0,Brandon Galea,Spain,22/06/2026_Argentina vs Austria,22/06/2026_Argentina vs Austria_Brandon Galea,OK,OK,OK,OK,OK,2,0,3,5,8
,53104141-7847-4917-a9c7-4e1ba9aaf882,46195,France vs Iraq,France vs Iraq,France,Iraq,France,2,0,Brandon Galea,Spain,22/06/2026_France vs Iraq,22/06/2026_France vs Iraq_Brandon Galea,OK,OK,OK,OK,OK,3,0,3,0,3
,c47f00eb-4290-41f0-84a5-3355e8305a7c,46196,Norway vs Senegal,Norway vs Senegal,Norway,Senegal,Tie,2,2,Brandon Galea,Spain,23/06/2026_Norway vs Senegal,23/06/2026_Norway vs Senegal_Brandon Galea,OK,OK,OK,OK,OK,3,2,0,0,0
,3fea07ff-6272-4e5c-aae3-f55cfceb7b9e,46196,Jordan vs Algeria,Jordan vs Algeria,Jordan,Algeria,Algeria,0,2,Brandon Galea,Spain,23/06/2026_Jordan vs Algeria,23/06/2026_Jordan vs Algeria_Brandon Galea,OK,OK,OK,OK,OK,1,2,3,0,3
,527f01f5-2333-443a-aaf2-3fbeb7b3958f,46196,Portugal vs Uzbekistan,Portugal vs Uzbekistan,Portugal,Uzbekistan,Portugal,3,1,Brandon Galea,Spain,23/06/2026_Portugal vs Uzbekistan,23/06/2026_Portugal vs Uzbekistan_Brandon Galea,OK,OK,OK,OK,OK,5,0,3,0,3
,3d9ff9e8-1662-40f0-a09d-59a24d8dc84a,46196,England vs Ghana,England vs Ghana,England,Ghana,England,2,0,Brandon Galea,Spain,23/06/2026_England vs Ghana,23/06/2026_England vs Ghana_Brandon Galea,OK,OK,OK,OK,OK,0,0,0,0,0
,ef3539a8-0218-4adb-8cff-b5df596e58c6,46197,Panama vs Croatia,Panama vs Croatia,Panama,Croatia,Croatia,0,2,Brandon Galea,Spain,24/06/2026_Panama vs Croatia,24/06/2026_Panama vs Croatia_Brandon Galea,OK,OK,OK,OK,OK,0,1,3,0,3
,e8ea1945-385f-4511-906f-c5decc524393,46197,Colombia vs Congo DR,Colombia vs Congo DR,Colombia,Congo DR,Tie,1,1,Brandon Galea,Spain,24/06/2026_Colombia vs Congo DR,24/06/2026_Colombia vs Congo DR_Brandon Galea,OK,OK,OK,OK,OK,1,0,0,0,0
,3b6b96d9-46da-49ce-b998-0c9e620084c8,46197,Switzerland vs Canada,Switzerland vs Canada,Switzerland,Canada,Tie,1,1,Brandon Galea,Spain,24/06/2026_Switzerland vs Canada,24/06/2026_Switzerland vs Canada_Brandon Galea,OK,OK,OK,OK,OK,2,1,0,0,0
,360ef925-e6de-4c48-aac7-76a25a924e58,46197,Bosnia-Herzegovina vs Qatar,Bosnia-Herzegovina vs Qatar,Bosnia-Herzegovina,Qatar,Bosnia-Herzegovina,2,0,Brandon Galea,Spain,24/06/2026_Bosnia-Herzegovina vs Qatar,24/06/2026_Bosnia-Herzegovina vs Qatar_Brandon Galea,OK,OK,OK,OK,OK,3,1,3,0,3
,63ee3585-68ee-47e6-a292-0a8c59d1de42,46198,Morocco vs Haiti,Morocco vs Haiti,Morocco,Haiti,Morocco,2,0,Brandon Galea,Spain,25/06/2026_Morocco vs Haiti,25/06/2026_Morocco vs Haiti_Brandon Galea,OK,OK,OK,OK,OK,4,2,3,0,3
,e77ffe18-df88-4b44-a26c-46ff25e96f62,46198,Scotland vs Brazil,Scotland vs Brazil,Scotland,Brazil,Brazil,1,2,Brandon Galea,Spain,25/06/2026_Scotland vs Brazil,25/06/2026_Scotland vs Brazil_Brandon Galea,OK,OK,OK,OK,OK,0,3,3,0,3
,a6e0096c-4e6f-4274-8b39-804e93a8bbd9,46198,South Africa vs South Korea,South Africa vs South Korea,South Africa,South Korea,Tie,1,1,Brandon Galea,Spain,25/06/2026_South Africa vs South Korea,25/06/2026_South Africa vs South Korea_Brandon Galea,OK,OK,OK,OK,OK,1,0,0,0,0
,99dcf53a-7374-4f5d-807f-fa5bcabf46ab,46198,Czechia vs Mexico,Czechia vs Mexico,Czechia,Mexico,Tie,1,1,Brandon Galea,Spain,25/06/2026_Czechia vs Mexico,25/06/2026_Czechia vs Mexico_Brandon Galea,OK,OK,OK,OK,OK,0,3,0,0,0
,af8c42dc-2d87-40ed-9854-4c683e0fc8db,46198,Curaçao vs Ivory Coast,Curaçao vs Ivory Coast,Curaçao,Ivory Coast,Ivory Coast,0,2,Brandon Galea,Spain,25/06/2026_Curaçao vs Ivory Coast,25/06/2026_Curaçao vs Ivory Coast_Brandon Galea,OK,OK,OK,OK,OK,0,2,3,5,8
,6aab4bdd-5616-4178-b824-58c31fdf3cdb,46198,Ecuador vs Germany,Ecuador vs Germany,Ecuador,Germany,Germany,0,2,Brandon Galea,Spain,25/06/2026_Ecuador vs Germany,25/06/2026_Ecuador vs Germany_Brandon Galea,OK,OK,OK,OK,OK,2,1,0,0,0
,11150dcb-6dba-4752-bdde-5b2883bda753,46199,Tunisia vs Netherlands,Tunisia vs Netherlands,Tunisia,Netherlands,Netherlands,0,1,Brandon Galea,Spain,26/06/2026_Tunisia vs Netherlands,26/06/2026_Tunisia vs Netherlands_Brandon Galea,OK,OK,OK,OK,OK,1,3,3,0,3
,39dbfc2b-a65d-4536-8cce-889a4ecd92cb,46199,Japan vs Sweden,Japan vs Sweden,Japan,Sweden,Japan,2,1,Brandon Galea,Spain,26/06/2026_Japan vs Sweden,26/06/2026_Japan vs Sweden_Brandon Galea,OK,OK,OK,OK,OK,1,1,0,0,0
,b3f0c745-eaff-4c04-82b7-6a602803de43,46199,Turkey vs United States,Turkey vs United States,Turkey,United States,Tie,1,1,Brandon Galea,Spain,26/06/2026_Turkey vs United States,26/06/2026_Turkey vs United States_Brandon Galea,OK,OK,OK,OK,OK,3,2,0,0,0
,c12a6dda-890a-40c5-b96c-8e3965f69d90,46199,Paraguay vs Australia,Paraguay vs Australia,Paraguay,Australia,Tie,1,1,Brandon Galea,Spain,26/06/2026_Paraguay vs Australia,26/06/2026_Paraguay vs Australia_Brandon Galea,OK,OK,OK,OK,OK,0,0,3,0,3
,7645b347-8c93-427c-9e28-54b8be82cf07,46199,Norway vs France,Norway vs France,Norway,France,France,1,2,Brandon Galea,Spain,26/06/2026_Norway vs France,26/06/2026_Norway vs France_Brandon Galea,OK,OK,OK,OK,OK,1,4,3,0,3
,c1713054-f465-409d-be33-e4ebea39c895,46199,Senegal vs Iraq,Senegal vs Iraq,Senegal,Iraq,Senegal,2,0,Brandon Galea,Spain,26/06/2026_Senegal vs Iraq,26/06/2026_Senegal vs Iraq_Brandon Galea,OK,OK,OK,OK,OK,5,0,3,0,3
,bfb3d1c1-b0c4-47a4-a7fc-c2ccb43536e5,46200,Cape Verde Islands vs Saudi Arabia,Cape Verde Islands vs Saudi Arabia,Cape Verde Islands,Saudi Arabia,Saudi Arabia,0,1,Brandon Galea,Spain,27/06/2026_Cape Verde Islands vs Saudi Arabia,27/06/2026_Cape Verde Islands vs Saudi Arabia_Brandon Galea,OK,OK,OK,OK,OK,0,0,0,0,0
,44db31f3-3479-4619-8204-cff4e6e1d1e8,46200,Uruguay vs Spain,Uruguay vs Spain,Uruguay,Spain,Spain,0,2,Brandon Galea,Spain,27/06/2026_Uruguay vs Spain,27/06/2026_Uruguay vs Spain_Brandon Galea,OK,OK,OK,OK,OK,0,1,3,0,3
,f44ed3d8-9556-43fd-b00a-2a08e5c33814,46200,New Zealand vs Belgium,New Zealand vs Belgium,New Zealand,Belgium,Belgium,0,2,Brandon Galea,Spain,27/06/2026_New Zealand vs Belgium,27/06/2026_New Zealand vs Belgium_Brandon Galea,OK,OK,OK,OK,OK,1,5,3,0,3
,4116a629-50e2-48a1-b72f-c9575eff4a26,46200,Egypt vs Iran,Egypt vs Iran,Egypt,Iran,Tie,1,1,Brandon Galea,Spain,27/06/2026_Egypt vs Iran,27/06/2026_Egypt vs Iran_Brandon Galea,OK,OK,OK,OK,OK,1,1,3,5,8
,e54f63e9-d71c-4f25-9780-ceb45f1b06a0,46200,Panama vs England,Panama vs England,Panama,England,England,0,2,Brandon Galea,Spain,27/06/2026_Panama vs England,27/06/2026_Panama vs England_Brandon Galea,OK,OK,OK,OK,OK,0,2,3,5,8
,a95c5599-2b4c-4474-a210-acb46a5e97cd,46200,Croatia vs Ghana,Croatia vs Ghana,Croatia,Ghana,Croatia,2,0,Brandon Galea,Spain,27/06/2026_Croatia vs Ghana,27/06/2026_Croatia vs Ghana_Brandon Galea,OK,OK,OK,OK,OK,2,1,3,0,3
,1817ef28-dd3c-4f5e-b9e0-a6c2309607cb,46201,Colombia vs Portugal,Colombia vs Portugal,Colombia,Portugal,Portugal,1,2,Brandon Galea,Spain,28/06/2026_Colombia vs Portugal,28/06/2026_Colombia vs Portugal_Brandon Galea,OK,OK,OK,OK,OK,0,0,0,0,0
,1b449d0a-ba65-4e5f-b48c-a347e695f9bf,46201,Congo DR vs Uzbekistan,Congo DR vs Uzbekistan,Congo DR,Uzbekistan,Congo DR,2,1,Brandon Galea,Spain,28/06/2026_Congo DR vs Uzbekistan,28/06/2026_Congo DR vs Uzbekistan_Brandon Galea,OK,OK,OK,OK,OK,3,1,3,0,3
,2da3e549-96d1-42c5-8382-8040f1aa9cc3,46201,Algeria vs Austria,Algeria vs Austria,Algeria,Austria,Tie,1,1,Brandon Galea,Spain,28/06/2026_Algeria vs Austria,28/06/2026_Algeria vs Austria_Brandon Galea,OK,OK,OK,OK,OK,3,3,3,0,3
,8f49b3e1-2051-46fa-b91c-1b3cfb7f4a45,46201,Jordan vs Argentina,Jordan vs Argentina,Jordan,Argentina,Argentina,0,2,Brandon Galea,Spain,28/06/2026_Jordan vs Argentina,28/06/2026_Jordan vs Argentina_Brandon Galea,OK,OK,OK,OK,OK,1,3,3,0,3
,6edef3f0-a258-49d0-bd33-19aa6e0a1cd4,46184,Mexico vs South Africa,Mexico vs South Africa,Mexico,South Africa,Mexico,3,0,Lianne Zahra,France,11/06/2026_Mexico vs South Africa,11/06/2026_Mexico vs South Africa_Lianne Zahra,OK,OK,OK,OK,OK,2,0,3,0,3
,cb58893d-45d6-4fef-b115-1ffd98dc8103,46185,South Korea vs Czechia,South Korea vs Czechia,South Korea,Czechia,Tie,1,1,Lianne Zahra,France,12/06/2026_South Korea vs Czechia,12/06/2026_South Korea vs Czechia_Lianne Zahra,OK,OK,OK,OK,OK,2,1,0,0,0
,1ea7d269-fe88-41da-be07-38f08f06c553,46185,Canada vs Bosnia-Herzegovina,Canada vs Bosnia-Herzegovina,Canada,Bosnia-Herzegovina,Tie,1,1,Lianne Zahra,France,12/06/2026_Canada vs Bosnia-Herzegovina,12/06/2026_Canada vs Bosnia-Herzegovina_Lianne Zahra,OK,OK,OK,OK,OK,1,1,3,5,8
,96934188-828e-4ddc-bed0-ee7a99c0416f,46186,United States vs Paraguay,United States vs Paraguay,United States,Paraguay,United States,2,1,Lianne Zahra,France,13/06/2026_United States vs Paraguay,13/06/2026_United States vs Paraguay_Lianne Zahra,OK,OK,OK,OK,OK,4,1,3,0,3
,8d493379-f180-4a11-9395-7578d350cc9f,46186,Qatar vs Switzerland,Qatar vs Switzerland,Qatar,Switzerland,Switzerland,0,3,Lianne Zahra,France,13/06/2026_Qatar vs Switzerland,13/06/2026_Qatar vs Switzerland_Lianne Zahra,OK,OK,OK,OK,OK,1,1,0,0,0
,208c0df3-22fe-4793-a9af-3c3698dbe532,46187,Brazil vs Morocco,Brazil vs Morocco,Brazil,Morocco,Brazil,2,1,Lianne Zahra,France,14/06/2026_Brazil vs Morocco,14/06/2026_Brazil vs Morocco_Lianne Zahra,OK,OK,OK,OK,OK,1,1,0,0,0
,ec1dd92c-8f82-44b1-8fac-13fa4821d6b4,46187,Haiti vs Scotland,Haiti vs Scotland,Haiti,Scotland,Scotland,0,2,Lianne Zahra,France,14/06/2026_Haiti vs Scotland,14/06/2026_Haiti vs Scotland_Lianne Zahra,OK,OK,OK,OK,OK,0,1,3,0,3
,354a3788-9658-4a6e-a2ec-b4708b5e41d0,46187,Australia vs Turkey,Australia vs Turkey,Australia,Turkey,Turkey,0,2,Lianne Zahra,France,14/06/2026_Australia vs Turkey,14/06/2026_Australia vs Turkey_Lianne Zahra,OK,OK,OK,OK,OK,2,0,0,0,0
,f7f49937-e0c9-4257-b70b-0425beb93325,46187,Germany vs Curaçao,Germany vs Curaçao,Germany,Curaçao,Germany,4,0,Lianne Zahra,France,14/06/2026_Germany vs Curaçao,14/06/2026_Germany vs Curaçao_Lianne Zahra,OK,OK,OK,OK,OK,7,1,3,0,3
,05713c23-86ed-4665-8782-03ae46e194f0,46187,Netherlands vs Japan,Netherlands vs Japan,Netherlands,Japan,Netherlands,2,1,Lianne Zahra,France,14/06/2026_Netherlands vs Japan,14/06/2026_Netherlands vs Japan_Lianne Zahra,OK,OK,OK,OK,OK,2,2,0,0,0
,90d37337-6110-4bb1-a939-4e9496edd5e2,46188,Ivory Coast vs Ecuador,Ivory Coast vs Ecuador,Ivory Coast,Ecuador,Ivory Coast,2,1,Lianne Zahra,France,15/06/2026_Ivory Coast vs Ecuador,15/06/2026_Ivory Coast vs Ecuador_Lianne Zahra,OK,OK,OK,OK,OK,1,0,3,0,3
,a4db52d5-55e2-4929-a1f4-8c9f555daab2,46188,Sweden vs Tunisia,Sweden vs Tunisia,Sweden,Tunisia,Sweden,3,1,Lianne Zahra,France,15/06/2026_Sweden vs Tunisia,15/06/2026_Sweden vs Tunisia_Lianne Zahra,OK,OK,OK,OK,OK,5,1,3,0,3
,94c85adf-31f9-4170-9446-9b2b0540f18a,46188,Belgium vs Egypt,Belgium vs Egypt,Belgium,Egypt,Belgium,2,0,Lianne Zahra,France,15/06/2026_Belgium vs Egypt,15/06/2026_Belgium vs Egypt_Lianne Zahra,OK,OK,OK,OK,OK,1,1,0,0,0
,4ab38cb6-6e00-4aab-86cb-9e24d21d8844,46188,Spain vs Cape Verde Islands,Spain vs Cape Verde Islands,Spain,Cape Verde Islands,Spain,3,0,Lianne Zahra,France,15/06/2026_Spain vs Cape Verde Islands,15/06/2026_Spain vs Cape Verde Islands_Lianne Zahra,OK,OK,OK,OK,OK,0,0,0,0,0
,3b78c108-3332-4712-898e-4c6fd61af5ca,46189,Saudi Arabia vs Uruguay,Saudi Arabia vs Uruguay,Saudi Arabia,Uruguay,Uruguay,0,2,Lianne Zahra,France,16/06/2026_Saudi Arabia vs Uruguay,16/06/2026_Saudi Arabia vs Uruguay_Lianne Zahra,OK,OK,OK,OK,OK,1,1,0,0,0
,4ff7745f-3ecc-4595-8824-e583881eeb94,46189,Iran vs New Zealand,Iran vs New Zealand,Iran,New Zealand,Iran,1,0,Lianne Zahra,France,16/06/2026_Iran vs New Zealand,16/06/2026_Iran vs New Zealand_Lianne Zahra,OK,OK,OK,OK,OK,2,2,0,0,0
,07c2d632-13f0-4215-8e16-e89e5db09647,46189,France vs Senegal,France vs Senegal,France,Senegal,France,3,1,Lianne Zahra,France,16/06/2026_France vs Senegal,16/06/2026_France vs Senegal_Lianne Zahra,OK,OK,OK,OK,OK,3,1,3,5,8
,4320299f-c8ac-4962-94ba-85849643c998,46190,Iraq vs Norway,Iraq vs Norway,Iraq,Norway,Norway,0,3,Lianne Zahra,France,17/06/2026_Iraq vs Norway,17/06/2026_Iraq vs Norway_Lianne Zahra,OK,OK,OK,OK,OK,1,4,3,0,3
,cea3aa80-8568-4b39-94db-5b73706c1fcf,46190,Argentina vs Algeria,Argentina vs Algeria,Argentina,Algeria,Argentina,2,0,Lianne Zahra,France,17/06/2026_Argentina vs Algeria,17/06/2026_Argentina vs Algeria_Lianne Zahra,OK,OK,OK,OK,OK,3,0,3,0,3
,2607f162-56c9-4fa6-a0bc-e9d3a37f650f,46190,Austria vs Jordan,Austria vs Jordan,Austria,Jordan,Austria,3,0,Lianne Zahra,France,17/06/2026_Austria vs Jordan,17/06/2026_Austria vs Jordan_Lianne Zahra,OK,OK,OK,OK,OK,3,1,3,0,3
,8d534415-11a5-47b2-a9ce-dcb311196cc4,46190,Portugal vs Congo DR,Portugal vs Congo DR,Portugal,Congo DR,Portugal,3,0,Lianne Zahra,France,17/06/2026_Portugal vs Congo DR,17/06/2026_Portugal vs Congo DR_Lianne Zahra,OK,OK,OK,OK,OK,1,1,0,0,0
,c7fac3e9-f223-4fa1-a411-b069da9de443,46190,England vs Croatia,England vs Croatia,England,Croatia,England,2,1,Lianne Zahra,France,17/06/2026_England vs Croatia,17/06/2026_England vs Croatia_Lianne Zahra,OK,OK,OK,OK,OK,4,2,3,0,3
,9a2fa6ae-a024-4ed8-a942-d6787e7c66f7,46191,Ghana vs Panama,Ghana vs Panama,Ghana,Panama,Ghana,2,0,Lianne Zahra,France,18/06/2026_Ghana vs Panama,18/06/2026_Ghana vs Panama_Lianne Zahra,OK,OK,OK,OK,OK,1,0,3,0,3
,3c9a28b7-2012-4b10-a0ff-28bf7fbe2b1a,46191,Uzbekistan vs Colombia,Uzbekistan vs Colombia,Uzbekistan,Colombia,Colombia,0,3,Lianne Zahra,France,18/06/2026_Uzbekistan vs Colombia,18/06/2026_Uzbekistan vs Colombia_Lianne Zahra,OK,OK,OK,OK,OK,1,3,3,0,3
,e407effb-30a5-482b-aa93-6612ca0fb373,46191,Czechia vs South Africa,Czechia vs South Africa,Czechia,South Africa,Czechia,2,1,Lianne Zahra,France,18/06/2026_Czechia vs South Africa,18/06/2026_Czechia vs South Africa_Lianne Zahra,OK,OK,OK,OK,OK,1,1,0,0,0
,8ea9d724-3b80-431d-9587-e90c27f7291a,46191,Switzerland vs Bosnia-Herzegovina,Switzerland vs Bosnia-Herzegovina,Switzerland,Bosnia-Herzegovina,Switzerland,2,0,Lianne Zahra,France,18/06/2026_Switzerland vs Bosnia-Herzegovina,18/06/2026_Switzerland vs Bosnia-Herzegovina_Lianne Zahra,OK,OK,OK,OK,OK,4,1,3,0,3
,122f4b5e-5238-4d8b-8786-31025a3d213c,46192,Canada vs Qatar,Canada vs Qatar,Canada,Qatar,Canada,2,1,Lianne Zahra,France,19/06/2026_Canada vs Qatar,19/06/2026_Canada vs Qatar_Lianne Zahra,OK,OK,OK,OK,OK,6,0,3,0,3
,337922e9-e283-481d-accd-1ea763d0a275,46192,Mexico vs South Korea,Mexico vs South Korea,Mexico,South Korea,Tie,1,1,Lianne Zahra,France,19/06/2026_Mexico vs South Korea,19/06/2026_Mexico vs South Korea_Lianne Zahra,OK,OK,OK,OK,OK,1,0,0,0,0
,b21db30d-3699-477a-b26d-67aeef144b28,46192,United States vs Australia,United States vs Australia,United States,Australia,United States,2,0,Lianne Zahra,France,19/06/2026_United States vs Australia,19/06/2026_United States vs Australia_Lianne Zahra,OK,OK,OK,OK,OK,2,0,3,5,8
,899ae910-e27f-4cc5-8f6e-15c8762d1bac,46193,Scotland vs Morocco,Scotland vs Morocco,Scotland,Morocco,Morocco,1,2,Lianne Zahra,France,20/06/2026_Scotland vs Morocco,20/06/2026_Scotland vs Morocco_Lianne Zahra,OK,OK,OK,OK,OK,0,1,3,0,3
,40fa33cf-82a2-49c6-bc6a-f1437e097118,46193,Brazil vs Haiti,Brazil vs Haiti,Brazil,Haiti,Brazil,3,0,Lianne Zahra,France,20/06/2026_Brazil vs Haiti,20/06/2026_Brazil vs Haiti_Lianne Zahra,OK,OK,OK,OK,OK,3,0,3,5,8
,684c4dc4-ee3e-45f7-8fa1-18230c7b3c9e,46193,Turkey vs Paraguay,Turkey vs Paraguay,Turkey,Paraguay,Turkey,2,1,Lianne Zahra,France,20/06/2026_Turkey vs Paraguay,20/06/2026_Turkey vs Paraguay_Lianne Zahra,OK,OK,OK,OK,OK,0,1,0,0,0
,92035bb9-5e46-4a2e-8f9f-de0eda5d6e1e,46193,Netherlands vs Sweden,Netherlands vs Sweden,Netherlands,Sweden,Netherlands,2,1,Lianne Zahra,France,20/06/2026_Netherlands vs Sweden,20/06/2026_Netherlands vs Sweden_Lianne Zahra,OK,OK,OK,OK,OK,5,1,3,0,3
,5956171f-078b-4452-87bd-c74705ca4584,46193,Germany vs Ivory Coast,Germany vs Ivory Coast,Germany,Ivory Coast,Germany,2,1,Lianne Zahra,France,20/06/2026_Germany vs Ivory Coast,20/06/2026_Germany vs Ivory Coast_Lianne Zahra,OK,OK,OK,OK,OK,2,1,3,5,8
,9a9b69fb-a2e5-42b9-abcd-e35836a9091d,46194,Ecuador vs Curaçao,Ecuador vs Curaçao,Ecuador,Curaçao,Ecuador,2,0,Lianne Zahra,France,21/06/2026_Ecuador vs Curaçao,21/06/2026_Ecuador vs Curaçao_Lianne Zahra,OK,OK,OK,OK,OK,0,0,0,0,0
,e40d56f0-d22b-444e-9b05-98e48eabc456,46194,Tunisia vs Japan,Tunisia vs Japan,Tunisia,Japan,Japan,0,1,Lianne Zahra,France,21/06/2026_Tunisia vs Japan,21/06/2026_Tunisia vs Japan_Lianne Zahra,OK,OK,OK,OK,OK,0,4,3,0,3
,83289016-20f8-44a5-8685-b6502218275c,46194,Spain vs Saudi Arabia,Spain vs Saudi Arabia,Spain,Saudi Arabia,Spain,3,0,Lianne Zahra,France,21/06/2026_Spain vs Saudi Arabia,21/06/2026_Spain vs Saudi Arabia_Lianne Zahra,OK,OK,OK,OK,OK,4,0,3,0,3
,3edbaf5a-2304-46a4-9eb2-17f3305737a1,46194,Belgium vs Iran,Belgium vs Iran,Belgium,Iran,Belgium,2,0,Lianne Zahra,France,21/06/2026_Belgium vs Iran,21/06/2026_Belgium vs Iran_Lianne Zahra,OK,OK,OK,OK,OK,0,0,0,0,0
,04285c75-49c5-4102-a159-c28038a246ce,46195,Uruguay vs Cape Verde Islands,Uruguay vs Cape Verde Islands,Uruguay,Cape Verde Islands,Uruguay,2,0,Lianne Zahra,France,22/06/2026_Uruguay vs Cape Verde Islands,22/06/2026_Uruguay vs Cape Verde Islands_Lianne Zahra,OK,OK,OK,OK,OK,2,2,0,0,0
,94d44a2f-54bc-4ed1-a79c-8cd1d1d14b29,46195,New Zealand vs Egypt,New Zealand vs Egypt,New Zealand,Egypt,Tie,1,1,Lianne Zahra,France,22/06/2026_New Zealand vs Egypt,22/06/2026_New Zealand vs Egypt_Lianne Zahra,OK,OK,OK,OK,OK,1,3,0,0,0
,471d8b61-9789-4831-bcf2-45e18d152d0e,46195,Argentina vs Austria,Argentina vs Austria,Argentina,Austria,Argentina,2,1,Lianne Zahra,France,22/06/2026_Argentina vs Austria,22/06/2026_Argentina vs Austria_Lianne Zahra,OK,OK,OK,OK,OK,2,0,3,0,3
,7983febf-be3b-46e4-a4d2-1411fe0209aa,46195,France vs Iraq,France vs Iraq,France,Iraq,France,3,0,Lianne Zahra,France,22/06/2026_France vs Iraq,22/06/2026_France vs Iraq_Lianne Zahra,OK,OK,OK,OK,OK,3,0,3,5,8
,4c327ce6-a9de-443f-9d3a-f24586a2bc11,46196,Norway vs Senegal,Norway vs Senegal,Norway,Senegal,Tie,1,1,Lianne Zahra,France,23/06/2026_Norway vs Senegal,23/06/2026_Norway vs Senegal_Lianne Zahra,OK,OK,OK,OK,OK,3,2,0,0,0
,cc54e288-69f7-4552-bf1e-d2ad52564d4e,46196,Jordan vs Algeria,Jordan vs Algeria,Jordan,Algeria,Algeria,0,2,Lianne Zahra,France,23/06/2026_Jordan vs Algeria,23/06/2026_Jordan vs Algeria_Lianne Zahra,OK,OK,OK,OK,OK,1,2,3,0,3
,19af7e1c-369a-4be8-b80c-dcb4578cf4a3,46196,Portugal vs Uzbekistan,Portugal vs Uzbekistan,Portugal,Uzbekistan,Portugal,3,0,Lianne Zahra,France,23/06/2026_Portugal vs Uzbekistan,23/06/2026_Portugal vs Uzbekistan_Lianne Zahra,OK,OK,OK,OK,OK,5,0,3,0,3
,e83e7a9d-2c14-43d7-9035-c36618e0aa9c,46196,England vs Ghana,England vs Ghana,England,Ghana,England,2,0,Lianne Zahra,France,23/06/2026_England vs Ghana,23/06/2026_England vs Ghana_Lianne Zahra,OK,OK,OK,OK,OK,0,0,0,0,0
,96cbfc60-ec02-4d78-ace8-62f8bb4067c6,46197,Panama vs Croatia,Panama vs Croatia,Panama,Croatia,Croatia,0,2,Lianne Zahra,France,24/06/2026_Panama vs Croatia,24/06/2026_Panama vs Croatia_Lianne Zahra,OK,OK,OK,OK,OK,0,1,3,0,3
,61d0bc64-9296-406f-a6a7-0be96345f470,46197,Colombia vs Congo DR,Colombia vs Congo DR,Colombia,Congo DR,Colombia,2,0,Lianne Zahra,France,24/06/2026_Colombia vs Congo DR,24/06/2026_Colombia vs Congo DR_Lianne Zahra,OK,OK,OK,OK,OK,1,0,3,0,3
,9841ce86-608c-4ba0-8cca-8e999774fc2c,46197,Switzerland vs Canada,Switzerland vs Canada,Switzerland,Canada,Switzerland,2,1,Lianne Zahra,France,24/06/2026_Switzerland vs Canada,24/06/2026_Switzerland vs Canada_Lianne Zahra,OK,OK,OK,OK,OK,2,1,3,5,8
,8443f22f-86e5-4d68-a98f-dc19f5c78e21,46197,Bosnia-Herzegovina vs Qatar,Bosnia-Herzegovina vs Qatar,Bosnia-Herzegovina,Qatar,Bosnia-Herzegovina,2,0,Lianne Zahra,France,24/06/2026_Bosnia-Herzegovina vs Qatar,24/06/2026_Bosnia-Herzegovina vs Qatar_Lianne Zahra,OK,OK,OK,OK,OK,3,1,3,0,3
,97672666-f575-40a3-8523-8525bdf8c94b,46198,Morocco vs Haiti,Morocco vs Haiti,Morocco,Haiti,Morocco,2,0,Lianne Zahra,France,25/06/2026_Morocco vs Haiti,25/06/2026_Morocco vs Haiti_Lianne Zahra,OK,OK,OK,OK,OK,4,2,3,0,3
,66234047-de7f-490e-8bab-62a00d0c7d5c,46198,Scotland vs Brazil,Scotland vs Brazil,Scotland,Brazil,Brazil,0,2,Lianne Zahra,France,25/06/2026_Scotland vs Brazil,25/06/2026_Scotland vs Brazil_Lianne Zahra,OK,OK,OK,OK,OK,0,3,3,0,3
,d1441288-41da-4ce5-80ea-5bee9866c125,46198,South Africa vs South Korea,South Africa vs South Korea,South Africa,South Korea,South Korea,1,2,Lianne Zahra,France,25/06/2026_South Africa vs South Korea,25/06/2026_South Africa vs South Korea_Lianne Zahra,OK,OK,OK,OK,OK,1,0,0,0,0
,d18acd0c-1665-4220-a248-a8b847225e03,46198,Czechia vs Mexico,Czechia vs Mexico,Czechia,Mexico,Mexico,1,2,Lianne Zahra,France,25/06/2026_Czechia vs Mexico,25/06/2026_Czechia vs Mexico_Lianne Zahra,OK,OK,OK,OK,OK,0,3,3,0,3
,62914fc9-7443-4f7b-9f54-86f663348bb7,46198,Curaçao vs Ivory Coast,Curaçao vs Ivory Coast,Curaçao,Ivory Coast,Ivory Coast,0,2,Lianne Zahra,France,25/06/2026_Curaçao vs Ivory Coast,25/06/2026_Curaçao vs Ivory Coast_Lianne Zahra,OK,OK,OK,OK,OK,0,2,3,5,8
,f171d380-0e8f-4a5a-9400-20da4ca5e26c,46198,Ecuador vs Germany,Ecuador vs Germany,Ecuador,Germany,Germany,1,3,Lianne Zahra,France,25/06/2026_Ecuador vs Germany,25/06/2026_Ecuador vs Germany_Lianne Zahra,OK,OK,OK,OK,OK,2,1,0,0,0
,b436558c-c126-406a-af7f-e094ace3015e,46199,Tunisia vs Netherlands,Tunisia vs Netherlands,Tunisia,Netherlands,Netherlands,1,2,Lianne Zahra,France,26/06/2026_Tunisia vs Netherlands,26/06/2026_Tunisia vs Netherlands_Lianne Zahra,OK,OK,OK,OK,OK,1,3,3,0,3
,25ab04f8-c9c1-4611-93a0-0404de857476,46199,Japan vs Sweden,Japan vs Sweden,Japan,Sweden,Sweden,1,2,Lianne Zahra,France,26/06/2026_Japan vs Sweden,26/06/2026_Japan vs Sweden_Lianne Zahra,OK,OK,OK,OK,OK,1,1,0,0,0
,21cf1bec-3482-43ad-9d35-86665dfb0183,46199,Turkey vs United States,Turkey vs United States,Turkey,United States,Turkey,2,0,Lianne Zahra,France,26/06/2026_Turkey vs United States,26/06/2026_Turkey vs United States_Lianne Zahra,OK,OK,OK,OK,OK,3,2,3,0,3
,bcce14a4-b751-47d8-90ad-a72f0d4fa43e,46199,Paraguay vs Australia,Paraguay vs Australia,Paraguay,Australia,Paraguay,1,0,Lianne Zahra,France,26/06/2026_Paraguay vs Australia,26/06/2026_Paraguay vs Australia_Lianne Zahra,OK,OK,OK,OK,OK,0,0,0,0,0
,9cc055ba-523c-42f5-adca-14503ae1dad2,46199,Norway vs France,Norway vs France,Norway,France,France,1,3,Lianne Zahra,France,26/06/2026_Norway vs France,26/06/2026_Norway vs France_Lianne Zahra,OK,OK,OK,OK,OK,1,4,3,0,3
,f3fd2b30-194c-4b8d-9610-deff0ae248c2,46199,Senegal vs Iraq,Senegal vs Iraq,Senegal,Iraq,Senegal,2,0,Lianne Zahra,France,26/06/2026_Senegal vs Iraq,26/06/2026_Senegal vs Iraq_Lianne Zahra,OK,OK,OK,OK,OK,5,0,3,0,3
,fa118405-23bc-4b67-86d5-24f8813908c7,46200,Cape Verde Islands vs Saudi Arabia,Cape Verde Islands vs Saudi Arabia,Cape Verde Islands,Saudi Arabia,Tie,1,1,Lianne Zahra,France,27/06/2026_Cape Verde Islands vs Saudi Arabia,27/06/2026_Cape Verde Islands vs Saudi Arabia_Lianne Zahra,OK,OK,OK,OK,OK,0,0,3,0,3
,c657bf0c-0b9e-4bb0-9cc4-898e928ef752,46200,Uruguay vs Spain,Uruguay vs Spain,Uruguay,Spain,Spain,0,1,Lianne Zahra,France,27/06/2026_Uruguay vs Spain,27/06/2026_Uruguay vs Spain_Lianne Zahra,OK,OK,OK,OK,OK,0,1,3,5,8
,8696b68c-b0bf-4470-b0cb-08eedc6f6e0f,46200,New Zealand vs Belgium,New Zealand vs Belgium,New Zealand,Belgium,Belgium,0,2,Lianne Zahra,France,27/06/2026_New Zealand vs Belgium,27/06/2026_New Zealand vs Belgium_Lianne Zahra,OK,OK,OK,OK,OK,1,5,3,0,3
,76ac6e70-555c-4e89-9d8f-51f56914bf64,46200,Egypt vs Iran,Egypt vs Iran,Egypt,Iran,Egypt,1,0,Lianne Zahra,France,27/06/2026_Egypt vs Iran,27/06/2026_Egypt vs Iran_Lianne Zahra,OK,OK,OK,OK,OK,1,1,0,0,0
,3d29e1b6-0c74-487c-ab6b-1ddd82406808,46200,Panama vs England,Panama vs England,Panama,England,England,0,4,Lianne Zahra,France,27/06/2026_Panama vs England,27/06/2026_Panama vs England_Lianne Zahra,OK,OK,OK,OK,OK,0,2,3,0,3
,386dfa30-561a-4b8e-8207-f2169a898f2e,46200,Croatia vs Ghana,Croatia vs Ghana,Croatia,Ghana,Croatia,2,0,Lianne Zahra,France,27/06/2026_Croatia vs Ghana,27/06/2026_Croatia vs Ghana_Lianne Zahra,OK,OK,OK,OK,OK,2,1,3,0,3
,246367a4-4924-46e0-bbf0-ebaafde8d0f2,46201,Colombia vs Portugal,Colombia vs Portugal,Colombia,Portugal,Portugal,1,2,Lianne Zahra,France,28/06/2026_Colombia vs Portugal,28/06/2026_Colombia vs Portugal_Lianne Zahra,OK,OK,OK,OK,OK,0,0,0,0,0
,5e239677-3ed0-4fdb-86a3-aadff1b8d800,46201,Congo DR vs Uzbekistan,Congo DR vs Uzbekistan,Congo DR,Uzbekistan,Congo DR,2,1,Lianne Zahra,France,28/06/2026_Congo DR vs Uzbekistan,28/06/2026_Congo DR vs Uzbekistan_Lianne Zahra,OK,OK,OK,OK,OK,3,1,3,0,3
,5f66b7ff-2f05-4ffa-a418-cd3ea644d966,46201,Algeria vs Austria,Algeria vs Austria,Algeria,Austria,Austria,1,2,Lianne Zahra,France,28/06/2026_Algeria vs Austria,28/06/2026_Algeria vs Austria_Lianne Zahra,OK,OK,OK,OK,OK,3,3,0,0,0
,368809ea-2880-4922-a7d0-7422b54c8cdd,46201,Jordan vs Argentina,Jordan vs Argentina,Jordan,Argentina,Argentina,0,3,Lianne Zahra,France,28/06/2026_Jordan vs Argentina,28/06/2026_Jordan vs Argentina_Lianne Zahra,OK,OK,OK,OK,OK,1,3,3,0,3
,c4f491b2-f77f-45df-9dca-5804df276263,46184,Mexico vs South Africa,Mexico vs South Africa,Mexico,South Africa,Mexico,2,0,Kurt Camilleri,France,11/06/2026_Mexico vs South Africa,11/06/2026_Mexico vs South Africa_Kurt Camilleri,OK,OK,OK,OK,OK,2,0,3,5,8
,20168965-a108-4ef3-91d3-5d4de8965b73,46185,South Korea vs Czechia,South Korea vs Czechia,South Korea,Czechia,Tie,1,1,Kurt Camilleri,France,12/06/2026_South Korea vs Czechia,12/06/2026_South Korea vs Czechia_Kurt Camilleri,OK,OK,OK,OK,OK,2,1,0,0,0
,a0941712-0134-4d7b-a005-d294177875ea,46185,Canada vs Bosnia-Herzegovina,Canada vs Bosnia-Herzegovina,Canada,Bosnia-Herzegovina,Canada,2,0,Kurt Camilleri,France,12/06/2026_Canada vs Bosnia-Herzegovina,12/06/2026_Canada vs Bosnia-Herzegovina_Kurt Camilleri,OK,OK,OK,OK,OK,1,1,0,0,0
,699e8389-1509-47de-9319-6aea57e90ec3,46186,United States vs Paraguay,United States vs Paraguay,United States,Paraguay,United States,2,1,Kurt Camilleri,France,13/06/2026_United States vs Paraguay,13/06/2026_United States vs Paraguay_Kurt Camilleri,OK,OK,OK,OK,OK,4,1,3,0,3
,e1642b7b-77d9-4c43-9318-4eb79d496d3e,46186,Qatar vs Switzerland,Qatar vs Switzerland,Qatar,Switzerland,Tie,1,1,Kurt Camilleri,France,13/06/2026_Qatar vs Switzerland,13/06/2026_Qatar vs Switzerland_Kurt Camilleri,OK,OK,OK,OK,OK,1,1,3,5,8
,e06ecf50-48d3-402f-aa61-a6735360894c,46187,Brazil vs Morocco,Brazil vs Morocco,Brazil,Morocco,Brazil,2,1,Kurt Camilleri,France,14/06/2026_Brazil vs Morocco,14/06/2026_Brazil vs Morocco_Kurt Camilleri,OK,OK,OK,OK,OK,1,1,0,0,0
,df97e71d-9abb-464a-a478-8c3812b322e9,46187,Haiti vs Scotland,Haiti vs Scotland,Haiti,Scotland,Scotland,1,2,Kurt Camilleri,France,14/06/2026_Haiti vs Scotland,14/06/2026_Haiti vs Scotland_Kurt Camilleri,OK,OK,OK,OK,OK,0,1,3,0,3
,33d03699-5f10-4094-b0dd-9c8c47929cd7,46187,Australia vs Turkey,Australia vs Turkey,Australia,Turkey,Turkey,1,2,Kurt Camilleri,France,14/06/2026_Australia vs Turkey,14/06/2026_Australia vs Turkey_Kurt Camilleri,OK,OK,OK,OK,OK,2,0,0,0,0
,a22ad3f7-b818-409c-a266-8b55f3d64204,46187,Germany vs Curaçao,Germany vs Curaçao,Germany,Curaçao,Germany,4,0,Kurt Camilleri,France,14/06/2026_Germany vs Curaçao,14/06/2026_Germany vs Curaçao_Kurt Camilleri,OK,OK,OK,OK,OK,7,1,3,0,3
,9ebb322a-b6cd-452c-954d-55bb880c8e60,46187,Netherlands vs Japan,Netherlands vs Japan,Netherlands,Japan,Netherlands,2,1,Kurt Camilleri,France,14/06/2026_Netherlands vs Japan,14/06/2026_Netherlands vs Japan_Kurt Camilleri,OK,OK,OK,OK,OK,2,2,0,0,0
,58308010-8e23-4b78-a2e7-72eb3d167f0b,46188,Ivory Coast vs Ecuador,Ivory Coast vs Ecuador,Ivory Coast,Ecuador,Ivory Coast,2,1,Kurt Camilleri,France,15/06/2026_Ivory Coast vs Ecuador,15/06/2026_Ivory Coast vs Ecuador_Kurt Camilleri,OK,OK,OK,OK,OK,1,0,3,0,3
,9c4c9c39-9e86-42a4-af66-9689db60fb13,46188,Sweden vs Tunisia,Sweden vs Tunisia,Sweden,Tunisia,Sweden,2,0,Kurt Camilleri,France,15/06/2026_Sweden vs Tunisia,15/06/2026_Sweden vs Tunisia_Kurt Camilleri,OK,OK,OK,OK,OK,5,1,3,0,3
,9e8da6cd-4966-416f-8ca4-97f21c752310,46188,Belgium vs Egypt,Belgium vs Egypt,Belgium,Egypt,Belgium,2,1,Kurt Camilleri,France,15/06/2026_Belgium vs Egypt,15/06/2026_Belgium vs Egypt_Kurt Camilleri,OK,OK,OK,OK,OK,1,1,0,0,0
,72491fc1-b8a5-4faa-ae91-01043e5cc1da,46188,Spain vs Cape Verde Islands,Spain vs Cape Verde Islands,Spain,Cape Verde Islands,Spain,3,0,Kurt Camilleri,France,15/06/2026_Spain vs Cape Verde Islands,15/06/2026_Spain vs Cape Verde Islands_Kurt Camilleri,OK,OK,OK,OK,OK,0,0,0,0,0
,836898bf-f168-4508-a60e-8a181020eeb5,46189,Saudi Arabia vs Uruguay,Saudi Arabia vs Uruguay,Saudi Arabia,Uruguay,Uruguay,1,2,Kurt Camilleri,France,16/06/2026_Saudi Arabia vs Uruguay,16/06/2026_Saudi Arabia vs Uruguay_Kurt Camilleri,OK,OK,OK,OK,OK,1,1,0,0,0
,b33b2dd6-fae1-49ef-ad4c-2908dd06fd1d,46189,Iran vs New Zealand,Iran vs New Zealand,Iran,New Zealand,Iran,2,0,Kurt Camilleri,France,16/06/2026_Iran vs New Zealand,16/06/2026_Iran vs New Zealand_Kurt Camilleri,OK,OK,OK,OK,OK,2,2,0,0,0
,6eaffd5a-e5e1-4c39-8990-5ebb211c074d,46189,France vs Senegal,France vs Senegal,France,Senegal,France,3,0,Kurt Camilleri,France,16/06/2026_France vs Senegal,16/06/2026_France vs Senegal_Kurt Camilleri,OK,OK,OK,OK,OK,3,1,3,0,3
,3fb2baa8-8792-499e-b37c-71c4a357c238,46190,Iraq vs Norway,Iraq vs Norway,Iraq,Norway,Norway,1,2,Kurt Camilleri,France,17/06/2026_Iraq vs Norway,17/06/2026_Iraq vs Norway_Kurt Camilleri,OK,OK,OK,OK,OK,1,4,3,0,3
,272191da-216c-4c5a-9eef-44d3e117cc93,46190,Argentina vs Algeria,Argentina vs Algeria,Argentina,Algeria,Argentina,3,0,Kurt Camilleri,France,17/06/2026_Argentina vs Algeria,17/06/2026_Argentina vs Algeria_Kurt Camilleri,OK,OK,OK,OK,OK,3,0,3,5,8
,c55ee04a-6fe2-4fe1-9c20-145e6ad6527e,46190,Austria vs Jordan,Austria vs Jordan,Austria,Jordan,Austria,2,0,Kurt Camilleri,France,17/06/2026_Austria vs Jordan,17/06/2026_Austria vs Jordan_Kurt Camilleri,OK,OK,OK,OK,OK,3,1,3,0,3
,6c41e83e-b541-428f-8462-697bca931ea6,46190,Portugal vs Congo DR,Portugal vs Congo DR,Portugal,Congo DR,Portugal,3,1,Kurt Camilleri,France,17/06/2026_Portugal vs Congo DR,17/06/2026_Portugal vs Congo DR_Kurt Camilleri,OK,OK,OK,OK,OK,1,1,0,0,0
,cee14733-d0cd-4841-b301-cbcf5357902f,46190,England vs Croatia,England vs Croatia,England,Croatia,England,2,1,Kurt Camilleri,France,17/06/2026_England vs Croatia,17/06/2026_England vs Croatia_Kurt Camilleri,OK,OK,OK,OK,OK,4,2,3,0,3
,24a47ae2-5d45-4b74-8f4d-9e7ac9235348,46191,Ghana vs Panama,Ghana vs Panama,Ghana,Panama,Ghana,2,1,Kurt Camilleri,France,18/06/2026_Ghana vs Panama,18/06/2026_Ghana vs Panama_Kurt Camilleri,OK,OK,OK,OK,OK,1,0,3,0,3
,887ff57c-1fc5-4142-bc92-281d95ae05f0,46191,Uzbekistan vs Colombia,Uzbekistan vs Colombia,Uzbekistan,Colombia,Colombia,1,2,Kurt Camilleri,France,18/06/2026_Uzbekistan vs Colombia,18/06/2026_Uzbekistan vs Colombia_Kurt Camilleri,OK,OK,OK,OK,OK,1,3,3,0,3
,331f67b5-6479-4f8f-a808-8e6bc3adb48c,46191,Czechia vs South Africa,Czechia vs South Africa,Czechia,South Africa,Tie,1,1,Kurt Camilleri,France,18/06/2026_Czechia vs South Africa,18/06/2026_Czechia vs South Africa_Kurt Camilleri,OK,OK,OK,OK,OK,1,1,3,5,8
,85957a81-a60d-4e2f-aa4e-32a089728974,46191,Switzerland vs Bosnia-Herzegovina,Switzerland vs Bosnia-Herzegovina,Switzerland,Bosnia-Herzegovina,Switzerland,2,1,Kurt Camilleri,France,18/06/2026_Switzerland vs Bosnia-Herzegovina,18/06/2026_Switzerland vs Bosnia-Herzegovina_Kurt Camilleri,OK,OK,OK,OK,OK,4,1,3,0,3
,bfa93646-81ee-4434-a3c7-65d1791d6e46,46192,Canada vs Qatar,Canada vs Qatar,Canada,Qatar,Canada,2,0,Kurt Camilleri,France,19/06/2026_Canada vs Qatar,19/06/2026_Canada vs Qatar_Kurt Camilleri,OK,OK,OK,OK,OK,6,0,3,0,3
,0a1ee76f-c145-455d-8a7c-62e72ea75cbe,46192,Mexico vs South Korea,Mexico vs South Korea,Mexico,South Korea,Mexico,2,1,Kurt Camilleri,France,19/06/2026_Mexico vs South Korea,19/06/2026_Mexico vs South Korea_Kurt Camilleri,OK,OK,OK,OK,OK,1,0,3,0,3
,88867f37-01ee-475c-b740-7c495f7646e1,46192,United States vs Australia,United States vs Australia,United States,Australia,United States,2,1,Kurt Camilleri,France,19/06/2026_United States vs Australia,19/06/2026_United States vs Australia_Kurt Camilleri,OK,OK,OK,OK,OK,2,0,3,0,3
,81c3f339-0cd9-4958-b30d-92b53c1fd7f5,46193,Scotland vs Morocco,Scotland vs Morocco,Scotland,Morocco,Morocco,1,2,Kurt Camilleri,France,20/06/2026_Scotland vs Morocco,20/06/2026_Scotland vs Morocco_Kurt Camilleri,OK,OK,OK,OK,OK,0,1,3,0,3
,f9cb3bc7-dde9-43ed-92ed-6432a46038c1,46193,Brazil vs Haiti,Brazil vs Haiti,Brazil,Haiti,Brazil,4,0,Kurt Camilleri,France,20/06/2026_Brazil vs Haiti,20/06/2026_Brazil vs Haiti_Kurt Camilleri,OK,OK,OK,OK,OK,3,0,3,0,3
,c89a579a-a5f6-4aee-90d6-8951861f7059,46193,Turkey vs Paraguay,Turkey vs Paraguay,Turkey,Paraguay,Turkey,2,1,Kurt Camilleri,France,20/06/2026_Turkey vs Paraguay,20/06/2026_Turkey vs Paraguay_Kurt Camilleri,OK,OK,OK,OK,OK,0,1,0,0,0
,3f05747d-6545-41b6-b870-9ab66c26dc73,46193,Netherlands vs Sweden,Netherlands vs Sweden,Netherlands,Sweden,Netherlands,2,1,Kurt Camilleri,France,20/06/2026_Netherlands vs Sweden,20/06/2026_Netherlands vs Sweden_Kurt Camilleri,OK,OK,OK,OK,OK,5,1,3,0,3
,b06a643b-09c1-4815-a0c4-b8c9ab141ac2,46193,Germany vs Ivory Coast,Germany vs Ivory Coast,Germany,Ivory Coast,Germany,3,1,Kurt Camilleri,France,20/06/2026_Germany vs Ivory Coast,20/06/2026_Germany vs Ivory Coast_Kurt Camilleri,OK,OK,OK,OK,OK,2,1,3,0,3
,86c9ace2-c3d1-409a-9e4f-3daa51944e81,46194,Ecuador vs Curaçao,Ecuador vs Curaçao,Ecuador,Curaçao,Ecuador,3,0,Kurt Camilleri,France,21/06/2026_Ecuador vs Curaçao,21/06/2026_Ecuador vs Curaçao_Kurt Camilleri,OK,OK,OK,OK,OK,0,0,0,0,0
,627d093d-cc5b-45c0-89a1-f8cb85d3ac91,46194,Tunisia vs Japan,Tunisia vs Japan,Tunisia,Japan,Japan,1,2,Kurt Camilleri,France,21/06/2026_Tunisia vs Japan,21/06/2026_Tunisia vs Japan_Kurt Camilleri,OK,OK,OK,OK,OK,0,4,3,0,3
,74da0ccf-2a23-47a0-8836-6fb94430c23c,46194,Spain vs Saudi Arabia,Spain vs Saudi Arabia,Spain,Saudi Arabia,Spain,2,0,Kurt Camilleri,France,21/06/2026_Spain vs Saudi Arabia,21/06/2026_Spain vs Saudi Arabia_Kurt Camilleri,OK,OK,OK,OK,OK,4,0,3,0,3
,c82bf58b-5c84-4238-a23a-0050ae716926,46194,Belgium vs Iran,Belgium vs Iran,Belgium,Iran,Belgium,2,0,Kurt Camilleri,France,21/06/2026_Belgium vs Iran,21/06/2026_Belgium vs Iran_Kurt Camilleri,OK,OK,OK,OK,OK,0,0,0,0,0
,5b1ed447-9bb4-4a87-af5d-4fd2ba9bab05,46195,Uruguay vs Cape Verde Islands,Uruguay vs Cape Verde Islands,Uruguay,Cape Verde Islands,Uruguay,3,0,Kurt Camilleri,France,22/06/2026_Uruguay vs Cape Verde Islands,22/06/2026_Uruguay vs Cape Verde Islands_Kurt Camilleri,OK,OK,OK,OK,OK,2,2,0,0,0
,dd9b9df0-91a6-4ae4-8aa2-587a476c609e,46195,New Zealand vs Egypt,New Zealand vs Egypt,New Zealand,Egypt,Egypt,1,2,Kurt Camilleri,France,22/06/2026_New Zealand vs Egypt,22/06/2026_New Zealand vs Egypt_Kurt Camilleri,OK,OK,OK,OK,OK,1,3,3,0,3
,e5eed054-b77e-4654-b64e-3dc8058f7a2b,46195,Argentina vs Austria,Argentina vs Austria,Argentina,Austria,Argentina,3,1,Kurt Camilleri,France,22/06/2026_Argentina vs Austria,22/06/2026_Argentina vs Austria_Kurt Camilleri,OK,OK,OK,OK,OK,2,0,3,0,3
,7a57ac6f-1d64-4be3-ac9b-6f21f00cda8b,46195,France vs Iraq,France vs Iraq,France,Iraq,France,3,0,Kurt Camilleri,France,22/06/2026_France vs Iraq,22/06/2026_France vs Iraq_Kurt Camilleri,OK,OK,OK,OK,OK,3,0,3,5,8
,de80d588-6c3c-4921-acce-a18da17aa87a,46196,Norway vs Senegal,Norway vs Senegal,Norway,Senegal,Norway,2,1,Kurt Camilleri,France,23/06/2026_Norway vs Senegal,23/06/2026_Norway vs Senegal_Kurt Camilleri,OK,OK,OK,OK,OK,3,2,3,0,3
,064d236b-5f01-4574-a45c-f79f3e731a1d,46196,Jordan vs Algeria,Jordan vs Algeria,Jordan,Algeria,Algeria,1,2,Kurt Camilleri,France,23/06/2026_Jordan vs Algeria,23/06/2026_Jordan vs Algeria_Kurt Camilleri,OK,OK,OK,OK,OK,1,2,3,5,8
,68c312c6-b93a-4515-8f87-e1cb972d269e,46196,Portugal vs Uzbekistan,Portugal vs Uzbekistan,Portugal,Uzbekistan,Portugal,3,0,Kurt Camilleri,France,23/06/2026_Portugal vs Uzbekistan,23/06/2026_Portugal vs Uzbekistan_Kurt Camilleri,OK,OK,OK,OK,OK,5,0,3,0,3
,17fc2abc-b1da-4f4b-8d29-c34e29db953a,46196,England vs Ghana,England vs Ghana,England,Ghana,England,3,0,Kurt Camilleri,France,23/06/2026_England vs Ghana,23/06/2026_England vs Ghana_Kurt Camilleri,OK,OK,OK,OK,OK,0,0,0,0,0
,35eb5b11-f501-47a0-bc3a-ce70bbe3010f,46197,Panama vs Croatia,Panama vs Croatia,Panama,Croatia,Croatia,0,2,Kurt Camilleri,France,24/06/2026_Panama vs Croatia,24/06/2026_Panama vs Croatia_Kurt Camilleri,OK,OK,OK,OK,OK,0,1,3,0,3
,2cdf8a3c-cd52-4b64-b17e-d890c5342726,46197,Colombia vs Congo DR,Colombia vs Congo DR,Colombia,Congo DR,Colombia,2,1,Kurt Camilleri,France,24/06/2026_Colombia vs Congo DR,24/06/2026_Colombia vs Congo DR_Kurt Camilleri,OK,OK,OK,OK,OK,1,0,3,0,3
,40ca4c28-0831-4d6f-889d-4a1240109dd6,46197,Switzerland vs Canada,Switzerland vs Canada,Switzerland,Canada,Switzerland,2,1,Kurt Camilleri,France,24/06/2026_Switzerland vs Canada,24/06/2026_Switzerland vs Canada_Kurt Camilleri,OK,OK,OK,OK,OK,2,1,3,5,8
,1a662ad5-5f67-43de-ac58-ac8dcc236be5,46197,Bosnia-Herzegovina vs Qatar,Bosnia-Herzegovina vs Qatar,Bosnia-Herzegovina,Qatar,Bosnia-Herzegovina,2,1,Kurt Camilleri,France,24/06/2026_Bosnia-Herzegovina vs Qatar,24/06/2026_Bosnia-Herzegovina vs Qatar_Kurt Camilleri,OK,OK,OK,OK,OK,3,1,3,0,3
,1d279ffd-ec54-40f2-a4a9-7268c94e4289,46198,Morocco vs Haiti,Morocco vs Haiti,Morocco,Haiti,Morocco,2,0,Kurt Camilleri,France,25/06/2026_Morocco vs Haiti,25/06/2026_Morocco vs Haiti_Kurt Camilleri,OK,OK,OK,OK,OK,4,2,3,0,3
,96fc6fdc-469c-4c52-b4a4-9de79064c2b3,46198,Scotland vs Brazil,Scotland vs Brazil,Scotland,Brazil,Brazil,0,2,Kurt Camilleri,France,25/06/2026_Scotland vs Brazil,25/06/2026_Scotland vs Brazil_Kurt Camilleri,OK,OK,OK,OK,OK,0,3,3,0,3
,b3bc1cb0-b370-4b4f-8a31-57584b563ff8,46198,South Africa vs South Korea,South Africa vs South Korea,South Africa,South Korea,Tie,1,1,Kurt Camilleri,France,25/06/2026_South Africa vs South Korea,25/06/2026_South Africa vs South Korea_Kurt Camilleri,OK,OK,OK,OK,OK,1,0,0,0,0
,9cea73dc-bf21-4e89-873b-b106427dfcb6,46198,Czechia vs Mexico,Czechia vs Mexico,Czechia,Mexico,Mexico,1,2,Kurt Camilleri,France,25/06/2026_Czechia vs Mexico,25/06/2026_Czechia vs Mexico_Kurt Camilleri,OK,OK,OK,OK,OK,0,3,3,0,3
,43606d9d-0d1c-4cf8-9e1b-94d0ed4c4315,46198,Curaçao vs Ivory Coast,Curaçao vs Ivory Coast,Curaçao,Ivory Coast,Ivory Coast,0,3,Kurt Camilleri,France,25/06/2026_Curaçao vs Ivory Coast,25/06/2026_Curaçao vs Ivory Coast_Kurt Camilleri,OK,OK,OK,OK,OK,0,2,3,0,3
,bc691dc2-dee8-4321-a606-f1d745fe390e,46198,Ecuador vs Germany,Ecuador vs Germany,Ecuador,Germany,Germany,1,2,Kurt Camilleri,France,25/06/2026_Ecuador vs Germany,25/06/2026_Ecuador vs Germany_Kurt Camilleri,OK,OK,OK,OK,OK,2,1,0,0,0
,0baa1907-aaf8-44bd-b741-713b68e07df0,46199,Tunisia vs Netherlands,Tunisia vs Netherlands,Tunisia,Netherlands,Netherlands,0,2,Kurt Camilleri,France,26/06/2026_Tunisia vs Netherlands,26/06/2026_Tunisia vs Netherlands_Kurt Camilleri,OK,OK,OK,OK,OK,1,3,3,0,3
,b0061ad6-627f-43cb-8f5c-9eec40ca7f79,46199,Japan vs Sweden,Japan vs Sweden,Japan,Sweden,Japan,2,1,Kurt Camilleri,France,26/06/2026_Japan vs Sweden,26/06/2026_Japan vs Sweden_Kurt Camilleri,OK,OK,OK,OK,OK,1,1,0,0,0
,aa162fb6-dd10-4511-9fef-ffa4444a665b,46199,Turkey vs United States,Turkey vs United States,Turkey,United States,Turkey,2,1,Kurt Camilleri,France,26/06/2026_Turkey vs United States,26/06/2026_Turkey vs United States_Kurt Camilleri,OK,OK,OK,OK,OK,3,2,3,0,3
,f11d3d68-52d9-4136-b194-af73104af079,46199,Paraguay vs Australia,Paraguay vs Australia,Paraguay,Australia,Paraguay,2,1,Kurt Camilleri,France,26/06/2026_Paraguay vs Australia,26/06/2026_Paraguay vs Australia_Kurt Camilleri,OK,OK,OK,OK,OK,0,0,0,0,0
,c8e9c249-d05c-4eff-9cfb-c8d5ed0561ff,46199,Norway vs France,Norway vs France,Norway,France,France,1,2,Kurt Camilleri,France,26/06/2026_Norway vs France,26/06/2026_Norway vs France_Kurt Camilleri,OK,OK,OK,OK,OK,1,4,3,0,3
,03849581-434b-4ef1-9561-d28efdd693fd,46199,Senegal vs Iraq,Senegal vs Iraq,Senegal,Iraq,Senegal,2,0,Kurt Camilleri,France,26/06/2026_Senegal vs Iraq,26/06/2026_Senegal vs Iraq_Kurt Camilleri,OK,OK,OK,OK,OK,5,0,3,0,3
,4082606a-3a22-4bf9-bae2-6b6dfc80cf09,46200,Cape Verde Islands vs Saudi Arabia,Cape Verde Islands vs Saudi Arabia,Cape Verde Islands,Saudi Arabia,Saudi Arabia,1,2,Kurt Camilleri,France,27/06/2026_Cape Verde Islands vs Saudi Arabia,27/06/2026_Cape Verde Islands vs Saudi Arabia_Kurt Camilleri,OK,OK,OK,OK,OK,0,0,0,0,0
,0dc81046-b091-4c2b-ac5e-ab756b8c5db3,46200,Uruguay vs Spain,Uruguay vs Spain,Uruguay,Spain,Spain,1,2,Kurt Camilleri,France,27/06/2026_Uruguay vs Spain,27/06/2026_Uruguay vs Spain_Kurt Camilleri,OK,OK,OK,OK,OK,0,1,3,0,3
,7d43f4fc-24fa-4ae9-ba90-2fb78b9789c4,46200,New Zealand vs Belgium,New Zealand vs Belgium,New Zealand,Belgium,Belgium,0,2,Kurt Camilleri,France,27/06/2026_New Zealand vs Belgium,27/06/2026_New Zealand vs Belgium_Kurt Camilleri,OK,OK,OK,OK,OK,1,5,3,0,3
,f74e8a50-127f-44f1-91cb-b27cfadec3eb,46200,Egypt vs Iran,Egypt vs Iran,Egypt,Iran,Egypt,2,1,Kurt Camilleri,France,27/06/2026_Egypt vs Iran,27/06/2026_Egypt vs Iran_Kurt Camilleri,OK,OK,OK,OK,OK,1,1,0,0,0
,7f8057a1-df80-451a-a4b0-0a83f506073d,46200,Panama vs England,Panama vs England,Panama,England,England,0,3,Kurt Camilleri,France,27/06/2026_Panama vs England,27/06/2026_Panama vs England_Kurt Camilleri,OK,OK,OK,OK,OK,0,2,3,0,3
,dee149ae-a5a8-4125-9360-328682a2cf49,46200,Croatia vs Ghana,Croatia vs Ghana,Croatia,Ghana,Croatia,2,1,Kurt Camilleri,France,27/06/2026_Croatia vs Ghana,27/06/2026_Croatia vs Ghana_Kurt Camilleri,OK,OK,OK,OK,OK,2,1,3,5,8
,e5fec939-fc98-4123-9333-c86d4fbbd02a,46201,Colombia vs Portugal,Colombia vs Portugal,Colombia,Portugal,Portugal,1,2,Kurt Camilleri,France,28/06/2026_Colombia vs Portugal,28/06/2026_Colombia vs Portugal_Kurt Camilleri,OK,OK,OK,OK,OK,0,0,0,0,0
,f263823f-907b-4f3c-92b2-99a48277c96d,46201,Congo DR vs Uzbekistan,Congo DR vs Uzbekistan,Congo DR,Uzbekistan,Tie,1,1,Kurt Camilleri,France,28/06/2026_Congo DR vs Uzbekistan,28/06/2026_Congo DR vs Uzbekistan_Kurt Camilleri,OK,OK,OK,OK,OK,3,1,0,0,0
,8a302c8f-457d-4e8f-b59f-fe10b0731836,46201,Algeria vs Austria,Algeria vs Austria,Algeria,Austria,Austria,1,2,Kurt Camilleri,France,28/06/2026_Algeria vs Austria,28/06/2026_Algeria vs Austria_Kurt Camilleri,OK,OK,OK,OK,OK,3,3,0,0,0
,a85cd9d7-c5ec-4110-90f8-eafea982a9db,46201,Jordan vs Argentina,Jordan vs Argentina,Jordan,Argentina,Argentina,0,3,Kurt Camilleri,France,28/06/2026_Jordan vs Argentina,28/06/2026_Jordan vs Argentina_Kurt Camilleri,OK,OK,OK,OK,OK,1,3,3,0,3
,6902fe04-5eff-4e36-bcc2-ef6b0d6d9fae,46184,Mexico vs South Africa,Mexico vs South Africa,Mexico,South Africa,Mexico,2,0,Marc Micallef,France,11/06/2026_Mexico vs South Africa,11/06/2026_Mexico vs South Africa_Marc Micallef,OK,OK,OK,OK,OK,2,0,3,5,8
,4d5ae482-bb82-4ad2-b8e0-d2a4dfc0782d,46185,South Korea vs Czechia,South Korea vs Czechia,South Korea,Czechia,South Korea,2,1,Marc Micallef,France,12/06/2026_South Korea vs Czechia,12/06/2026_South Korea vs Czechia_Marc Micallef,OK,OK,OK,OK,OK,2,1,3,5,8
,64dbcd7a-d94a-47f1-9377-58b33c02a7ed,46185,Canada vs Bosnia-Herzegovina,Canada vs Bosnia-Herzegovina,Canada,Bosnia-Herzegovina,Canada,1,0,Marc Micallef,France,12/06/2026_Canada vs Bosnia-Herzegovina,12/06/2026_Canada vs Bosnia-Herzegovina_Marc Micallef,OK,OK,OK,OK,OK,1,1,0,0,0
,ec6a36ed-7e2e-4af8-9be6-d5923638883d,46186,United States vs Paraguay,United States vs Paraguay,United States,Paraguay,United States,2,1,Marc Micallef,France,13/06/2026_United States vs Paraguay,13/06/2026_United States vs Paraguay_Marc Micallef,OK,OK,OK,OK,OK,4,1,3,0,3
,d195c5b1-afca-4df7-95cc-8de1c69573f9,46186,Qatar vs Switzerland,Qatar vs Switzerland,Qatar,Switzerland,Switzerland,0,2,Marc Micallef,France,13/06/2026_Qatar vs Switzerland,13/06/2026_Qatar vs Switzerland_Marc Micallef,OK,OK,OK,OK,OK,1,1,0,0,0
,e6c39773-bcb0-41e5-a95a-14be5f157ca6,46187,Brazil vs Morocco,Brazil vs Morocco,Brazil,Morocco,Brazil,3,1,Marc Micallef,France,14/06/2026_Brazil vs Morocco,14/06/2026_Brazil vs Morocco_Marc Micallef,OK,OK,OK,OK,OK,1,1,0,0,0
,ba0db65a-da83-492f-ae5f-e61d9753904a,46187,Haiti vs Scotland,Haiti vs Scotland,Haiti,Scotland,Scotland,0,2,Marc Micallef,France,14/06/2026_Haiti vs Scotland,14/06/2026_Haiti vs Scotland_Marc Micallef,OK,OK,OK,OK,OK,0,1,3,0,3
,212da90c-1399-431e-9b3b-49395ddf21d9,46187,Australia vs Turkey,Australia vs Turkey,Australia,Turkey,Tie,1,1,Marc Micallef,France,14/06/2026_Australia vs Turkey,14/06/2026_Australia vs Turkey_Marc Micallef,OK,OK,OK,OK,OK,2,0,0,0,0
,1ada205e-3545-460e-a377-da299759ece7,46187,Germany vs Curaçao,Germany vs Curaçao,Germany,Curaçao,Germany,4,0,Marc Micallef,France,14/06/2026_Germany vs Curaçao,14/06/2026_Germany vs Curaçao_Marc Micallef,OK,OK,OK,OK,OK,7,1,3,0,3
,7039cc10-d2c6-461a-a30c-9a4fd3f55eea,46187,Netherlands vs Japan,Netherlands vs Japan,Netherlands,Japan,Tie,1,1,Marc Micallef,France,14/06/2026_Netherlands vs Japan,14/06/2026_Netherlands vs Japan_Marc Micallef,OK,OK,OK,OK,OK,2,2,3,0,3
,95b72c04-aecc-4b8a-a0c0-36970ee07edb,46188,Ivory Coast vs Ecuador,Ivory Coast vs Ecuador,Ivory Coast,Ecuador,Ecuador,1,2,Marc Micallef,France,15/06/2026_Ivory Coast vs Ecuador,15/06/2026_Ivory Coast vs Ecuador_Marc Micallef,OK,OK,OK,OK,OK,1,0,0,0,0
,103d7c3e-e461-43a4-be1b-ce1a7a5d24a0,46188,Sweden vs Tunisia,Sweden vs Tunisia,Sweden,Tunisia,Sweden,2,0,Marc Micallef,France,15/06/2026_Sweden vs Tunisia,15/06/2026_Sweden vs Tunisia_Marc Micallef,OK,OK,OK,OK,OK,5,1,3,0,3
,90382ee1-2140-4d25-aeb2-e41559a29eb8,46188,Belgium vs Egypt,Belgium vs Egypt,Belgium,Egypt,Belgium,2,1,Marc Micallef,France,15/06/2026_Belgium vs Egypt,15/06/2026_Belgium vs Egypt_Marc Micallef,OK,OK,OK,OK,OK,1,1,0,0,0
,bfb2dddf-91c9-4d00-a295-17fa60924d1c,46188,Spain vs Cape Verde Islands,Spain vs Cape Verde Islands,Spain,Cape Verde Islands,Spain,3,0,Marc Micallef,France,15/06/2026_Spain vs Cape Verde Islands,15/06/2026_Spain vs Cape Verde Islands_Marc Micallef,OK,OK,OK,OK,OK,0,0,0,0,0
,58f1709f-9688-4b86-a93f-b2f540eecaee,46189,Saudi Arabia vs Uruguay,Saudi Arabia vs Uruguay,Saudi Arabia,Uruguay,Uruguay,0,2,Marc Micallef,France,16/06/2026_Saudi Arabia vs Uruguay,16/06/2026_Saudi Arabia vs Uruguay_Marc Micallef,OK,OK,OK,OK,OK,1,1,0,0,0
,27d1e3d5-c9e0-4ea9-a794-22bf57a136a7,46189,Iran vs New Zealand,Iran vs New Zealand,Iran,New Zealand,Iran,1,0,Marc Micallef,France,16/06/2026_Iran vs New Zealand,16/06/2026_Iran vs New Zealand_Marc Micallef,OK,OK,OK,OK,OK,2,2,0,0,0
,c059d835-5ca7-4e45-a57c-df7c511a46bf,46189,France vs Senegal,France vs Senegal,France,Senegal,France,2,0,Marc Micallef,France,16/06/2026_France vs Senegal,16/06/2026_France vs Senegal_Marc Micallef,OK,OK,OK,OK,OK,3,1,3,0,3
,044a3fd2-a609-4694-9d03-4a4372021e59,46190,Iraq vs Norway,Iraq vs Norway,Iraq,Norway,Norway,0,3,Marc Micallef,France,17/06/2026_Iraq vs Norway,17/06/2026_Iraq vs Norway_Marc Micallef,OK,OK,OK,OK,OK,1,4,3,0,3
,81933973-1d99-4df0-9c00-e130b1968346,46190,Argentina vs Algeria,Argentina vs Algeria,Argentina,Algeria,Argentina,2,0,Marc Micallef,France,17/06/2026_Argentina vs Algeria,17/06/2026_Argentina vs Algeria_Marc Micallef,OK,OK,OK,OK,OK,3,0,3,0,3
,0aa061a3-4465-490d-a12a-ec614ef69b08,46190,Austria vs Jordan,Austria vs Jordan,Austria,Jordan,Austria,2,1,Marc Micallef,France,17/06/2026_Austria vs Jordan,17/06/2026_Austria vs Jordan_Marc Micallef,OK,OK,OK,OK,OK,3,1,3,0,3
,a4f58683-c018-4213-950f-00b9f23e8478,46190,Portugal vs Congo DR,Portugal vs Congo DR,Portugal,Congo DR,Portugal,3,0,Marc Micallef,France,17/06/2026_Portugal vs Congo DR,17/06/2026_Portugal vs Congo DR_Marc Micallef,OK,OK,OK,OK,OK,1,1,0,0,0
,94961e35-6d24-4eaf-8cad-a90c0fe8e1b7,46190,England vs Croatia,England vs Croatia,England,Croatia,England,2,1,Marc Micallef,France,17/06/2026_England vs Croatia,17/06/2026_England vs Croatia_Marc Micallef,OK,OK,OK,OK,OK,4,2,3,0,3
,8b2ef02c-5cb8-46a7-bbac-66fd0c66cb9d,46191,Ghana vs Panama,Ghana vs Panama,Ghana,Panama,Tie,1,1,Marc Micallef,France,18/06/2026_Ghana vs Panama,18/06/2026_Ghana vs Panama_Marc Micallef,OK,OK,OK,OK,OK,1,0,0,0,0
,a9482cda-9483-46e4-af13-788af8246269,46191,Uzbekistan vs Colombia,Uzbekistan vs Colombia,Uzbekistan,Colombia,Colombia,0,2,Marc Micallef,France,18/06/2026_Uzbekistan vs Colombia,18/06/2026_Uzbekistan vs Colombia_Marc Micallef,OK,OK,OK,OK,OK,1,3,3,0,3
,d3ef8afe-19b8-408e-aa01-9dfb4a866128,46191,Czechia vs South Africa,Czechia vs South Africa,Czechia,South Africa,Czechia,1,0,Marc Micallef,France,18/06/2026_Czechia vs South Africa,18/06/2026_Czechia vs South Africa_Marc Micallef,OK,OK,OK,OK,OK,1,1,0,0,0
,94201ac5-956e-47fb-aea2-4ebc2c645dbd,46191,Switzerland vs Bosnia-Herzegovina,Switzerland vs Bosnia-Herzegovina,Switzerland,Bosnia-Herzegovina,Tie,1,1,Marc Micallef,France,18/06/2026_Switzerland vs Bosnia-Herzegovina,18/06/2026_Switzerland vs Bosnia-Herzegovina_Marc Micallef,OK,OK,OK,OK,OK,4,1,0,0,0
,701ff92a-426f-40dd-806c-27f295edcc37,46192,Canada vs Qatar,Canada vs Qatar,Canada,Qatar,Canada,2,0,Marc Micallef,France,19/06/2026_Canada vs Qatar,19/06/2026_Canada vs Qatar_Marc Micallef,OK,OK,OK,OK,OK,6,0,3,0,3
,7755d603-2625-4eda-b842-802a7b14e3cc,46192,Mexico vs South Korea,Mexico vs South Korea,Mexico,South Korea,Tie,2,2,Marc Micallef,France,19/06/2026_Mexico vs South Korea,19/06/2026_Mexico vs South Korea_Marc Micallef,OK,OK,OK,OK,OK,1,0,0,0,0
,596f23c9-7941-41c8-bd4c-7af903d639ce,46192,United States vs Australia,United States vs Australia,United States,Australia,United States,2,1,Marc Micallef,France,19/06/2026_United States vs Australia,19/06/2026_United States vs Australia_Marc Micallef,OK,OK,OK,OK,OK,2,0,3,0,3
,3445c5b3-4c7d-411f-8b88-886a9ce18175,46193,Scotland vs Morocco,Scotland vs Morocco,Scotland,Morocco,Morocco,0,1,Marc Micallef,France,20/06/2026_Scotland vs Morocco,20/06/2026_Scotland vs Morocco_Marc Micallef,OK,OK,OK,OK,OK,0,1,3,5,8
,2762c8f9-126f-408e-b7a9-3513c0e02211,46193,Brazil vs Haiti,Brazil vs Haiti,Brazil,Haiti,Brazil,5,0,Marc Micallef,France,20/06/2026_Brazil vs Haiti,20/06/2026_Brazil vs Haiti_Marc Micallef,OK,OK,OK,OK,OK,3,0,3,0,3
,5fb953c9-692e-46b1-938c-9cf4b94b27e4,46193,Turkey vs Paraguay,Turkey vs Paraguay,Turkey,Paraguay,Turkey,2,1,Marc Micallef,France,20/06/2026_Turkey vs Paraguay,20/06/2026_Turkey vs Paraguay_Marc Micallef,OK,OK,OK,OK,OK,0,1,0,0,0
,97dfdca6-0fee-4d1d-9186-9702b77cdc84,46193,Netherlands vs Sweden,Netherlands vs Sweden,Netherlands,Sweden,Netherlands,2,1,Marc Micallef,France,20/06/2026_Netherlands vs Sweden,20/06/2026_Netherlands vs Sweden_Marc Micallef,OK,OK,OK,OK,OK,5,1,3,0,3
,45ccd17f-ad6a-428f-8a2e-c46ec4566ecc,46193,Germany vs Ivory Coast,Germany vs Ivory Coast,Germany,Ivory Coast,Germany,3,1,Marc Micallef,France,20/06/2026_Germany vs Ivory Coast,20/06/2026_Germany vs Ivory Coast_Marc Micallef,OK,OK,OK,OK,OK,2,1,3,0,3
,da48aace-7c1b-4990-af20-1af1d0492b58,46194,Ecuador vs Curaçao,Ecuador vs Curaçao,Ecuador,Curaçao,Ecuador,2,0,Marc Micallef,France,21/06/2026_Ecuador vs Curaçao,21/06/2026_Ecuador vs Curaçao_Marc Micallef,OK,OK,OK,OK,OK,0,0,0,0,0
,0cdb6307-b992-4b4e-beb9-48d911eca3d4,46194,Tunisia vs Japan,Tunisia vs Japan,Tunisia,Japan,Japan,0,2,Marc Micallef,France,21/06/2026_Tunisia vs Japan,21/06/2026_Tunisia vs Japan_Marc Micallef,OK,OK,OK,OK,OK,0,4,3,0,3
,046ed3de-751a-464a-973e-b0dbaa1f1528,46194,Spain vs Saudi Arabia,Spain vs Saudi Arabia,Spain,Saudi Arabia,Spain,3,0,Marc Micallef,France,21/06/2026_Spain vs Saudi Arabia,21/06/2026_Spain vs Saudi Arabia_Marc Micallef,OK,OK,OK,OK,OK,4,0,3,0,3
,6fa9109c-baa5-4f83-bfb4-8273594ccd0a,46194,Belgium vs Iran,Belgium vs Iran,Belgium,Iran,Belgium,2,0,Marc Micallef,France,21/06/2026_Belgium vs Iran,21/06/2026_Belgium vs Iran_Marc Micallef,OK,OK,OK,OK,OK,0,0,0,0,0
,f3472623-0c5e-4381-9465-1966b03b45d4,46195,Uruguay vs Cape Verde Islands,Uruguay vs Cape Verde Islands,Uruguay,Cape Verde Islands,Uruguay,4,1,Marc Micallef,France,22/06/2026_Uruguay vs Cape Verde Islands,22/06/2026_Uruguay vs Cape Verde Islands_Marc Micallef,OK,OK,OK,OK,OK,2,2,0,0,0
,c868b834-0be6-4bfe-bbe6-a3714b0b283f,46195,New Zealand vs Egypt,New Zealand vs Egypt,New Zealand,Egypt,Egypt,1,2,Marc Micallef,France,22/06/2026_New Zealand vs Egypt,22/06/2026_New Zealand vs Egypt_Marc Micallef,OK,OK,OK,OK,OK,1,3,3,0,3
,9da0aae2-8908-4729-9c34-5ab90ba1638d,46195,Argentina vs Austria,Argentina vs Austria,Argentina,Austria,Argentina,2,1,Marc Micallef,France,22/06/2026_Argentina vs Austria,22/06/2026_Argentina vs Austria_Marc Micallef,OK,OK,OK,OK,OK,2,0,3,0,3
,f6301390-20f4-4fcf-a2c6-b55ec8e4c312,46195,France vs Iraq,France vs Iraq,France,Iraq,France,4,0,Marc Micallef,France,22/06/2026_France vs Iraq,22/06/2026_France vs Iraq_Marc Micallef,OK,OK,OK,OK,OK,3,0,3,0,3
,53793e5e-f4f8-4ee0-8eb3-040300094145,46196,Norway vs Senegal,Norway vs Senegal,Norway,Senegal,Tie,1,1,Marc Micallef,France,23/06/2026_Norway vs Senegal,23/06/2026_Norway vs Senegal_Marc Micallef,OK,OK,OK,OK,OK,3,2,0,0,0
,6c4c76ab-a3be-4e4c-965a-b70004091fc3,46196,Jordan vs Algeria,Jordan vs Algeria,Jordan,Algeria,Algeria,0,2,Marc Micallef,France,23/06/2026_Jordan vs Algeria,23/06/2026_Jordan vs Algeria_Marc Micallef,OK,OK,OK,OK,OK,1,2,3,0,3
,9dd001ba-be17-4994-bbde-d6eae393a3a4,46196,Portugal vs Uzbekistan,Portugal vs Uzbekistan,Portugal,Uzbekistan,Portugal,3,0,Marc Micallef,France,23/06/2026_Portugal vs Uzbekistan,23/06/2026_Portugal vs Uzbekistan_Marc Micallef,OK,OK,OK,OK,OK,5,0,3,0,3
,7917e530-c283-4218-a50a-a0b3b3c90fec,46196,England vs Ghana,England vs Ghana,England,Ghana,England,3,1,Marc Micallef,France,23/06/2026_England vs Ghana,23/06/2026_England vs Ghana_Marc Micallef,OK,OK,OK,OK,OK,0,0,0,0,0
,425847ce-f3b6-492a-b7f2-633da45682e9,46197,Panama vs Croatia,Panama vs Croatia,Panama,Croatia,Croatia,0,1,Marc Micallef,France,24/06/2026_Panama vs Croatia,24/06/2026_Panama vs Croatia_Marc Micallef,OK,OK,OK,OK,OK,0,1,3,5,8
,611898c4-5b6e-461b-b1a5-7ed62522195e,46197,Colombia vs Congo DR,Colombia vs Congo DR,Colombia,Congo DR,Colombia,2,0,Marc Micallef,France,24/06/2026_Colombia vs Congo DR,24/06/2026_Colombia vs Congo DR_Marc Micallef,OK,OK,OK,OK,OK,1,0,3,0,3
,fa767d70-8160-4898-b38e-6d87c9d14cc2,46197,Switzerland vs Canada,Switzerland vs Canada,Switzerland,Canada,Tie,1,1,Marc Micallef,France,24/06/2026_Switzerland vs Canada,24/06/2026_Switzerland vs Canada_Marc Micallef,OK,OK,OK,OK,OK,2,1,0,0,0
,9bf1aa40-a0d1-4544-8cd3-1da0ce3d2e27,46197,Bosnia-Herzegovina vs Qatar,Bosnia-Herzegovina vs Qatar,Bosnia-Herzegovina,Qatar,Bosnia-Herzegovina,2,1,Marc Micallef,France,24/06/2026_Bosnia-Herzegovina vs Qatar,24/06/2026_Bosnia-Herzegovina vs Qatar_Marc Micallef,OK,OK,OK,OK,OK,3,1,3,0,3
,7abb4f93-d8c8-47bb-affc-ac8897fb5e87,46198,Morocco vs Haiti,Morocco vs Haiti,Morocco,Haiti,Morocco,2,0,Marc Micallef,France,25/06/2026_Morocco vs Haiti,25/06/2026_Morocco vs Haiti_Marc Micallef,OK,OK,OK,OK,OK,4,2,3,0,3
,3e60b72a-d559-4aa5-8f02-e67450a68b8e,46198,Scotland vs Brazil,Scotland vs Brazil,Scotland,Brazil,Brazil,0,3,Marc Micallef,France,25/06/2026_Scotland vs Brazil,25/06/2026_Scotland vs Brazil_Marc Micallef,OK,OK,OK,OK,OK,0,3,3,5,8
,224d8355-8433-47d8-8d8c-6da9233978e1,46198,South Africa vs South Korea,South Africa vs South Korea,South Africa,South Korea,South Korea,1,2,Marc Micallef,France,25/06/2026_South Africa vs South Korea,25/06/2026_South Africa vs South Korea_Marc Micallef,OK,OK,OK,OK,OK,1,0,0,0,0
,de94dd7b-826d-4474-875e-6093469b772a,46198,Czechia vs Mexico,Czechia vs Mexico,Czechia,Mexico,Mexico,1,2,Marc Micallef,France,25/06/2026_Czechia vs Mexico,25/06/2026_Czechia vs Mexico_Marc Micallef,OK,OK,OK,OK,OK,0,3,3,0,3
,857acdbe-7b61-42a4-a1d1-42d2b6dee208,46198,Curaçao vs Ivory Coast,Curaçao vs Ivory Coast,Curaçao,Ivory Coast,Ivory Coast,0,3,Marc Micallef,France,25/06/2026_Curaçao vs Ivory Coast,25/06/2026_Curaçao vs Ivory Coast_Marc Micallef,OK,OK,OK,OK,OK,0,2,3,0,3
,a11fe756-cc49-4303-bbd4-7cdaed1f61d1,46198,Ecuador vs Germany,Ecuador vs Germany,Ecuador,Germany,Germany,1,2,Marc Micallef,France,25/06/2026_Ecuador vs Germany,25/06/2026_Ecuador vs Germany_Marc Micallef,OK,OK,OK,OK,OK,2,1,0,0,0
,1426288a-d602-4343-b477-008cf75866f2,46199,Tunisia vs Netherlands,Tunisia vs Netherlands,Tunisia,Netherlands,Netherlands,0,2,Marc Micallef,France,26/06/2026_Tunisia vs Netherlands,26/06/2026_Tunisia vs Netherlands_Marc Micallef,OK,OK,OK,OK,OK,1,3,3,0,3
,038acbcd-a47b-445d-a95d-eddd7d898017,46199,Japan vs Sweden,Japan vs Sweden,Japan,Sweden,Tie,1,1,Marc Micallef,France,26/06/2026_Japan vs Sweden,26/06/2026_Japan vs Sweden_Marc Micallef,OK,OK,OK,OK,OK,1,1,3,5,8
,9c50a182-40e7-49ea-9640-af3d465982e1,46199,Turkey vs United States,Turkey vs United States,Turkey,United States,Tie,2,2,Marc Micallef,France,26/06/2026_Turkey vs United States,26/06/2026_Turkey vs United States_Marc Micallef,OK,OK,OK,OK,OK,3,2,0,0,0
,b8c30267-b710-4b2e-b940-bea510a1dee8,46199,Paraguay vs Australia,Paraguay vs Australia,Paraguay,Australia,Paraguay,1,0,Marc Micallef,France,26/06/2026_Paraguay vs Australia,26/06/2026_Paraguay vs Australia_Marc Micallef,OK,OK,OK,OK,OK,0,0,0,0,0
,7146de72-feda-43e8-b9cc-15d8ad1701fa,46199,Norway vs France,Norway vs France,Norway,France,France,1,2,Marc Micallef,France,26/06/2026_Norway vs France,26/06/2026_Norway vs France_Marc Micallef,OK,OK,OK,OK,OK,1,4,3,0,3
,78957d74-22eb-4c05-b289-fed93ebe7dd5,46199,Senegal vs Iraq,Senegal vs Iraq,Senegal,Iraq,Senegal,2,0,Marc Micallef,France,26/06/2026_Senegal vs Iraq,26/06/2026_Senegal vs Iraq_Marc Micallef,OK,OK,OK,OK,OK,5,0,3,0,3
,77bed9cd-55ae-4031-923c-a47df7e02ab4,46200,Cape Verde Islands vs Saudi Arabia,Cape Verde Islands vs Saudi Arabia,Cape Verde Islands,Saudi Arabia,Tie,1,1,Marc Micallef,France,27/06/2026_Cape Verde Islands vs Saudi Arabia,27/06/2026_Cape Verde Islands vs Saudi Arabia_Marc Micallef,OK,OK,OK,OK,OK,0,0,3,0,3
,0d30e9e1-5287-40ab-b3c8-46b8c968fc77,46200,Uruguay vs Spain,Uruguay vs Spain,Uruguay,Spain,Spain,1,2,Marc Micallef,France,27/06/2026_Uruguay vs Spain,27/06/2026_Uruguay vs Spain_Marc Micallef,OK,OK,OK,OK,OK,0,1,3,0,3
,069d9ec5-7936-4dd8-b9c4-8a9e867ae870,46200,New Zealand vs Belgium,New Zealand vs Belgium,New Zealand,Belgium,Belgium,0,3,Marc Micallef,France,27/06/2026_New Zealand vs Belgium,27/06/2026_New Zealand vs Belgium_Marc Micallef,OK,OK,OK,OK,OK,1,5,3,0,3
,81a2a1c6-8309-4ac7-8a6c-3e0f53910bf9,46200,Egypt vs Iran,Egypt vs Iran,Egypt,Iran,Tie,1,1,Marc Micallef,France,27/06/2026_Egypt vs Iran,27/06/2026_Egypt vs Iran_Marc Micallef,OK,OK,OK,OK,OK,1,1,3,5,8
,9cec805f-ac77-451b-a249-d211015f033a,46200,Panama vs England,Panama vs England,Panama,England,England,0,3,Marc Micallef,France,27/06/2026_Panama vs England,27/06/2026_Panama vs England_Marc Micallef,OK,OK,OK,OK,OK,0,2,3,0,3
,d1c5b171-8e48-4ae9-81b1-ae9d5c6107b9,46200,Croatia vs Ghana,Croatia vs Ghana,Croatia,Ghana,Croatia,2,1,Marc Micallef,France,27/06/2026_Croatia vs Ghana,27/06/2026_Croatia vs Ghana_Marc Micallef,OK,OK,OK,OK,OK,2,1,3,5,8
,5693ce96-453d-448a-9cad-dcb06f381da3,46201,Colombia vs Portugal,Colombia vs Portugal,Colombia,Portugal,Portugal,1,2,Marc Micallef,France,28/06/2026_Colombia vs Portugal,28/06/2026_Colombia vs Portugal_Marc Micallef,OK,OK,OK,OK,OK,0,0,0,0,0
,dd9e93e3-e045-429b-b8e7-80fdc79907ac,46201,Congo DR vs Uzbekistan,Congo DR vs Uzbekistan,Congo DR,Uzbekistan,Congo DR,2,1,Marc Micallef,France,28/06/2026_Congo DR vs Uzbekistan,28/06/2026_Congo DR vs Uzbekistan_Marc Micallef,OK,OK,OK,OK,OK,3,1,3,0,3
,e15468bf-2f9f-498e-9814-fa5f219c44f8,46201,Algeria vs Austria,Algeria vs Austria,Algeria,Austria,Tie,1,1,Marc Micallef,France,28/06/2026_Algeria vs Austria,28/06/2026_Algeria vs Austria_Marc Micallef,OK,OK,OK,OK,OK,3,3,3,0,3
,bdf117cb-5fa2-4e05-a014-867db7a02120,46201,Jordan vs Argentina,Jordan vs Argentina,Jordan,Argentina,Argentina,0,3,Marc Micallef,France,28/06/2026_Jordan vs Argentina,28/06/2026_Jordan vs Argentina_Marc Micallef,OK,OK,OK,OK,OK,1,3,3,0,3
,385824c7-5398-4cc2-b7b7-c202977acc65,46184,Mexico vs South Africa,Mexico vs South Africa,Mexico,South Africa,Mexico,3,0,Francesca Gauci,France,11/06/2026_Mexico vs South Africa,11/06/2026_Mexico vs South Africa_Francesca Gauci,OK,OK,OK,OK,OK,2,0,3,0,3
,69a46531-1e93-44e0-8bd3-c187ff830e7f,46185,South Korea vs Czechia,South Korea vs Czechia,South Korea,Czechia,South Korea,2,0,Francesca Gauci,France,12/06/2026_South Korea vs Czechia,12/06/2026_South Korea vs Czechia_Francesca Gauci,OK,OK,OK,OK,OK,2,1,3,0,3
,9d7d26e3-0c7a-4dbf-937d-48e012975a5d,46185,Canada vs Bosnia-Herzegovina,Canada vs Bosnia-Herzegovina,Canada,Bosnia-Herzegovina,Tie,1,1,Francesca Gauci,France,12/06/2026_Canada vs Bosnia-Herzegovina,12/06/2026_Canada vs Bosnia-Herzegovina_Francesca Gauci,OK,OK,OK,OK,OK,1,1,3,5,8
,b16e8cc6-6a32-47aa-afa7-aa6d356e5f10,46186,United States vs Paraguay,United States vs Paraguay,United States,Paraguay,Tie,1,1,Francesca Gauci,France,13/06/2026_United States vs Paraguay,13/06/2026_United States vs Paraguay_Francesca Gauci,OK,OK,OK,OK,OK,4,1,0,0,0
,7e0e1042-4196-4c02-b81c-fb5799da9086,46186,Qatar vs Switzerland,Qatar vs Switzerland,Qatar,Switzerland,Tie,1,1,Francesca Gauci,France,13/06/2026_Qatar vs Switzerland,13/06/2026_Qatar vs Switzerland_Francesca Gauci,OK,OK,OK,OK,OK,1,1,3,5,8
,20bc4527-8586-475a-bf11-e80afe111a7b,46187,Brazil vs Morocco,Brazil vs Morocco,Brazil,Morocco,Tie,1,1,Francesca Gauci,France,14/06/2026_Brazil vs Morocco,14/06/2026_Brazil vs Morocco_Francesca Gauci,OK,OK,OK,OK,OK,1,1,3,5,8
,c33086a0-4211-4447-8b95-2df7bfcd6c32,46187,Haiti vs Scotland,Haiti vs Scotland,Haiti,Scotland,Scotland,0,2,Francesca Gauci,France,14/06/2026_Haiti vs Scotland,14/06/2026_Haiti vs Scotland_Francesca Gauci,OK,OK,OK,OK,OK,0,1,3,0,3
,969149e5-1ec1-40b2-ba90-9593e9c33793,46187,Australia vs Turkey,Australia vs Turkey,Australia,Turkey,Australia,2,1,Francesca Gauci,France,14/06/2026_Australia vs Turkey,14/06/2026_Australia vs Turkey_Francesca Gauci,OK,OK,OK,OK,OK,2,0,3,0,3
,0de0f195-e6b5-43ae-af54-42307041b4b3,46187,Germany vs Curaçao,Germany vs Curaçao,Germany,Curaçao,Germany,3,0,Francesca Gauci,France,14/06/2026_Germany vs Curaçao,14/06/2026_Germany vs Curaçao_Francesca Gauci,OK,OK,OK,OK,OK,7,1,3,0,3
,c4dd5a12-8f5c-4a12-816a-5c128761eb5b,46187,Netherlands vs Japan,Netherlands vs Japan,Netherlands,Japan,Japan,1,2,Francesca Gauci,France,14/06/2026_Netherlands vs Japan,14/06/2026_Netherlands vs Japan_Francesca Gauci,OK,OK,OK,OK,OK,2,2,0,0,0
,aced1c59-5078-428c-a2f8-d9ca69df99b3,46188,Ivory Coast vs Ecuador,Ivory Coast vs Ecuador,Ivory Coast,Ecuador,Ivory Coast,2,1,Francesca Gauci,France,15/06/2026_Ivory Coast vs Ecuador,15/06/2026_Ivory Coast vs Ecuador_Francesca Gauci,OK,OK,OK,OK,OK,1,0,3,0,3
,bd83d06d-9d19-48a0-8979-8a253a10f217,46188,Sweden vs Tunisia,Sweden vs Tunisia,Sweden,Tunisia,Tie,1,1,Francesca Gauci,France,15/06/2026_Sweden vs Tunisia,15/06/2026_Sweden vs Tunisia_Francesca Gauci,OK,OK,OK,OK,OK,5,1,0,0,0
,d54e4eba-d743-47bb-ab55-846f1c74db9a,46188,Belgium vs Egypt,Belgium vs Egypt,Belgium,Egypt,Tie,1,1,Francesca Gauci,France,15/06/2026_Belgium vs Egypt,15/06/2026_Belgium vs Egypt_Francesca Gauci,OK,OK,OK,OK,OK,1,1,3,5,8
,29bc5f85-7b07-4aa9-9862-f561eee3c01d,46188,Spain vs Cape Verde Islands,Spain vs Cape Verde Islands,Spain,Cape Verde Islands,Spain,4,0,Francesca Gauci,France,15/06/2026_Spain vs Cape Verde Islands,15/06/2026_Spain vs Cape Verde Islands_Francesca Gauci,OK,OK,OK,OK,OK,0,0,0,0,0
,a8aeef4e-efb6-4d44-a331-0c21ea01cd5b,46189,Saudi Arabia vs Uruguay,Saudi Arabia vs Uruguay,Saudi Arabia,Uruguay,Saudi Arabia,1,0,Francesca Gauci,France,16/06/2026_Saudi Arabia vs Uruguay,16/06/2026_Saudi Arabia vs Uruguay_Francesca Gauci,OK,OK,OK,OK,OK,1,1,0,0,0
,fe5e5d46-250e-453f-a236-a9036d0426d1,46189,Iran vs New Zealand,Iran vs New Zealand,Iran,New Zealand,Tie,1,1,Francesca Gauci,France,16/06/2026_Iran vs New Zealand,16/06/2026_Iran vs New Zealand_Francesca Gauci,OK,OK,OK,OK,OK,2,2,3,0,3
,3d310a94-c0b1-4891-b5e1-59b2809ba30d,46189,France vs Senegal,France vs Senegal,France,Senegal,Tie,1,1,Francesca Gauci,France,16/06/2026_France vs Senegal,16/06/2026_France vs Senegal_Francesca Gauci,OK,OK,OK,OK,OK,3,1,0,0,0
,d52a63ab-fad2-4173-9fb0-903bac8138a2,46190,Iraq vs Norway,Iraq vs Norway,Iraq,Norway,Tie,1,1,Francesca Gauci,France,17/06/2026_Iraq vs Norway,17/06/2026_Iraq vs Norway_Francesca Gauci,OK,OK,OK,OK,OK,1,4,0,0,0
,9445a13b-2dcf-4310-a309-3b5707ee8480,46190,Argentina vs Algeria,Argentina vs Algeria,Argentina,Algeria,Argentina,3,0,Francesca Gauci,France,17/06/2026_Argentina vs Algeria,17/06/2026_Argentina vs Algeria_Francesca Gauci,OK,OK,OK,OK,OK,3,0,3,5,8
,6f5890b3-cc5a-4fb6-8b70-6f9f9726326f,46190,Austria vs Jordan,Austria vs Jordan,Austria,Jordan,Austria,3,0,Francesca Gauci,France,17/06/2026_Austria vs Jordan,17/06/2026_Austria vs Jordan_Francesca Gauci,OK,OK,OK,OK,OK,3,1,3,0,3
,0d1b9a13-61b4-4436-ae22-77ed7a29e69c,46190,Portugal vs Congo DR,Portugal vs Congo DR,Portugal,Congo DR,Portugal,2,0,Francesca Gauci,France,17/06/2026_Portugal vs Congo DR,17/06/2026_Portugal vs Congo DR_Francesca Gauci,OK,OK,OK,OK,OK,1,1,0,0,0
,722ffb7e-24a3-40ee-99dc-5505b74db9b9,46190,England vs Croatia,England vs Croatia,England,Croatia,Tie,1,1,Francesca Gauci,France,17/06/2026_England vs Croatia,17/06/2026_England vs Croatia_Francesca Gauci,OK,OK,OK,OK,OK,4,2,0,0,0
,5200f3fd-00f4-421d-9a56-b5e8d89af343,46191,Ghana vs Panama,Ghana vs Panama,Ghana,Panama,Ghana,2,0,Francesca Gauci,France,18/06/2026_Ghana vs Panama,18/06/2026_Ghana vs Panama_Francesca Gauci,OK,OK,OK,OK,OK,1,0,3,0,3
,54f91af7-a77c-4e1c-9fb0-f83ebd5c8237,46191,Uzbekistan vs Colombia,Uzbekistan vs Colombia,Uzbekistan,Colombia,Tie,0,0,Francesca Gauci,France,18/06/2026_Uzbekistan vs Colombia,18/06/2026_Uzbekistan vs Colombia_Francesca Gauci,OK,OK,OK,OK,OK,1,3,0,0,0
,fd60d26d-5e89-4db9-bdd7-3b5c463d9c04,46191,Czechia vs South Africa,Czechia vs South Africa,Czechia,South Africa,Czechia,2,1,Francesca Gauci,France,18/06/2026_Czechia vs South Africa,18/06/2026_Czechia vs South Africa_Francesca Gauci,OK,OK,OK,OK,OK,1,1,0,0,0
,378bec97-8ec7-4992-acbb-a9f1e93a1aae,46191,Switzerland vs Bosnia-Herzegovina,Switzerland vs Bosnia-Herzegovina,Switzerland,Bosnia-Herzegovina,Switzerland,3,0,Francesca Gauci,France,18/06/2026_Switzerland vs Bosnia-Herzegovina,18/06/2026_Switzerland vs Bosnia-Herzegovina_Francesca Gauci,OK,OK,OK,OK,OK,4,1,3,0,3
,6f4d0367-0237-48ea-aeb6-8cb13d3ee86d,46192,Canada vs Qatar,Canada vs Qatar,Canada,Qatar,Canada,3,0,Francesca Gauci,France,19/06/2026_Canada vs Qatar,19/06/2026_Canada vs Qatar_Francesca Gauci,OK,OK,OK,OK,OK,6,0,3,0,3
,4e7f4662-e8b3-4447-8917-89fc0cf684ab,46192,Mexico vs South Korea,Mexico vs South Korea,Mexico,South Korea,Mexico,2,1,Francesca Gauci,France,19/06/2026_Mexico vs South Korea,19/06/2026_Mexico vs South Korea_Francesca Gauci,OK,OK,OK,OK,OK,1,0,3,0,3
,31210ef4-6820-45fc-a4bb-dd0f399ca86a,46192,United States vs Australia,United States vs Australia,United States,Australia,United States,3,0,Francesca Gauci,France,19/06/2026_United States vs Australia,19/06/2026_United States vs Australia_Francesca Gauci,OK,OK,OK,OK,OK,2,0,3,0,3
,e64b115f-fe4d-4ccb-ba5a-8c54e6450585,46193,Scotland vs Morocco,Scotland vs Morocco,Scotland,Morocco,Scotland,1,0,Francesca Gauci,France,20/06/2026_Scotland vs Morocco,20/06/2026_Scotland vs Morocco_Francesca Gauci,OK,OK,OK,OK,OK,0,1,0,0,0
,e1871bce-adeb-4881-a49a-f2e97f032cbf,46193,Brazil vs Haiti,Brazil vs Haiti,Brazil,Haiti,Brazil,4,0,Francesca Gauci,France,20/06/2026_Brazil vs Haiti,20/06/2026_Brazil vs Haiti_Francesca Gauci,OK,OK,OK,OK,OK,3,0,3,0,3
,9b11ff6b-dd07-4883-ad8f-658aa2cef21b,46193,Turkey vs Paraguay,Turkey vs Paraguay,Turkey,Paraguay,Tie,1,1,Francesca Gauci,France,20/06/2026_Turkey vs Paraguay,20/06/2026_Turkey vs Paraguay_Francesca Gauci,OK,OK,OK,OK,OK,0,1,0,0,0
,c1dec06f-7227-4586-90fd-e0a084ec1357,46193,Netherlands vs Sweden,Netherlands vs Sweden,Netherlands,Sweden,Tie,1,1,Francesca Gauci,France,20/06/2026_Netherlands vs Sweden,20/06/2026_Netherlands vs Sweden_Francesca Gauci,OK,OK,OK,OK,OK,5,1,0,0,0
,859272c4-5851-4223-adfb-2014c27f122a,46193,Germany vs Ivory Coast,Germany vs Ivory Coast,Germany,Ivory Coast,Germany,3,0,Francesca Gauci,France,20/06/2026_Germany vs Ivory Coast,20/06/2026_Germany vs Ivory Coast_Francesca Gauci,OK,OK,OK,OK,OK,2,1,3,0,3
,732f5685-2ddd-42d6-940c-c5033e78c687,46194,Ecuador vs Curaçao,Ecuador vs Curaçao,Ecuador,Curaçao,Ecuador,3,0,Francesca Gauci,France,21/06/2026_Ecuador vs Curaçao,21/06/2026_Ecuador vs Curaçao_Francesca Gauci,OK,OK,OK,OK,OK,0,0,0,0,0
,e732664b-e7ec-4207-8908-d14d516ccc5f,46194,Tunisia vs Japan,Tunisia vs Japan,Tunisia,Japan,Tunisia,1,0,Francesca Gauci,France,21/06/2026_Tunisia vs Japan,21/06/2026_Tunisia vs Japan_Francesca Gauci,OK,OK,OK,OK,OK,0,4,0,0,0
,db896009-0e14-4019-9ab2-dec37dcd2202,46194,Spain vs Saudi Arabia,Spain vs Saudi Arabia,Spain,Saudi Arabia,Spain,3,0,Francesca Gauci,France,21/06/2026_Spain vs Saudi Arabia,21/06/2026_Spain vs Saudi Arabia_Francesca Gauci,OK,OK,OK,OK,OK,4,0,3,0,3
,ac92bf7c-622a-4afc-92e6-941cdd7e5a21,46194,Belgium vs Iran,Belgium vs Iran,Belgium,Iran,Belgium,3,0,Francesca Gauci,France,21/06/2026_Belgium vs Iran,21/06/2026_Belgium vs Iran_Francesca Gauci,OK,OK,OK,OK,OK,0,0,0,0,0
,972fcc80-1aaf-43c3-b12c-e09b892634ce,46195,Uruguay vs Cape Verde Islands,Uruguay vs Cape Verde Islands,Uruguay,Cape Verde Islands,Uruguay,3,0,Francesca Gauci,France,22/06/2026_Uruguay vs Cape Verde Islands,22/06/2026_Uruguay vs Cape Verde Islands_Francesca Gauci,OK,OK,OK,OK,OK,2,2,0,0,0
,e038c624-7ed5-48b2-98b8-873be9ac0c65,46195,New Zealand vs Egypt,New Zealand vs Egypt,New Zealand,Egypt,New Zealand,1,0,Francesca Gauci,France,22/06/2026_New Zealand vs Egypt,22/06/2026_New Zealand vs Egypt_Francesca Gauci,OK,OK,OK,OK,OK,1,3,0,0,0
,a9714fc5-18cb-45bf-aafa-7dffc5b34cdc,46195,Argentina vs Austria,Argentina vs Austria,Argentina,Austria,Argentina,3,0,Francesca Gauci,France,22/06/2026_Argentina vs Austria,22/06/2026_Argentina vs Austria_Francesca Gauci,OK,OK,OK,OK,OK,2,0,3,0,3
,350fb2fd-a4b3-44a7-9807-67187ec59e54,46195,France vs Iraq,France vs Iraq,France,Iraq,France,4,0,Francesca Gauci,France,22/06/2026_France vs Iraq,22/06/2026_France vs Iraq_Francesca Gauci,OK,OK,OK,OK,OK,3,0,3,0,3
,f74c8d9f-06db-49a0-842b-ecc150945dde,46196,Norway vs Senegal,Norway vs Senegal,Norway,Senegal,Tie,1,1,Francesca Gauci,France,23/06/2026_Norway vs Senegal,23/06/2026_Norway vs Senegal_Francesca Gauci,OK,OK,OK,OK,OK,3,2,0,0,0
,dbe512d8-cf8b-4fbc-a8e7-d0b48e4dc6e1,46196,Jordan vs Algeria,Jordan vs Algeria,Jordan,Algeria,Algeria,0,3,Francesca Gauci,France,23/06/2026_Jordan vs Algeria,23/06/2026_Jordan vs Algeria_Francesca Gauci,OK,OK,OK,OK,OK,1,2,3,0,3
,fff27f9a-537a-4add-a41c-a774b2ba48bc,46196,Portugal vs Uzbekistan,Portugal vs Uzbekistan,Portugal,Uzbekistan,Portugal,4,0,Francesca Gauci,France,23/06/2026_Portugal vs Uzbekistan,23/06/2026_Portugal vs Uzbekistan_Francesca Gauci,OK,OK,OK,OK,OK,5,0,3,0,3
,18bba060-0081-4fb5-8e3c-1468bd1cb164,46196,England vs Ghana,England vs Ghana,England,Ghana,England,3,0,Francesca Gauci,France,23/06/2026_England vs Ghana,23/06/2026_England vs Ghana_Francesca Gauci,OK,OK,OK,OK,OK,0,0,0,0,0
,03303ebe-5bab-4fa8-aaf7-4d09edf2c161,46197,Panama vs Croatia,Panama vs Croatia,Panama,Croatia,Panama,1,0,Francesca Gauci,France,24/06/2026_Panama vs Croatia,24/06/2026_Panama vs Croatia_Francesca Gauci,OK,OK,OK,OK,OK,0,1,0,0,0
,121d8da8-3943-4801-871d-57fee687609d,46197,Colombia vs Congo DR,Colombia vs Congo DR,Colombia,Congo DR,Colombia,3,0,Francesca Gauci,France,24/06/2026_Colombia vs Congo DR,24/06/2026_Colombia vs Congo DR_Francesca Gauci,OK,OK,OK,OK,OK,1,0,3,0,3
,80f4bed0-1162-4015-8e2d-1b0d19baf91f,46197,Switzerland vs Canada,Switzerland vs Canada,Switzerland,Canada,Switzerland,2,1,Francesca Gauci,France,24/06/2026_Switzerland vs Canada,24/06/2026_Switzerland vs Canada_Francesca Gauci,OK,OK,OK,OK,OK,2,1,3,5,8
,c4c2f89e-af34-4f03-9e5b-5ad16b8b13aa,46197,Bosnia-Herzegovina vs Qatar,Bosnia-Herzegovina vs Qatar,Bosnia-Herzegovina,Qatar,Bosnia-Herzegovina,3,0,Francesca Gauci,France,24/06/2026_Bosnia-Herzegovina vs Qatar,24/06/2026_Bosnia-Herzegovina vs Qatar_Francesca Gauci,OK,OK,OK,OK,OK,3,1,3,0,3
,23515f9c-3069-4430-8f47-4977ef7c0c21,46198,Morocco vs Haiti,Morocco vs Haiti,Morocco,Haiti,Morocco,3,0,Francesca Gauci,France,25/06/2026_Morocco vs Haiti,25/06/2026_Morocco vs Haiti_Francesca Gauci,OK,OK,OK,OK,OK,4,2,3,0,3
,8dbab5a0-df0f-4ed3-94df-ba64511c6e2a,46198,Scotland vs Brazil,Scotland vs Brazil,Scotland,Brazil,Brazil,0,3,Francesca Gauci,France,25/06/2026_Scotland vs Brazil,25/06/2026_Scotland vs Brazil_Francesca Gauci,OK,OK,OK,OK,OK,0,3,3,5,8
,468fed9b-b6bb-4f62-b932-9ac366ba1a79,46198,South Africa vs South Korea,South Africa vs South Korea,South Africa,South Korea,South Africa,1,0,Francesca Gauci,France,25/06/2026_South Africa vs South Korea,25/06/2026_South Africa vs South Korea_Francesca Gauci,OK,OK,OK,OK,OK,1,0,3,5,8
,93ecf998-bfac-420c-887a-e5b82d4afb8d,46198,Czechia vs Mexico,Czechia vs Mexico,Czechia,Mexico,Czechia,2,1,Francesca Gauci,France,25/06/2026_Czechia vs Mexico,25/06/2026_Czechia vs Mexico_Francesca Gauci,OK,OK,OK,OK,OK,0,3,0,0,0
,0c2374f3-9e2d-4556-a3d9-628574435a15,46198,Curaçao vs Ivory Coast,Curaçao vs Ivory Coast,Curaçao,Ivory Coast,Ivory Coast,0,3,Francesca Gauci,France,25/06/2026_Curaçao vs Ivory Coast,25/06/2026_Curaçao vs Ivory Coast_Francesca Gauci,OK,OK,OK,OK,OK,0,2,3,0,3
,0c68b3e0-7061-4a00-870f-b5f3751dcacd,46198,Ecuador vs Germany,Ecuador vs Germany,Ecuador,Germany,Ecuador,2,1,Francesca Gauci,France,25/06/2026_Ecuador vs Germany,25/06/2026_Ecuador vs Germany_Francesca Gauci,OK,OK,OK,OK,OK,2,1,3,5,8
,acdc567a-c7c7-412f-b7dd-189598760e77,46199,Tunisia vs Netherlands,Tunisia vs Netherlands,Tunisia,Netherlands,Tunisia,1,0,Francesca Gauci,France,26/06/2026_Tunisia vs Netherlands,26/06/2026_Tunisia vs Netherlands_Francesca Gauci,OK,OK,OK,OK,OK,1,3,0,0,0
,7f444757-267a-4bdd-979b-d62558a438fa,46199,Japan vs Sweden,Japan vs Sweden,Japan,Sweden,Tie,1,1,Francesca Gauci,France,26/06/2026_Japan vs Sweden,26/06/2026_Japan vs Sweden_Francesca Gauci,OK,OK,OK,OK,OK,1,1,3,5,8
,c327c0de-b990-47b7-b4a0-9c430a5e4843,46199,Turkey vs United States,Turkey vs United States,Turkey,United States,Turkey,2,0,Francesca Gauci,France,26/06/2026_Turkey vs United States,26/06/2026_Turkey vs United States_Francesca Gauci,OK,OK,OK,OK,OK,3,2,3,0,3
,90e1410f-764d-4011-afff-c0e8ab3aa2dc,46199,Paraguay vs Australia,Paraguay vs Australia,Paraguay,Australia,Paraguay,2,1,Francesca Gauci,France,26/06/2026_Paraguay vs Australia,26/06/2026_Paraguay vs Australia_Francesca Gauci,OK,OK,OK,OK,OK,0,0,0,0,0
,b4b6d1df-c7e0-4687-953b-167405c8bc1b,46199,Norway vs France,Norway vs France,Norway,France,Norway,2,1,Francesca Gauci,France,26/06/2026_Norway vs France,26/06/2026_Norway vs France_Francesca Gauci,OK,OK,OK,OK,OK,1,4,0,0,0
,f96dfa11-5411-4bfd-bfe8-d120611fe983,46199,Senegal vs Iraq,Senegal vs Iraq,Senegal,Iraq,Senegal,3,0,Francesca Gauci,France,26/06/2026_Senegal vs Iraq,26/06/2026_Senegal vs Iraq_Francesca Gauci,OK,OK,OK,OK,OK,5,0,3,0,3
,2bcd93ac-3763-4f53-95fc-85588d5f6c2e,46200,Cape Verde Islands vs Saudi Arabia,Cape Verde Islands vs Saudi Arabia,Cape Verde Islands,Saudi Arabia,Cape Verde Islands,2,1,Francesca Gauci,France,27/06/2026_Cape Verde Islands vs Saudi Arabia,27/06/2026_Cape Verde Islands vs Saudi Arabia_Francesca Gauci,OK,OK,OK,OK,OK,0,0,0,0,0
,d134811c-9989-4c2b-97ca-2a280100e0a8,46200,Uruguay vs Spain,Uruguay vs Spain,Uruguay,Spain,Uruguay,2,0,Francesca Gauci,France,27/06/2026_Uruguay vs Spain,27/06/2026_Uruguay vs Spain_Francesca Gauci,OK,OK,OK,OK,OK,0,1,0,0,0
,a8c64a6d-f484-40f2-8622-a298bdddf82e,46200,New Zealand vs Belgium,New Zealand vs Belgium,New Zealand,Belgium,New Zealand,2,1,Francesca Gauci,France,27/06/2026_New Zealand vs Belgium,27/06/2026_New Zealand vs Belgium_Francesca Gauci,OK,OK,OK,OK,OK,1,5,0,0,0
,9fae1aec-7df7-4837-9e4d-2e1aa67d9ed5,46200,Egypt vs Iran,Egypt vs Iran,Egypt,Iran,Egypt,2,1,Francesca Gauci,France,27/06/2026_Egypt vs Iran,27/06/2026_Egypt vs Iran_Francesca Gauci,OK,OK,OK,OK,OK,1,1,0,0,0
,2bf1511d-8362-4204-baaf-af393056538a,46200,Panama vs England,Panama vs England,Panama,England,Panama,1,0,Francesca Gauci,France,27/06/2026_Panama vs England,27/06/2026_Panama vs England_Francesca Gauci,OK,OK,OK,OK,OK,0,2,0,0,0
,0ccbe2de-a74b-40f5-a5d4-2380f0a709d1,46200,Croatia vs Ghana,Croatia vs Ghana,Croatia,Ghana,Tie,1,1,Francesca Gauci,France,27/06/2026_Croatia vs Ghana,27/06/2026_Croatia vs Ghana_Francesca Gauci,OK,OK,OK,OK,OK,2,1,0,0,0
,295ba701-5d73-4f12-928d-926bdbbc39d1,46201,Colombia vs Portugal,Colombia vs Portugal,Colombia,Portugal,Colombia,2,1,Francesca Gauci,France,28/06/2026_Colombia vs Portugal,28/06/2026_Colombia vs Portugal_Francesca Gauci,OK,OK,OK,OK,OK,0,0,0,0,0
,2039c567-10e5-4572-bc48-453e1442390d,46201,Congo DR vs Uzbekistan,Congo DR vs Uzbekistan,Congo DR,Uzbekistan,Tie,0,0,Francesca Gauci,France,28/06/2026_Congo DR vs Uzbekistan,28/06/2026_Congo DR vs Uzbekistan_Francesca Gauci,OK,OK,OK,OK,OK,3,1,0,0,0
,5167e9f9-2f7e-4f2c-9e34-36a69c3458d0,46201,Algeria vs Austria,Algeria vs Austria,Algeria,Austria,Algeria,1,0,Francesca Gauci,France,28/06/2026_Algeria vs Austria,28/06/2026_Algeria vs Austria_Francesca Gauci,OK,OK,OK,OK,OK,3,3,0,0,0
,b0d1994a-c1cc-4419-a0a8-89d58c9c4f8b,46201,Jordan vs Argentina,Jordan vs Argentina,Jordan,Argentina,Argentina,0,3,Francesca Gauci,France,28/06/2026_Jordan vs Argentina,28/06/2026_Jordan vs Argentina_Francesca Gauci,OK,OK,OK,OK,OK,1,3,3,0,3
,4a37ac19-c2a5-45e9-82ea-2ba108c7ce05,46184,Mexico vs South Africa,Mexico vs South Africa,Mexico,South Africa,Mexico,2,1,Kevin D'Ugo,Brazil,11/06/2026_Mexico vs South Africa,11/06/2026_Mexico vs South Africa_Kevin D'Ugo,OK,OK,OK,OK,OK,2,0,3,0,3
,7a8e7376-451e-4b23-91d1-c19a1f9681cb,46185,South Korea vs Czechia,South Korea vs Czechia,South Korea,Czechia,Tie,1,1,Kevin D'Ugo,Brazil,12/06/2026_South Korea vs Czechia,12/06/2026_South Korea vs Czechia_Kevin D'Ugo,OK,OK,OK,OK,OK,2,1,0,0,0
,1bfa418f-f31c-4714-827b-cdfe98e6d306,46185,Canada vs Bosnia-Herzegovina,Canada vs Bosnia-Herzegovina,Canada,Bosnia-Herzegovina,Bosnia-Herzegovina,0,2,Kevin D'Ugo,Brazil,12/06/2026_Canada vs Bosnia-Herzegovina,12/06/2026_Canada vs Bosnia-Herzegovina_Kevin D'Ugo,OK,OK,OK,OK,OK,1,1,0,0,0
,6b5b3122-d837-4ca0-b8b4-929e0b8f5a54,46186,United States vs Paraguay,United States vs Paraguay,United States,Paraguay,United States,3,1,Kevin D'Ugo,Brazil,13/06/2026_United States vs Paraguay,13/06/2026_United States vs Paraguay_Kevin D'Ugo,OK,OK,OK,OK,OK,4,1,3,0,3
,a3ab5ce3-426a-405b-8f73-10dac4ae8a0a,46186,Qatar vs Switzerland,Qatar vs Switzerland,Qatar,Switzerland,Switzerland,0,1,Kevin D'Ugo,Brazil,13/06/2026_Qatar vs Switzerland,13/06/2026_Qatar vs Switzerland_Kevin D'Ugo,OK,OK,OK,OK,OK,1,1,0,0,0
,bd00522d-b4d2-4217-922e-4d11eb23af27,46187,Brazil vs Morocco,Brazil vs Morocco,Brazil,Morocco,Brazil,4,0,Kevin D'Ugo,Brazil,14/06/2026_Brazil vs Morocco,14/06/2026_Brazil vs Morocco_Kevin D'Ugo,OK,OK,OK,OK,OK,1,1,0,0,0
,ae29da5f-1a2a-4d43-b1e0-b98b2c61f4ce,46187,Haiti vs Scotland,Haiti vs Scotland,Haiti,Scotland,Scotland,0,2,Kevin D'Ugo,Brazil,14/06/2026_Haiti vs Scotland,14/06/2026_Haiti vs Scotland_Kevin D'Ugo,OK,OK,OK,OK,OK,0,1,3,0,3
,0523bfec-8254-4c5b-99e3-c35bf7ffca57,46187,Australia vs Turkey,Australia vs Turkey,Australia,Turkey,Turkey,0,3,Kevin D'Ugo,Brazil,14/06/2026_Australia vs Turkey,14/06/2026_Australia vs Turkey_Kevin D'Ugo,OK,OK,OK,OK,OK,2,0,0,0,0
,bd19ca2e-8f96-4518-92a4-44c892196213,46187,Germany vs Curaçao,Germany vs Curaçao,Germany,Curaçao,Germany,7,0,Kevin D'Ugo,Brazil,14/06/2026_Germany vs Curaçao,14/06/2026_Germany vs Curaçao_Kevin D'Ugo,OK,OK,OK,OK,OK,7,1,3,0,3
,60e857d6-c782-4e64-9df3-6248913f1e76,46187,Netherlands vs Japan,Netherlands vs Japan,Netherlands,Japan,Netherlands,3,1,Kevin D'Ugo,Brazil,14/06/2026_Netherlands vs Japan,14/06/2026_Netherlands vs Japan_Kevin D'Ugo,OK,OK,OK,OK,OK,2,2,0,0,0
,6b748adc-514d-4dc6-8a8a-229f20aeabf7,46188,Ivory Coast vs Ecuador,Ivory Coast vs Ecuador,Ivory Coast,Ecuador,Tie,2,2,Kevin D'Ugo,Brazil,15/06/2026_Ivory Coast vs Ecuador,15/06/2026_Ivory Coast vs Ecuador_Kevin D'Ugo,OK,OK,OK,OK,OK,1,0,0,0,0
,0f85c265-309c-4a69-9802-60bc2c02173c,46188,Sweden vs Tunisia,Sweden vs Tunisia,Sweden,Tunisia,Tie,1,1,Kevin D'Ugo,Brazil,15/06/2026_Sweden vs Tunisia,15/06/2026_Sweden vs Tunisia_Kevin D'Ugo,OK,OK,OK,OK,OK,5,1,0,0,0
,047b9d36-3d50-4512-bad6-9bdd9f3feaef,46188,Belgium vs Egypt,Belgium vs Egypt,Belgium,Egypt,Belgium,5,1,Kevin D'Ugo,Brazil,15/06/2026_Belgium vs Egypt,15/06/2026_Belgium vs Egypt_Kevin D'Ugo,OK,OK,OK,OK,OK,1,1,0,0,0
,2a4ca297-b523-4c7b-ba0f-c0f9dae0c312,46188,Spain vs Cape Verde Islands,Spain vs Cape Verde Islands,Spain,Cape Verde Islands,Spain,8,0,Kevin D'Ugo,Brazil,15/06/2026_Spain vs Cape Verde Islands,15/06/2026_Spain vs Cape Verde Islands_Kevin D'Ugo,OK,OK,OK,OK,OK,0,0,0,0,0
,6fbbedc1-9411-4e96-ae62-c3b0ba367de2,46189,Saudi Arabia vs Uruguay,Saudi Arabia vs Uruguay,Saudi Arabia,Uruguay,Uruguay,0,3,Kevin D'Ugo,Brazil,16/06/2026_Saudi Arabia vs Uruguay,16/06/2026_Saudi Arabia vs Uruguay_Kevin D'Ugo,OK,OK,OK,OK,OK,1,1,0,0,0
,b9f4e445-047b-4792-a83a-41232e72e5b4,46189,Iran vs New Zealand,Iran vs New Zealand,Iran,New Zealand,Tie,1,1,Kevin D'Ugo,Brazil,16/06/2026_Iran vs New Zealand,16/06/2026_Iran vs New Zealand_Kevin D'Ugo,OK,OK,OK,OK,OK,2,2,3,0,3
,f4252bfe-eb66-4a73-8c2e-4bef5177c958,46189,France vs Senegal,France vs Senegal,France,Senegal,France,5,2,Kevin D'Ugo,Brazil,16/06/2026_France vs Senegal,16/06/2026_France vs Senegal_Kevin D'Ugo,OK,OK,OK,OK,OK,3,1,3,0,3
,c0a457ea-b068-4c84-bcd5-af564ef3d5f5,46190,Iraq vs Norway,Iraq vs Norway,Iraq,Norway,Norway,0,4,Kevin D'Ugo,Brazil,17/06/2026_Iraq vs Norway,17/06/2026_Iraq vs Norway_Kevin D'Ugo,OK,OK,OK,OK,OK,1,4,3,0,3
,cd1c821a-d2a6-44b3-8128-52b007a35926,46190,Argentina vs Algeria,Argentina vs Algeria,Argentina,Algeria,Argentina,4,0,Kevin D'Ugo,Brazil,17/06/2026_Argentina vs Algeria,17/06/2026_Argentina vs Algeria_Kevin D'Ugo,OK,OK,OK,OK,OK,3,0,3,0,3
,9c6999bf-a88a-4abe-8246-f4b6309d6fe1,46190,Austria vs Jordan,Austria vs Jordan,Austria,Jordan,Austria,1,0,Kevin D'Ugo,Brazil,17/06/2026_Austria vs Jordan,17/06/2026_Austria vs Jordan_Kevin D'Ugo,OK,OK,OK,OK,OK,3,1,3,0,3
,2913dd1f-a7b8-46bb-8f2c-39939894b8c1,46190,Portugal vs Congo DR,Portugal vs Congo DR,Portugal,Congo DR,Portugal,3,0,Kevin D'Ugo,Brazil,17/06/2026_Portugal vs Congo DR,17/06/2026_Portugal vs Congo DR_Kevin D'Ugo,OK,OK,OK,OK,OK,1,1,0,0,0
,0165d9c8-f14b-4c57-aa7c-5fe4a07ed73c,46190,England vs Croatia,England vs Croatia,England,Croatia,Tie,2,2,Kevin D'Ugo,Brazil,17/06/2026_England vs Croatia,17/06/2026_England vs Croatia_Kevin D'Ugo,OK,OK,OK,OK,OK,4,2,0,0,0
,0ecacfcf-327d-4489-a30f-4d2ad11a37b9,46191,Ghana vs Panama,Ghana vs Panama,Ghana,Panama,Ghana,4,2,Kevin D'Ugo,Brazil,18/06/2026_Ghana vs Panama,18/06/2026_Ghana vs Panama_Kevin D'Ugo,OK,OK,OK,OK,OK,1,0,3,0,3
,1e7f2a3e-fc28-470f-9982-42f9e2737c1f,46191,Uzbekistan vs Colombia,Uzbekistan vs Colombia,Uzbekistan,Colombia,Colombia,1,3,Kevin D'Ugo,Brazil,18/06/2026_Uzbekistan vs Colombia,18/06/2026_Uzbekistan vs Colombia_Kevin D'Ugo,OK,OK,OK,OK,OK,1,3,3,5,8
,464841a4-561f-4dfc-ae0e-2986ea8dc161,46191,Czechia vs South Africa,Czechia vs South Africa,Czechia,South Africa,Czechia,2,0,Kevin D'Ugo,Brazil,18/06/2026_Czechia vs South Africa,18/06/2026_Czechia vs South Africa_Kevin D'Ugo,OK,OK,OK,OK,OK,1,1,0,0,0
,6a506b3f-db31-4836-b2c0-de447ad5b053,46191,Switzerland vs Bosnia-Herzegovina,Switzerland vs Bosnia-Herzegovina,Switzerland,Bosnia-Herzegovina,Tie,1,1,Kevin D'Ugo,Brazil,18/06/2026_Switzerland vs Bosnia-Herzegovina,18/06/2026_Switzerland vs Bosnia-Herzegovina_Kevin D'Ugo,OK,OK,OK,OK,OK,4,1,0,0,0
,5e946d8b-a5b6-449c-bc48-f0758ef6030b,46192,Canada vs Qatar,Canada vs Qatar,Canada,Qatar,Canada,1,0,Kevin D'Ugo,Brazil,19/06/2026_Canada vs Qatar,19/06/2026_Canada vs Qatar_Kevin D'Ugo,OK,OK,OK,OK,OK,6,0,3,0,3
,fe24a357-bed0-4e4f-bbef-fdbecbe89f22,46192,Mexico vs South Korea,Mexico vs South Korea,Mexico,South Korea,Mexico,1,0,Kevin D'Ugo,Brazil,19/06/2026_Mexico vs South Korea,19/06/2026_Mexico vs South Korea_Kevin D'Ugo,OK,OK,OK,OK,OK,1,0,3,5,8
,7a79805f-db0d-49ec-8a65-5d1b9ff2887d,46192,United States vs Australia,United States vs Australia,United States,Australia,United States,2,1,Kevin D'Ugo,Brazil,19/06/2026_United States vs Australia,19/06/2026_United States vs Australia_Kevin D'Ugo,OK,OK,OK,OK,OK,2,0,3,0,3
,2729bede-e97d-4c85-8d93-ac401d56ff6a,46193,Scotland vs Morocco,Scotland vs Morocco,Scotland,Morocco,Morocco,1,2,Kevin D'Ugo,Brazil,20/06/2026_Scotland vs Morocco,20/06/2026_Scotland vs Morocco_Kevin D'Ugo,OK,OK,OK,OK,OK,0,1,3,0,3
,6b073aed-0bdb-455c-bc29-ff431e17f076,46193,Brazil vs Haiti,Brazil vs Haiti,Brazil,Haiti,Brazil,8,0,Kevin D'Ugo,Brazil,20/06/2026_Brazil vs Haiti,20/06/2026_Brazil vs Haiti_Kevin D'Ugo,OK,OK,OK,OK,OK,3,0,3,0,3
,d5b2baa2-c939-4d3b-8eb2-f9a188e4fe7f,46193,Turkey vs Paraguay,Turkey vs Paraguay,Turkey,Paraguay,Turkey,2,0,Kevin D'Ugo,Brazil,20/06/2026_Turkey vs Paraguay,20/06/2026_Turkey vs Paraguay_Kevin D'Ugo,OK,OK,OK,OK,OK,0,1,0,0,0
,04023fa3-03f1-4af0-9b4b-0b738f1a7208,46193,Netherlands vs Sweden,Netherlands vs Sweden,Netherlands,Sweden,Netherlands,3,0,Kevin D'Ugo,Brazil,20/06/2026_Netherlands vs Sweden,20/06/2026_Netherlands vs Sweden_Kevin D'Ugo,OK,OK,OK,OK,OK,5,1,3,0,3
,1d7e4994-9749-4b78-8783-307fe8fddbbe,46193,Germany vs Ivory Coast,Germany vs Ivory Coast,Germany,Ivory Coast,Germany,2,0,Kevin D'Ugo,Brazil,20/06/2026_Germany vs Ivory Coast,20/06/2026_Germany vs Ivory Coast_Kevin D'Ugo,OK,OK,OK,OK,OK,2,1,3,0,3
,6ec45b52-dd0e-4c7c-8627-55eac2508633,46194,Ecuador vs Curaçao,Ecuador vs Curaçao,Ecuador,Curaçao,Ecuador,4,0,Kevin D'Ugo,Brazil,21/06/2026_Ecuador vs Curaçao,21/06/2026_Ecuador vs Curaçao_Kevin D'Ugo,OK,OK,OK,OK,OK,0,0,0,0,0
,4483b753-28b0-41db-ba2e-07f3969e3205,46194,Tunisia vs Japan,Tunisia vs Japan,Tunisia,Japan,Japan,1,2,Kevin D'Ugo,Brazil,21/06/2026_Tunisia vs Japan,21/06/2026_Tunisia vs Japan_Kevin D'Ugo,OK,OK,OK,OK,OK,0,4,3,0,3
,6ea9e7ee-a48a-4e70-8b2f-9bd6d7bac8a9,46194,Spain vs Saudi Arabia,Spain vs Saudi Arabia,Spain,Saudi Arabia,Spain,6,0,Kevin D'Ugo,Brazil,21/06/2026_Spain vs Saudi Arabia,21/06/2026_Spain vs Saudi Arabia_Kevin D'Ugo,OK,OK,OK,OK,OK,4,0,3,0,3
,d2edfe93-29c6-4d34-8056-6fff704dd3c4,46194,Belgium vs Iran,Belgium vs Iran,Belgium,Iran,Belgium,5,1,Kevin D'Ugo,Brazil,21/06/2026_Belgium vs Iran,21/06/2026_Belgium vs Iran_Kevin D'Ugo,OK,OK,OK,OK,OK,0,0,0,0,0
,90420dfc-3fac-4b56-8810-b7121a1c8c34,46195,Uruguay vs Cape Verde Islands,Uruguay vs Cape Verde Islands,Uruguay,Cape Verde Islands,Uruguay,5,0,Kevin D'Ugo,Brazil,22/06/2026_Uruguay vs Cape Verde Islands,22/06/2026_Uruguay vs Cape Verde Islands_Kevin D'Ugo,OK,OK,OK,OK,OK,2,2,0,0,0
,1fc58a46-dea6-454e-a66f-e35047372d4e,46195,New Zealand vs Egypt,New Zealand vs Egypt,New Zealand,Egypt,Egypt,1,2,Kevin D'Ugo,Brazil,22/06/2026_New Zealand vs Egypt,22/06/2026_New Zealand vs Egypt_Kevin D'Ugo,OK,OK,OK,OK,OK,1,3,3,0,3
,fd76c6a8-b286-408d-b44a-3d7f1aa4c5f1,46195,Argentina vs Austria,Argentina vs Austria,Argentina,Austria,Argentina,3,1,Kevin D'Ugo,Brazil,22/06/2026_Argentina vs Austria,22/06/2026_Argentina vs Austria_Kevin D'Ugo,OK,OK,OK,OK,OK,2,0,3,0,3
,d64fd2e2-bee6-43c5-8ff5-60031fc6c079,46195,France vs Iraq,France vs Iraq,France,Iraq,France,3,1,Kevin D'Ugo,Brazil,22/06/2026_France vs Iraq,22/06/2026_France vs Iraq_Kevin D'Ugo,OK,OK,OK,OK,OK,3,0,3,0,3
,0f3400fe-4630-40c0-be66-ad1fc48114c9,46196,Norway vs Senegal,Norway vs Senegal,Norway,Senegal,Norway,3,0,Kevin D'Ugo,Brazil,23/06/2026_Norway vs Senegal,23/06/2026_Norway vs Senegal_Kevin D'Ugo,OK,OK,OK,OK,OK,3,2,3,0,3
,3071945a-94df-4a29-aca4-f497d316fce9,46196,Jordan vs Algeria,Jordan vs Algeria,Jordan,Algeria,Algeria,1,2,Kevin D'Ugo,Brazil,23/06/2026_Jordan vs Algeria,23/06/2026_Jordan vs Algeria_Kevin D'Ugo,OK,OK,OK,OK,OK,1,2,3,5,8
,a9bca836-523f-4f3d-86e3-f69c3b9eafdd,46196,Portugal vs Uzbekistan,Portugal vs Uzbekistan,Portugal,Uzbekistan,Portugal,5,0,Kevin D'Ugo,Brazil,23/06/2026_Portugal vs Uzbekistan,23/06/2026_Portugal vs Uzbekistan_Kevin D'Ugo,OK,OK,OK,OK,OK,5,0,3,5,8
,2da1edf5-d5d7-41b1-9957-560975523230,46196,England vs Ghana,England vs Ghana,England,Ghana,England,3,1,Kevin D'Ugo,Brazil,23/06/2026_England vs Ghana,23/06/2026_England vs Ghana_Kevin D'Ugo,OK,OK,OK,OK,OK,0,0,0,0,0
,b6d54dcc-d02d-460e-b23c-5dc28322e43b,46197,Panama vs Croatia,Panama vs Croatia,Panama,Croatia,Croatia,0,2,Kevin D'Ugo,Brazil,24/06/2026_Panama vs Croatia,24/06/2026_Panama vs Croatia_Kevin D'Ugo,OK,OK,OK,OK,OK,0,1,3,0,3
,dac9679d-05b1-454b-99f2-071cb207a5dd,46197,Colombia vs Congo DR,Colombia vs Congo DR,Colombia,Congo DR,Colombia,4,1,Kevin D'Ugo,Brazil,24/06/2026_Colombia vs Congo DR,24/06/2026_Colombia vs Congo DR_Kevin D'Ugo,OK,OK,OK,OK,OK,1,0,3,0,3
,c8861b8c-da21-4e42-9ba2-a6904d5aafdf,46197,Switzerland vs Canada,Switzerland vs Canada,Switzerland,Canada,Tie,2,2,Kevin D'Ugo,Brazil,24/06/2026_Switzerland vs Canada,24/06/2026_Switzerland vs Canada_Kevin D'Ugo,OK,OK,OK,OK,OK,2,1,0,0,0
,488a68f7-48ca-4f68-97f9-3744186241ac,46197,Bosnia-Herzegovina vs Qatar,Bosnia-Herzegovina vs Qatar,Bosnia-Herzegovina,Qatar,Bosnia-Herzegovina,3,1,Kevin D'Ugo,Brazil,24/06/2026_Bosnia-Herzegovina vs Qatar,24/06/2026_Bosnia-Herzegovina vs Qatar_Kevin D'Ugo,OK,OK,OK,OK,OK,3,1,3,5,8
,39d85929-a45f-48d9-a798-ac8ca33327c8,46198,Morocco vs Haiti,Morocco vs Haiti,Morocco,Haiti,Morocco,4,1,Kevin D'Ugo,Brazil,25/06/2026_Morocco vs Haiti,25/06/2026_Morocco vs Haiti_Kevin D'Ugo,OK,OK,OK,OK,OK,4,2,3,0,3
,b0a1b17a-8643-49ba-85d7-dfaf2503d054,46198,Scotland vs Brazil,Scotland vs Brazil,Scotland,Brazil,Brazil,0,3,Kevin D'Ugo,Brazil,25/06/2026_Scotland vs Brazil,25/06/2026_Scotland vs Brazil_Kevin D'Ugo,OK,OK,OK,OK,OK,0,3,3,5,8
,4c17d9a6-2044-4f6c-8cf0-796ae7cd403c,46198,South Africa vs South Korea,South Africa vs South Korea,South Africa,South Korea,South Korea,1,2,Kevin D'Ugo,Brazil,25/06/2026_South Africa vs South Korea,25/06/2026_South Africa vs South Korea_Kevin D'Ugo,OK,OK,OK,OK,OK,1,0,0,0,0
,73b1e025-8277-4e9f-bee1-5f1b0080c754,46198,Czechia vs Mexico,Czechia vs Mexico,Czechia,Mexico,Tie,3,3,Kevin D'Ugo,Brazil,25/06/2026_Czechia vs Mexico,25/06/2026_Czechia vs Mexico_Kevin D'Ugo,OK,OK,OK,OK,OK,0,3,0,0,0
,bcda4c4c-82bb-439f-b431-5076aa722ffb,46198,Curaçao vs Ivory Coast,Curaçao vs Ivory Coast,Curaçao,Ivory Coast,Ivory Coast,2,4,Kevin D'Ugo,Brazil,25/06/2026_Curaçao vs Ivory Coast,25/06/2026_Curaçao vs Ivory Coast_Kevin D'Ugo,OK,OK,OK,OK,OK,0,2,3,0,3
,78cf2329-ddb5-4b5b-87a4-64f512492648,46198,Ecuador vs Germany,Ecuador vs Germany,Ecuador,Germany,Germany,2,3,Kevin D'Ugo,Brazil,25/06/2026_Ecuador vs Germany,25/06/2026_Ecuador vs Germany_Kevin D'Ugo,OK,OK,OK,OK,OK,2,1,0,0,0
,625a4539-0412-4a69-8de0-8146286e01ce,46199,Tunisia vs Netherlands,Tunisia vs Netherlands,Tunisia,Netherlands,Netherlands,0,3,Kevin D'Ugo,Brazil,26/06/2026_Tunisia vs Netherlands,26/06/2026_Tunisia vs Netherlands_Kevin D'Ugo,OK,OK,OK,OK,OK,1,3,3,0,3
,74736d5f-ec87-42ee-ae23-72c16b71554b,46199,Japan vs Sweden,Japan vs Sweden,Japan,Sweden,Tie,1,1,Kevin D'Ugo,Brazil,26/06/2026_Japan vs Sweden,26/06/2026_Japan vs Sweden_Kevin D'Ugo,OK,OK,OK,OK,OK,1,1,3,5,8
,c1349a0b-8e72-4147-b63d-02459c9120e4,46199,Turkey vs United States,Turkey vs United States,Turkey,United States,Tie,0,0,Kevin D'Ugo,Brazil,26/06/2026_Turkey vs United States,26/06/2026_Turkey vs United States_Kevin D'Ugo,OK,OK,OK,OK,OK,3,2,0,0,0
,da395b10-c055-4a98-b674-05dab0cdee48,46199,Paraguay vs Australia,Paraguay vs Australia,Paraguay,Australia,Paraguay,2,1,Kevin D'Ugo,Brazil,26/06/2026_Paraguay vs Australia,26/06/2026_Paraguay vs Australia_Kevin D'Ugo,OK,OK,OK,OK,OK,0,0,0,0,0
,e3209bb9-d0c3-4f6e-b68d-529c11ecd197,46199,Norway vs France,Norway vs France,Norway,France,France,2,3,Kevin D'Ugo,Brazil,26/06/2026_Norway vs France,26/06/2026_Norway vs France_Kevin D'Ugo,OK,OK,OK,OK,OK,1,4,3,0,3
,2ad39962-b1af-40a6-aac2-4e605472a599,46199,Senegal vs Iraq,Senegal vs Iraq,Senegal,Iraq,Tie,1,1,Kevin D'Ugo,Brazil,26/06/2026_Senegal vs Iraq,26/06/2026_Senegal vs Iraq_Kevin D'Ugo,OK,OK,OK,OK,OK,5,0,0,0,0
,8d6617ab-7ad8-4b10-81de-da0f2e791c53,46200,Cape Verde Islands vs Saudi Arabia,Cape Verde Islands vs Saudi Arabia,Cape Verde Islands,Saudi Arabia,Saudi Arabia,0,2,Kevin D'Ugo,Brazil,27/06/2026_Cape Verde Islands vs Saudi Arabia,27/06/2026_Cape Verde Islands vs Saudi Arabia_Kevin D'Ugo,OK,OK,OK,OK,OK,0,0,0,0,0
,cf09964a-e56c-4e14-8d8c-836799034c1b,46200,Uruguay vs Spain,Uruguay vs Spain,Uruguay,Spain,Spain,1,2,Kevin D'Ugo,Brazil,27/06/2026_Uruguay vs Spain,27/06/2026_Uruguay vs Spain_Kevin D'Ugo,OK,OK,OK,OK,OK,0,1,3,0,3
,93a6faee-bf37-4dce-847b-6f25f8b3fb16,46200,New Zealand vs Belgium,New Zealand vs Belgium,New Zealand,Belgium,Belgium,2,4,Kevin D'Ugo,Brazil,27/06/2026_New Zealand vs Belgium,27/06/2026_New Zealand vs Belgium_Kevin D'Ugo,OK,OK,OK,OK,OK,1,5,3,0,3
,f45e1c15-e0ec-4eba-a5f9-cc0355b43aea,46200,Egypt vs Iran,Egypt vs Iran,Egypt,Iran,Egypt,1,0,Kevin D'Ugo,Brazil,27/06/2026_Egypt vs Iran,27/06/2026_Egypt vs Iran_Kevin D'Ugo,OK,OK,OK,OK,OK,1,1,0,0,0
,cf36c5d1-cfa3-44cc-948a-c9ac8e7537bb,46200,Panama vs England,Panama vs England,Panama,England,England,0,6,Kevin D'Ugo,Brazil,27/06/2026_Panama vs England,27/06/2026_Panama vs England_Kevin D'Ugo,OK,OK,OK,OK,OK,0,2,3,0,3
,23a8277e-b7dc-47be-bfaf-e8ae6f0e915e,46200,Croatia vs Ghana,Croatia vs Ghana,Croatia,Ghana,Croatia,2,1,Kevin D'Ugo,Brazil,27/06/2026_Croatia vs Ghana,27/06/2026_Croatia vs Ghana_Kevin D'Ugo,OK,OK,OK,OK,OK,2,1,3,5,8
,b8c2386f-53fb-4ebe-9455-ec343d398714,46201,Colombia vs Portugal,Colombia vs Portugal,Colombia,Portugal,Tie,2,2,Kevin D'Ugo,Brazil,28/06/2026_Colombia vs Portugal,28/06/2026_Colombia vs Portugal_Kevin D'Ugo,OK,OK,OK,OK,OK,0,0,3,0,3
,fb6a3a63-dd64-4a56-8239-eb315d3ce998,46201,Congo DR vs Uzbekistan,Congo DR vs Uzbekistan,Congo DR,Uzbekistan,Congo DR,1,0,Kevin D'Ugo,Brazil,28/06/2026_Congo DR vs Uzbekistan,28/06/2026_Congo DR vs Uzbekistan_Kevin D'Ugo,OK,OK,OK,OK,OK,3,1,3,0,3
,f229f5c7-0715-4a0c-ab6d-f0509ed325ba,46201,Algeria vs Austria,Algeria vs Austria,Algeria,Austria,Algeria,2,0,Kevin D'Ugo,Brazil,28/06/2026_Algeria vs Austria,28/06/2026_Algeria vs Austria_Kevin D'Ugo,OK,OK,OK,OK,OK,3,3,0,0,0
,b704c1ef-3d9e-453d-bf4a-ad3effa49b0c,46201,Jordan vs Argentina,Jordan vs Argentina,Jordan,Argentina,Argentina,1,7,Kevin D'Ugo,Brazil,28/06/2026_Jordan vs Argentina,28/06/2026_Jordan vs Argentina_Kevin D'Ugo,OK,OK,OK,OK,OK,1,3,3,0,3
,75c9c2a6-87e8-4597-9d97-348fc209d598,46184,Mexico vs South Africa,Mexico vs South Africa,Mexico,South Africa,Mexico,2,0,Stephanie Grech,France,11/06/2026_Mexico vs South Africa,11/06/2026_Mexico vs South Africa_Stephanie Grech,OK,OK,OK,OK,OK,2,0,3,5,8
,48dbb1aa-e14a-467e-8fc1-e2e151844deb,46185,South Korea vs Czechia,South Korea vs Czechia,South Korea,Czechia,Tie,1,1,Stephanie Grech,France,12/06/2026_South Korea vs Czechia,12/06/2026_South Korea vs Czechia_Stephanie Grech,OK,OK,OK,OK,OK,2,1,0,0,0
,b6a758e7-c54f-4dd8-bae1-d2250716587a,46185,Canada vs Bosnia-Herzegovina,Canada vs Bosnia-Herzegovina,Canada,Bosnia-Herzegovina,Canada,2,1,Stephanie Grech,France,12/06/2026_Canada vs Bosnia-Herzegovina,12/06/2026_Canada vs Bosnia-Herzegovina_Stephanie Grech,OK,OK,OK,OK,OK,1,1,0,0,0
,60d92ca1-e10d-4228-9609-22b04502424b,46186,United States vs Paraguay,United States vs Paraguay,United States,Paraguay,United States,2,1,Stephanie Grech,France,13/06/2026_United States vs Paraguay,13/06/2026_United States vs Paraguay_Stephanie Grech,OK,OK,OK,OK,OK,4,1,3,0,3
,279da34e-1faa-46c2-809b-981377f4b23a,46186,Qatar vs Switzerland,Qatar vs Switzerland,Qatar,Switzerland,Switzerland,0,2,Stephanie Grech,France,13/06/2026_Qatar vs Switzerland,13/06/2026_Qatar vs Switzerland_Stephanie Grech,OK,OK,OK,OK,OK,1,1,0,0,0
,e7759e58-9661-49d1-860a-6d427b02448e,46187,Brazil vs Morocco,Brazil vs Morocco,Brazil,Morocco,Brazil,2,1,Stephanie Grech,France,14/06/2026_Brazil vs Morocco,14/06/2026_Brazil vs Morocco_Stephanie Grech,OK,OK,OK,OK,OK,1,1,0,0,0
,6b17dbcd-48f6-497c-a624-59b7ef709bc0,46187,Haiti vs Scotland,Haiti vs Scotland,Haiti,Scotland,Scotland,0,2,Stephanie Grech,France,14/06/2026_Haiti vs Scotland,14/06/2026_Haiti vs Scotland_Stephanie Grech,OK,OK,OK,OK,OK,0,1,3,0,3
,f878050d-8dcb-4004-a019-ff6304aa047f,46187,Australia vs Turkey,Australia vs Turkey,Australia,Turkey,Tie,1,1,Stephanie Grech,France,14/06/2026_Australia vs Turkey,14/06/2026_Australia vs Turkey_Stephanie Grech,OK,OK,OK,OK,OK,2,0,0,0,0
,57d9bb07-1f4d-4f8f-a415-5a919f0d199e,46187,Germany vs Curaçao,Germany vs Curaçao,Germany,Curaçao,Germany,4,0,Stephanie Grech,France,14/06/2026_Germany vs Curaçao,14/06/2026_Germany vs Curaçao_Stephanie Grech,OK,OK,OK,OK,OK,7,1,3,0,3
,8f25624b-5989-4b85-b587-fdb6d7a1c02a,46187,Netherlands vs Japan,Netherlands vs Japan,Netherlands,Japan,Netherlands,2,1,Stephanie Grech,France,14/06/2026_Netherlands vs Japan,14/06/2026_Netherlands vs Japan_Stephanie Grech,OK,OK,OK,OK,OK,2,2,0,0,0
,4b08b4ce-d953-4ead-8b32-5f636e072ce0,46188,Ivory Coast vs Ecuador,Ivory Coast vs Ecuador,Ivory Coast,Ecuador,Tie,1,1,Stephanie Grech,France,15/06/2026_Ivory Coast vs Ecuador,15/06/2026_Ivory Coast vs Ecuador_Stephanie Grech,OK,OK,OK,OK,OK,1,0,0,0,0
,c739a0f0-4676-4e83-84d4-40e73e9e2fd0,46188,Sweden vs Tunisia,Sweden vs Tunisia,Sweden,Tunisia,Sweden,2,0,Stephanie Grech,France,15/06/2026_Sweden vs Tunisia,15/06/2026_Sweden vs Tunisia_Stephanie Grech,OK,OK,OK,OK,OK,5,1,3,0,3
,d05f3064-77c8-4c91-867c-737df9579217,46188,Belgium vs Egypt,Belgium vs Egypt,Belgium,Egypt,Belgium,3,1,Stephanie Grech,France,15/06/2026_Belgium vs Egypt,15/06/2026_Belgium vs Egypt_Stephanie Grech,OK,OK,OK,OK,OK,1,1,0,0,0
,84c5cc87-ecca-4461-9500-5976bc65b86a,46188,Spain vs Cape Verde Islands,Spain vs Cape Verde Islands,Spain,Cape Verde Islands,Spain,3,0,Stephanie Grech,France,15/06/2026_Spain vs Cape Verde Islands,15/06/2026_Spain vs Cape Verde Islands_Stephanie Grech,OK,OK,OK,OK,OK,0,0,0,0,0
,573cf97a-c633-4640-b3c6-a213395a43d7,46189,Saudi Arabia vs Uruguay,Saudi Arabia vs Uruguay,Saudi Arabia,Uruguay,Uruguay,0,2,Stephanie Grech,France,16/06/2026_Saudi Arabia vs Uruguay,16/06/2026_Saudi Arabia vs Uruguay_Stephanie Grech,OK,OK,OK,OK,OK,1,1,0,0,0
,04d56e42-87c8-44d6-83fb-07a4a688a51f,46189,Iran vs New Zealand,Iran vs New Zealand,Iran,New Zealand,Iran,2,1,Stephanie Grech,France,16/06/2026_Iran vs New Zealand,16/06/2026_Iran vs New Zealand_Stephanie Grech,OK,OK,OK,OK,OK,2,2,0,0,0
,41ed744b-18d6-4882-80be-1b741b07be74,46189,France vs Senegal,France vs Senegal,France,Senegal,France,3,1,Stephanie Grech,France,16/06/2026_France vs Senegal,16/06/2026_France vs Senegal_Stephanie Grech,OK,OK,OK,OK,OK,3,1,3,5,8
,a77e8875-9423-422c-9496-c73cc5ebe632,46190,Iraq vs Norway,Iraq vs Norway,Iraq,Norway,Norway,0,2,Stephanie Grech,France,17/06/2026_Iraq vs Norway,17/06/2026_Iraq vs Norway_Stephanie Grech,OK,OK,OK,OK,OK,1,4,3,0,3
,ea9e3c98-b76d-401e-9daf-a6d9fe84a0bb,46190,Argentina vs Algeria,Argentina vs Algeria,Argentina,Algeria,Argentina,3,0,Stephanie Grech,France,17/06/2026_Argentina vs Algeria,17/06/2026_Argentina vs Algeria_Stephanie Grech,OK,OK,OK,OK,OK,3,0,3,5,8
,58be4aad-6f8c-4313-bd7a-554013297b51,46190,Austria vs Jordan,Austria vs Jordan,Austria,Jordan,Austria,2,0,Stephanie Grech,France,17/06/2026_Austria vs Jordan,17/06/2026_Austria vs Jordan_Stephanie Grech,OK,OK,OK,OK,OK,3,1,3,0,3
,31042f7b-5b28-4d12-9e9b-f0e55585d0a3,46190,Portugal vs Congo DR,Portugal vs Congo DR,Portugal,Congo DR,Portugal,3,1,Stephanie Grech,France,17/06/2026_Portugal vs Congo DR,17/06/2026_Portugal vs Congo DR_Stephanie Grech,OK,OK,OK,OK,OK,1,1,0,0,0
,0f33c431-740d-4d2e-a294-c9ea5420fec6,46190,England vs Croatia,England vs Croatia,England,Croatia,Tie,1,1,Stephanie Grech,France,17/06/2026_England vs Croatia,17/06/2026_England vs Croatia_Stephanie Grech,OK,OK,OK,OK,OK,4,2,0,0,0
,4243da50-49b5-415f-a67b-33ebe931e407,46191,Ghana vs Panama,Ghana vs Panama,Ghana,Panama,Ghana,2,0,Stephanie Grech,France,18/06/2026_Ghana vs Panama,18/06/2026_Ghana vs Panama_Stephanie Grech,OK,OK,OK,OK,OK,1,0,3,0,3
,bbf70a7b-b122-418e-b95d-745c852e6cb6,46191,Uzbekistan vs Colombia,Uzbekistan vs Colombia,Uzbekistan,Colombia,Colombia,1,3,Stephanie Grech,France,18/06/2026_Uzbekistan vs Colombia,18/06/2026_Uzbekistan vs Colombia_Stephanie Grech,OK,OK,OK,OK,OK,1,3,3,5,8
,7abecfc5-c679-431d-9ce7-7a3962800daf,46191,Czechia vs South Africa,Czechia vs South Africa,Czechia,South Africa,Czechia,2,1,Stephanie Grech,France,18/06/2026_Czechia vs South Africa,18/06/2026_Czechia vs South Africa_Stephanie Grech,OK,OK,OK,OK,OK,1,1,0,0,0
,ba64fdbb-c966-43fc-bbc4-7463d50cb9b1,46191,Switzerland vs Bosnia-Herzegovina,Switzerland vs Bosnia-Herzegovina,Switzerland,Bosnia-Herzegovina,Switzerland,2,0,Stephanie Grech,France,18/06/2026_Switzerland vs Bosnia-Herzegovina,18/06/2026_Switzerland vs Bosnia-Herzegovina_Stephanie Grech,OK,OK,OK,OK,OK,4,1,3,0,3
,31e1d96b-a649-40ad-b6b2-a8e9448eac9e,46192,Canada vs Qatar,Canada vs Qatar,Canada,Qatar,Canada,2,1,Stephanie Grech,France,19/06/2026_Canada vs Qatar,19/06/2026_Canada vs Qatar_Stephanie Grech,OK,OK,OK,OK,OK,6,0,3,0,3
,d39d0184-510c-46e6-af34-ad04f58cca3e,46192,Mexico vs South Korea,Mexico vs South Korea,Mexico,South Korea,Mexico,2,1,Stephanie Grech,France,19/06/2026_Mexico vs South Korea,19/06/2026_Mexico vs South Korea_Stephanie Grech,OK,OK,OK,OK,OK,1,0,3,0,3
,e5f72665-5c70-4fc4-885f-504b8260d612,46192,United States vs Australia,United States vs Australia,United States,Australia,United States,2,1,Stephanie Grech,France,19/06/2026_United States vs Australia,19/06/2026_United States vs Australia_Stephanie Grech,OK,OK,OK,OK,OK,2,0,3,0,3
,52bedf33-9fec-476b-8251-5d095f1fa5fe,46193,Scotland vs Morocco,Scotland vs Morocco,Scotland,Morocco,Morocco,0,1,Stephanie Grech,France,20/06/2026_Scotland vs Morocco,20/06/2026_Scotland vs Morocco_Stephanie Grech,OK,OK,OK,OK,OK,0,1,3,5,8
,55b134c7-e1d4-410c-b003-d77ef4fe44d5,46193,Brazil vs Haiti,Brazil vs Haiti,Brazil,Haiti,Brazil,4,0,Stephanie Grech,France,20/06/2026_Brazil vs Haiti,20/06/2026_Brazil vs Haiti_Stephanie Grech,OK,OK,OK,OK,OK,3,0,3,0,3
,79ed33b7-887a-42dc-92d1-1a11226a5748,46193,Turkey vs Paraguay,Turkey vs Paraguay,Turkey,Paraguay,Turkey,2,1,Stephanie Grech,France,20/06/2026_Turkey vs Paraguay,20/06/2026_Turkey vs Paraguay_Stephanie Grech,OK,OK,OK,OK,OK,0,1,0,0,0
,666585d6-ca17-4299-bbf9-ba5eabb6315d,46193,Netherlands vs Sweden,Netherlands vs Sweden,Netherlands,Sweden,Tie,1,1,Stephanie Grech,France,20/06/2026_Netherlands vs Sweden,20/06/2026_Netherlands vs Sweden_Stephanie Grech,OK,OK,OK,OK,OK,5,1,0,0,0
,b74b305e-e630-4c12-aeb5-9a4913375a4a,46193,Germany vs Ivory Coast,Germany vs Ivory Coast,Germany,Ivory Coast,Germany,2,1,Stephanie Grech,France,20/06/2026_Germany vs Ivory Coast,20/06/2026_Germany vs Ivory Coast_Stephanie Grech,OK,OK,OK,OK,OK,2,1,3,5,8
,f9e9bee6-5f3c-45a2-8686-48fb96f4a78f,46194,Ecuador vs Curaçao,Ecuador vs Curaçao,Ecuador,Curaçao,Ecuador,2,0,Stephanie Grech,France,21/06/2026_Ecuador vs Curaçao,21/06/2026_Ecuador vs Curaçao_Stephanie Grech,OK,OK,OK,OK,OK,0,0,0,0,0
,e00225c3-1bfb-4c68-ad4d-c366f3c4dbc1,46194,Tunisia vs Japan,Tunisia vs Japan,Tunisia,Japan,Tie,1,1,Stephanie Grech,France,21/06/2026_Tunisia vs Japan,21/06/2026_Tunisia vs Japan_Stephanie Grech,OK,OK,OK,OK,OK,0,4,0,0,0
,8016e31b-8b3f-47aa-9f7d-d1a9fa27e7c5,46194,Spain vs Saudi Arabia,Spain vs Saudi Arabia,Spain,Saudi Arabia,Spain,3,0,Stephanie Grech,France,21/06/2026_Spain vs Saudi Arabia,21/06/2026_Spain vs Saudi Arabia_Stephanie Grech,OK,OK,OK,OK,OK,4,0,3,0,3
,bf40c78f-43d3-4aad-a272-d91da61bcb0a,46194,Belgium vs Iran,Belgium vs Iran,Belgium,Iran,Belgium,2,1,Stephanie Grech,France,21/06/2026_Belgium vs Iran,21/06/2026_Belgium vs Iran_Stephanie Grech,OK,OK,OK,OK,OK,0,0,0,0,0
,c8a1e0e0-a90c-4bea-8094-499ad28a0fe7,46195,Uruguay vs Cape Verde Islands,Uruguay vs Cape Verde Islands,Uruguay,Cape Verde Islands,Uruguay,3,0,Stephanie Grech,France,22/06/2026_Uruguay vs Cape Verde Islands,22/06/2026_Uruguay vs Cape Verde Islands_Stephanie Grech,OK,OK,OK,OK,OK,2,2,0,0,0
,69cb322a-16c6-4da1-9dfd-1649f9a935eb,46195,New Zealand vs Egypt,New Zealand vs Egypt,New Zealand,Egypt,Egypt,0,2,Stephanie Grech,France,22/06/2026_New Zealand vs Egypt,22/06/2026_New Zealand vs Egypt_Stephanie Grech,OK,OK,OK,OK,OK,1,3,3,0,3
,fa9ebae9-1baa-450e-bf04-d5d5aca991ea,46195,Argentina vs Austria,Argentina vs Austria,Argentina,Austria,Argentina,2,0,Stephanie Grech,France,22/06/2026_Argentina vs Austria,22/06/2026_Argentina vs Austria_Stephanie Grech,OK,OK,OK,OK,OK,2,0,3,5,8
,27fa8820-2fa7-443a-9daa-4055a34f7e98,46195,France vs Iraq,France vs Iraq,France,Iraq,France,4,0,Stephanie Grech,France,22/06/2026_France vs Iraq,22/06/2026_France vs Iraq_Stephanie Grech,OK,OK,OK,OK,OK,3,0,3,0,3
,47b8fcb5-8b48-4576-a769-76fae1b19ac4,46196,Norway vs Senegal,Norway vs Senegal,Norway,Senegal,Tie,1,1,Stephanie Grech,France,23/06/2026_Norway vs Senegal,23/06/2026_Norway vs Senegal_Stephanie Grech,OK,OK,OK,OK,OK,3,2,0,0,0
,acf12d48-0b26-4a98-9226-196c1169fc1a,46196,Jordan vs Algeria,Jordan vs Algeria,Jordan,Algeria,Algeria,0,2,Stephanie Grech,France,23/06/2026_Jordan vs Algeria,23/06/2026_Jordan vs Algeria_Stephanie Grech,OK,OK,OK,OK,OK,1,2,3,0,3
,7e1c8cd3-0657-45d6-b9c9-6ca9eeffe965,46196,Portugal vs Uzbekistan,Portugal vs Uzbekistan,Portugal,Uzbekistan,Portugal,2,0,Stephanie Grech,France,23/06/2026_Portugal vs Uzbekistan,23/06/2026_Portugal vs Uzbekistan_Stephanie Grech,OK,OK,OK,OK,OK,5,0,3,0,3
,2ff59863-698c-43c5-a103-81285c3438c6,46196,England vs Ghana,England vs Ghana,England,Ghana,England,2,1,Stephanie Grech,France,23/06/2026_England vs Ghana,23/06/2026_England vs Ghana_Stephanie Grech,OK,OK,OK,OK,OK,0,0,0,0,0
,1fa6416a-e5a0-4f15-93b7-733a8a4f7b68,46197,Panama vs Croatia,Panama vs Croatia,Panama,Croatia,Croatia,0,2,Stephanie Grech,France,24/06/2026_Panama vs Croatia,24/06/2026_Panama vs Croatia_Stephanie Grech,OK,OK,OK,OK,OK,0,1,3,0,3
,88efd5b8-98d6-4799-b52c-09833378e1b7,46197,Colombia vs Congo DR,Colombia vs Congo DR,Colombia,Congo DR,Colombia,2,0,Stephanie Grech,France,24/06/2026_Colombia vs Congo DR,24/06/2026_Colombia vs Congo DR_Stephanie Grech,OK,OK,OK,OK,OK,1,0,3,0,3
,18c6495b-81d8-4e1b-8e61-f5f7af71bf6f,46197,Switzerland vs Canada,Switzerland vs Canada,Switzerland,Canada,Tie,1,1,Stephanie Grech,France,24/06/2026_Switzerland vs Canada,24/06/2026_Switzerland vs Canada_Stephanie Grech,OK,OK,OK,OK,OK,2,1,0,0,0
,530c46b1-7dd7-4ff7-821e-f5a6b6acc2d1,46197,Bosnia-Herzegovina vs Qatar,Bosnia-Herzegovina vs Qatar,Bosnia-Herzegovina,Qatar,Bosnia-Herzegovina,2,1,Stephanie Grech,France,24/06/2026_Bosnia-Herzegovina vs Qatar,24/06/2026_Bosnia-Herzegovina vs Qatar_Stephanie Grech,OK,OK,OK,OK,OK,3,1,3,0,3
,7c585774-c20c-4ad1-a0e5-dba5802e2dd9,46198,Morocco vs Haiti,Morocco vs Haiti,Morocco,Haiti,Morocco,2,0,Stephanie Grech,France,25/06/2026_Morocco vs Haiti,25/06/2026_Morocco vs Haiti_Stephanie Grech,OK,OK,OK,OK,OK,4,2,3,0,3
,101dca05-bf45-4916-9ffa-0ffe18372290,46198,Scotland vs Brazil,Scotland vs Brazil,Scotland,Brazil,Scotland,3,0,Stephanie Grech,France,25/06/2026_Scotland vs Brazil,25/06/2026_Scotland vs Brazil_Stephanie Grech,OK,OK,OK,OK,OK,0,3,0,0,0
,0a1d70ac-688e-4bba-9a7d-63c00f9bf553,46198,South Africa vs South Korea,South Africa vs South Korea,South Africa,South Korea,South Korea,1,2,Stephanie Grech,France,25/06/2026_South Africa vs South Korea,25/06/2026_South Africa vs South Korea_Stephanie Grech,OK,OK,OK,OK,OK,1,0,0,0,0
,af1e1bd4-2b81-4be0-a20b-c9c51c6f531a,46198,Czechia vs Mexico,Czechia vs Mexico,Czechia,Mexico,Mexico,1,2,Stephanie Grech,France,25/06/2026_Czechia vs Mexico,25/06/2026_Czechia vs Mexico_Stephanie Grech,OK,OK,OK,OK,OK,0,3,3,0,3
,521d59ee-8f4e-4215-ac6a-becab05fac0d,46198,Curaçao vs Ivory Coast,Curaçao vs Ivory Coast,Curaçao,Ivory Coast,Ivory Coast,0,2,Stephanie Grech,France,25/06/2026_Curaçao vs Ivory Coast,25/06/2026_Curaçao vs Ivory Coast_Stephanie Grech,OK,OK,OK,OK,OK,0,2,3,5,8
,9d4d78a9-847f-4419-9b2f-f0e2a5b28c2e,46198,Ecuador vs Germany,Ecuador vs Germany,Ecuador,Germany,Germany,1,2,Stephanie Grech,France,25/06/2026_Ecuador vs Germany,25/06/2026_Ecuador vs Germany_Stephanie Grech,OK,OK,OK,OK,OK,2,1,0,0,0
,d38f63bd-b15b-4829-9252-23c0743a6a47,46199,Tunisia vs Netherlands,Tunisia vs Netherlands,Tunisia,Netherlands,Netherlands,1,3,Stephanie Grech,France,26/06/2026_Tunisia vs Netherlands,26/06/2026_Tunisia vs Netherlands_Stephanie Grech,OK,OK,OK,OK,OK,1,3,3,5,8
,06627bb5-1694-4c6d-9b6e-b112cc64a796,46199,Japan vs Sweden,Japan vs Sweden,Japan,Sweden,Sweden,1,2,Stephanie Grech,France,26/06/2026_Japan vs Sweden,26/06/2026_Japan vs Sweden_Stephanie Grech,OK,OK,OK,OK,OK,1,1,0,0,0
,98a84b6f-fa92-4d39-824d-580926e8d3c9,46199,Turkey vs United States,Turkey vs United States,Turkey,United States,Tie,1,1,Stephanie Grech,France,26/06/2026_Turkey vs United States,26/06/2026_Turkey vs United States_Stephanie Grech,OK,OK,OK,OK,OK,3,2,0,0,0
,aee4e606-5e2c-4d4b-978b-2af17e4e4480,46199,Paraguay vs Australia,Paraguay vs Australia,Paraguay,Australia,Australia,1,2,Stephanie Grech,France,26/06/2026_Paraguay vs Australia,26/06/2026_Paraguay vs Australia_Stephanie Grech,OK,OK,OK,OK,OK,0,0,0,0,0
,a1a3e363-0bd6-48b0-90b3-2cf915a0d225,46199,Norway vs France,Norway vs France,Norway,France,France,0,3,Stephanie Grech,France,26/06/2026_Norway vs France,26/06/2026_Norway vs France_Stephanie Grech,OK,OK,OK,OK,OK,1,4,3,0,3
,76e8c325-c397-4330-ab59-965fe264ea78,46199,Senegal vs Iraq,Senegal vs Iraq,Senegal,Iraq,Senegal,2,0,Stephanie Grech,France,26/06/2026_Senegal vs Iraq,26/06/2026_Senegal vs Iraq_Stephanie Grech,OK,OK,OK,OK,OK,5,0,3,0,3
,f4faba99-b7dc-43a9-8e68-cc1798ebf612,46200,Cape Verde Islands vs Saudi Arabia,Cape Verde Islands vs Saudi Arabia,Cape Verde Islands,Saudi Arabia,Tie,1,1,Stephanie Grech,France,27/06/2026_Cape Verde Islands vs Saudi Arabia,27/06/2026_Cape Verde Islands vs Saudi Arabia_Stephanie Grech,OK,OK,OK,OK,OK,0,0,3,0,3
,05b7b59a-2ad9-4514-afa1-aa99227fe2d1,46200,Uruguay vs Spain,Uruguay vs Spain,Uruguay,Spain,Spain,1,2,Stephanie Grech,France,27/06/2026_Uruguay vs Spain,27/06/2026_Uruguay vs Spain_Stephanie Grech,OK,OK,OK,OK,OK,0,1,3,0,3
,4b747bf7-1446-4397-bdb8-f5d95dff9dda,46200,New Zealand vs Belgium,New Zealand vs Belgium,New Zealand,Belgium,Belgium,0,3,Stephanie Grech,France,27/06/2026_New Zealand vs Belgium,27/06/2026_New Zealand vs Belgium_Stephanie Grech,OK,OK,OK,OK,OK,1,5,3,0,3
,5c75b650-0f56-40d1-a13e-ff4eb335141e,46200,Egypt vs Iran,Egypt vs Iran,Egypt,Iran,Tie,1,1,Stephanie Grech,France,27/06/2026_Egypt vs Iran,27/06/2026_Egypt vs Iran_Stephanie Grech,OK,OK,OK,OK,OK,1,1,3,5,8
,9ae75667-0264-4086-b0e5-f3f5ce6687dd,46200,Panama vs England,Panama vs England,Panama,England,England,0,3,Stephanie Grech,France,27/06/2026_Panama vs England,27/06/2026_Panama vs England_Stephanie Grech,OK,OK,OK,OK,OK,0,2,3,0,3
,c2531110-27a7-4216-83df-4af82fe628a7,46200,Croatia vs Ghana,Croatia vs Ghana,Croatia,Ghana,Croatia,2,1,Stephanie Grech,France,27/06/2026_Croatia vs Ghana,27/06/2026_Croatia vs Ghana_Stephanie Grech,OK,OK,OK,OK,OK,2,1,3,5,8
,bf19e05c-59b1-4601-be88-d360893c2730,46201,Colombia vs Portugal,Colombia vs Portugal,Colombia,Portugal,Portugal,1,2,Stephanie Grech,France,28/06/2026_Colombia vs Portugal,28/06/2026_Colombia vs Portugal_Stephanie Grech,OK,OK,OK,OK,OK,0,0,0,0,0
,40d7329b-2b63-4837-8334-ed8ef38ff55b,46201,Congo DR vs Uzbekistan,Congo DR vs Uzbekistan,Congo DR,Uzbekistan,Tie,1,1,Stephanie Grech,France,28/06/2026_Congo DR vs Uzbekistan,28/06/2026_Congo DR vs Uzbekistan_Stephanie Grech,OK,OK,OK,OK,OK,3,1,0,0,0
,528ce07a-b3cf-4158-a985-d573fbeaccc4,46201,Algeria vs Austria,Algeria vs Austria,Algeria,Austria,Tie,1,1,Stephanie Grech,France,28/06/2026_Algeria vs Austria,28/06/2026_Algeria vs Austria_Stephanie Grech,OK,OK,OK,OK,OK,3,3,3,0,3
,68158fa6-f6dd-4b6b-ba2a-e1896441afd6,46201,Jordan vs Argentina,Jordan vs Argentina,Jordan,Argentina,Argentina,0,3,Stephanie Grech,France,28/06/2026_Jordan vs Argentina,28/06/2026_Jordan vs Argentina_Stephanie Grech,OK,OK,OK,OK,OK,1,3,3,0,3
,c525b0f5-ba6c-4ee3-86cf-676481a9e0ee,46184,Mexico vs South Africa,Mexico vs South Africa,Mexico,South Africa,Mexico,3,1,Mario Fountain,Portugal,11/06/2026_Mexico vs South Africa,11/06/2026_Mexico vs South Africa_Mario Fountain,OK,OK,OK,OK,OK,2,0,3,0,3
,02fc38de-6606-4c8d-bd8b-6ef54363863c,46185,South Korea vs Czechia,South Korea vs Czechia,South Korea,Czechia,Tie,1,1,Mario Fountain,Portugal,12/06/2026_South Korea vs Czechia,12/06/2026_South Korea vs Czechia_Mario Fountain,OK,OK,OK,OK,OK,2,1,0,0,0
,a457334d-007d-48f6-80a0-4653e80f895c,46185,Canada vs Bosnia-Herzegovina,Canada vs Bosnia-Herzegovina,Canada,Bosnia-Herzegovina,Bosnia-Herzegovina,1,3,Mario Fountain,Portugal,12/06/2026_Canada vs Bosnia-Herzegovina,12/06/2026_Canada vs Bosnia-Herzegovina_Mario Fountain,OK,OK,OK,OK,OK,1,1,0,0,0
,d96a25be-36ac-46bd-ad1d-e85a03ba2844,46186,United States vs Paraguay,United States vs Paraguay,United States,Paraguay,United States,2,0,Mario Fountain,Portugal,13/06/2026_United States vs Paraguay,13/06/2026_United States vs Paraguay_Mario Fountain,OK,OK,OK,OK,OK,4,1,3,0,3
,39be0335-e0fa-404b-902e-08d8be98d1c3,46186,Qatar vs Switzerland,Qatar vs Switzerland,Qatar,Switzerland,Switzerland,0,3,Mario Fountain,Portugal,13/06/2026_Qatar vs Switzerland,13/06/2026_Qatar vs Switzerland_Mario Fountain,OK,OK,OK,OK,OK,1,1,0,0,0
,ed642341-f767-4505-9877-25994f909af5,46187,Brazil vs Morocco,Brazil vs Morocco,Brazil,Morocco,Brazil,1,0,Mario Fountain,Portugal,14/06/2026_Brazil vs Morocco,14/06/2026_Brazil vs Morocco_Mario Fountain,OK,OK,OK,OK,OK,1,1,0,0,0
,2785239a-f575-41c5-8bd2-8807bf1dd7f7,46187,Haiti vs Scotland,Haiti vs Scotland,Haiti,Scotland,Scotland,0,2,Mario Fountain,Portugal,14/06/2026_Haiti vs Scotland,14/06/2026_Haiti vs Scotland_Mario Fountain,OK,OK,OK,OK,OK,0,1,3,0,3
,24bfc052-7b2e-4d0e-8306-e1afd1aa2e5b,46187,Australia vs Turkey,Australia vs Turkey,Australia,Turkey,Turkey,1,2,Mario Fountain,Portugal,14/06/2026_Australia vs Turkey,14/06/2026_Australia vs Turkey_Mario Fountain,OK,OK,OK,OK,OK,2,0,0,0,0
,cc0a227f-179f-4f82-b3fe-db5f69bd7009,46187,Germany vs Curaçao,Germany vs Curaçao,Germany,Curaçao,Germany,4,0,Mario Fountain,Portugal,14/06/2026_Germany vs Curaçao,14/06/2026_Germany vs Curaçao_Mario Fountain,OK,OK,OK,OK,OK,7,1,3,0,3
,2fb337c7-5ae3-47a2-90ed-920982e5d3c4,46187,Netherlands vs Japan,Netherlands vs Japan,Netherlands,Japan,Netherlands,3,2,Mario Fountain,Portugal,14/06/2026_Netherlands vs Japan,14/06/2026_Netherlands vs Japan_Mario Fountain,OK,OK,OK,OK,OK,2,2,0,0,0
,c5a49a16-35bf-46b3-b0c7-b168638288a3,46188,Ivory Coast vs Ecuador,Ivory Coast vs Ecuador,Ivory Coast,Ecuador,Tie,1,1,Mario Fountain,Portugal,15/06/2026_Ivory Coast vs Ecuador,15/06/2026_Ivory Coast vs Ecuador_Mario Fountain,OK,OK,OK,OK,OK,1,0,0,0,0
,cb23b2cd-9f1e-4bb5-92b8-3ac31bf80285,46188,Sweden vs Tunisia,Sweden vs Tunisia,Sweden,Tunisia,Sweden,2,0,Mario Fountain,Portugal,15/06/2026_Sweden vs Tunisia,15/06/2026_Sweden vs Tunisia_Mario Fountain,OK,OK,OK,OK,OK,5,1,3,0,3
,b0a38a6d-a06b-4100-a45e-8dd5cd260c60,46188,Belgium vs Egypt,Belgium vs Egypt,Belgium,Egypt,Belgium,2,0,Mario Fountain,Portugal,15/06/2026_Belgium vs Egypt,15/06/2026_Belgium vs Egypt_Mario Fountain,OK,OK,OK,OK,OK,1,1,0,0,0
,ae91817a-316e-406e-9513-1b3652994448,46188,Spain vs Cape Verde Islands,Spain vs Cape Verde Islands,Spain,Cape Verde Islands,Spain,3,0,Mario Fountain,Portugal,15/06/2026_Spain vs Cape Verde Islands,15/06/2026_Spain vs Cape Verde Islands_Mario Fountain,OK,OK,OK,OK,OK,0,0,0,0,0
,c16867f9-4ef0-48f4-9edd-4e2fbba5c992,46189,Saudi Arabia vs Uruguay,Saudi Arabia vs Uruguay,Saudi Arabia,Uruguay,Uruguay,0,2,Mario Fountain,Portugal,16/06/2026_Saudi Arabia vs Uruguay,16/06/2026_Saudi Arabia vs Uruguay_Mario Fountain,OK,OK,OK,OK,OK,1,1,0,0,0
,9ee5b642-c108-445d-a017-09d5bf4bb075,46189,Iran vs New Zealand,Iran vs New Zealand,Iran,New Zealand,Iran,2,1,Mario Fountain,Portugal,16/06/2026_Iran vs New Zealand,16/06/2026_Iran vs New Zealand_Mario Fountain,OK,OK,OK,OK,OK,2,2,0,0,0
,0b9c8d2e-d369-4cf8-93aa-a3e6b637fca6,46189,France vs Senegal,France vs Senegal,France,Senegal,France,2,0,Mario Fountain,Portugal,16/06/2026_France vs Senegal,16/06/2026_France vs Senegal_Mario Fountain,OK,OK,OK,OK,OK,3,1,3,0,3
,c3b6768c-7005-4dd1-991a-f2736bb721dd,46190,Iraq vs Norway,Iraq vs Norway,Iraq,Norway,Norway,1,3,Mario Fountain,Portugal,17/06/2026_Iraq vs Norway,17/06/2026_Iraq vs Norway_Mario Fountain,OK,OK,OK,OK,OK,1,4,3,0,3
,c33184fb-caa0-4aa1-88e9-9dc2ff668af4,46190,Argentina vs Algeria,Argentina vs Algeria,Argentina,Algeria,Argentina,3,0,Mario Fountain,Portugal,17/06/2026_Argentina vs Algeria,17/06/2026_Argentina vs Algeria_Mario Fountain,OK,OK,OK,OK,OK,3,0,3,5,8
,41e94b8e-d5dd-4d69-872b-40ead8d522d1,46190,Austria vs Jordan,Austria vs Jordan,Austria,Jordan,Austria,2,0,Mario Fountain,Portugal,17/06/2026_Austria vs Jordan,17/06/2026_Austria vs Jordan_Mario Fountain,OK,OK,OK,OK,OK,3,1,3,0,3
,e5161fc9-d799-417c-ba91-3627e1386439,46190,Portugal vs Congo DR,Portugal vs Congo DR,Portugal,Congo DR,Portugal,3,0,Mario Fountain,Portugal,17/06/2026_Portugal vs Congo DR,17/06/2026_Portugal vs Congo DR_Mario Fountain,OK,OK,OK,OK,OK,1,1,0,0,0
,48be0776-9e39-482a-9345-491f5bf128ff,46190,England vs Croatia,England vs Croatia,England,Croatia,England,1,0,Mario Fountain,Portugal,17/06/2026_England vs Croatia,17/06/2026_England vs Croatia_Mario Fountain,OK,OK,OK,OK,OK,4,2,3,0,3
,2c3d40b8-cd2a-4a01-9c69-94e79adf7c52,46191,Ghana vs Panama,Ghana vs Panama,Ghana,Panama,Ghana,2,0,Mario Fountain,Portugal,18/06/2026_Ghana vs Panama,18/06/2026_Ghana vs Panama_Mario Fountain,OK,OK,OK,OK,OK,1,0,3,0,3
,f42d11b2-f9d1-4f8d-b50f-4e4d19e251d5,46191,Uzbekistan vs Colombia,Uzbekistan vs Colombia,Uzbekistan,Colombia,Colombia,0,2,Mario Fountain,Portugal,18/06/2026_Uzbekistan vs Colombia,18/06/2026_Uzbekistan vs Colombia_Mario Fountain,OK,OK,OK,OK,OK,1,3,3,0,3
,3dc0650b-58e4-4647-a4be-35e076f27a13,46191,Czechia vs South Africa,Czechia vs South Africa,Czechia,South Africa,Tie,1,1,Mario Fountain,Portugal,18/06/2026_Czechia vs South Africa,18/06/2026_Czechia vs South Africa_Mario Fountain,OK,OK,OK,OK,OK,1,1,3,5,8
,17fc70f7-f8b4-444e-a264-580d8eea9030,46191,Switzerland vs Bosnia-Herzegovina,Switzerland vs Bosnia-Herzegovina,Switzerland,Bosnia-Herzegovina,Tie,2,2,Mario Fountain,Portugal,18/06/2026_Switzerland vs Bosnia-Herzegovina,18/06/2026_Switzerland vs Bosnia-Herzegovina_Mario Fountain,OK,OK,OK,OK,OK,4,1,0,0,0
,ad2d1174-b086-46de-afbc-c5d2cd294c53,46192,Canada vs Qatar,Canada vs Qatar,Canada,Qatar,Tie,1,1,Mario Fountain,Portugal,19/06/2026_Canada vs Qatar,19/06/2026_Canada vs Qatar_Mario Fountain,OK,OK,OK,OK,OK,6,0,0,0,0
,ddc0b9ff-73ca-4a80-90b8-52673eda9ac6,46192,Mexico vs South Korea,Mexico vs South Korea,Mexico,South Korea,Tie,0,0,Mario Fountain,Portugal,19/06/2026_Mexico vs South Korea,19/06/2026_Mexico vs South Korea_Mario Fountain,OK,OK,OK,OK,OK,1,0,0,0,0
,7f48c355-dcbb-4df5-8760-656b3079da79,46192,United States vs Australia,United States vs Australia,United States,Australia,Australia,0,1,Mario Fountain,Portugal,19/06/2026_United States vs Australia,19/06/2026_United States vs Australia_Mario Fountain,OK,OK,OK,OK,OK,2,0,0,0,0
,a2af2c2e-9380-4790-9191-7c3525e6f45c,46193,Scotland vs Morocco,Scotland vs Morocco,Scotland,Morocco,Tie,1,1,Mario Fountain,Portugal,20/06/2026_Scotland vs Morocco,20/06/2026_Scotland vs Morocco_Mario Fountain,OK,OK,OK,OK,OK,0,1,0,0,0
,9c73a869-ab88-42b1-8845-2b2a636f8157,46193,Brazil vs Haiti,Brazil vs Haiti,Brazil,Haiti,Brazil,5,0,Mario Fountain,Portugal,20/06/2026_Brazil vs Haiti,20/06/2026_Brazil vs Haiti_Mario Fountain,OK,OK,OK,OK,OK,3,0,3,0,3
,670757c3-6c6d-4904-b99c-75ec25b0e642,46193,Turkey vs Paraguay,Turkey vs Paraguay,Turkey,Paraguay,Turkey,2,0,Mario Fountain,Portugal,20/06/2026_Turkey vs Paraguay,20/06/2026_Turkey vs Paraguay_Mario Fountain,OK,OK,OK,OK,OK,0,1,0,0,0
,48ac9a68-cc18-4d4a-ae92-948efbe469d0,46193,Netherlands vs Sweden,Netherlands vs Sweden,Netherlands,Sweden,Tie,1,1,Mario Fountain,Portugal,20/06/2026_Netherlands vs Sweden,20/06/2026_Netherlands vs Sweden_Mario Fountain,OK,OK,OK,OK,OK,5,1,0,0,0
,d2adbcbd-fda3-4423-99be-104f587f2ae0,46193,Germany vs Ivory Coast,Germany vs Ivory Coast,Germany,Ivory Coast,Germany,3,0,Mario Fountain,Portugal,20/06/2026_Germany vs Ivory Coast,20/06/2026_Germany vs Ivory Coast_Mario Fountain,OK,OK,OK,OK,OK,2,1,3,0,3
,b8201deb-49b9-4c40-8c1c-40a83de843db,46194,Ecuador vs Curaçao,Ecuador vs Curaçao,Ecuador,Curaçao,Ecuador,2,0,Mario Fountain,Portugal,21/06/2026_Ecuador vs Curaçao,21/06/2026_Ecuador vs Curaçao_Mario Fountain,OK,OK,OK,OK,OK,0,0,0,0,0
,45eb557b-227e-4c27-8140-5598697e6738,46194,Tunisia vs Japan,Tunisia vs Japan,Tunisia,Japan,Japan,0,1,Mario Fountain,Portugal,21/06/2026_Tunisia vs Japan,21/06/2026_Tunisia vs Japan_Mario Fountain,OK,OK,OK,OK,OK,0,4,3,0,3
,5fb29685-2a6f-4486-8eac-9567f8c6513d,46194,Spain vs Saudi Arabia,Spain vs Saudi Arabia,Spain,Saudi Arabia,Spain,3,0,Mario Fountain,Portugal,21/06/2026_Spain vs Saudi Arabia,21/06/2026_Spain vs Saudi Arabia_Mario Fountain,OK,OK,OK,OK,OK,4,0,3,0,3
,d1c3713f-fac8-491c-8486-950e7dd94bc5,46194,Belgium vs Iran,Belgium vs Iran,Belgium,Iran,Tie,1,1,Mario Fountain,Portugal,21/06/2026_Belgium vs Iran,21/06/2026_Belgium vs Iran_Mario Fountain,OK,OK,OK,OK,OK,0,0,3,0,3
,53ce96e5-a1b4-4b9b-bb04-d8b8230c92fa,46195,Uruguay vs Cape Verde Islands,Uruguay vs Cape Verde Islands,Uruguay,Cape Verde Islands,Uruguay,3,0,Mario Fountain,Portugal,22/06/2026_Uruguay vs Cape Verde Islands,22/06/2026_Uruguay vs Cape Verde Islands_Mario Fountain,OK,OK,OK,OK,OK,2,2,0,0,0
,e6c37f0b-f9f7-4cb2-8bbe-6242957ff8c6,46195,New Zealand vs Egypt,New Zealand vs Egypt,New Zealand,Egypt,Tie,1,1,Mario Fountain,Portugal,22/06/2026_New Zealand vs Egypt,22/06/2026_New Zealand vs Egypt_Mario Fountain,OK,OK,OK,OK,OK,1,3,0,0,0
,9ab2a912-5a19-4876-a1df-8db63e61372a,46195,Argentina vs Austria,Argentina vs Austria,Argentina,Austria,Argentina,2,0,Mario Fountain,Portugal,22/06/2026_Argentina vs Austria,22/06/2026_Argentina vs Austria_Mario Fountain,OK,OK,OK,OK,OK,2,0,3,5,8
,05cd9cc9-7b23-4467-9468-ccad2e95fd26,46195,France vs Iraq,France vs Iraq,France,Iraq,France,3,0,Mario Fountain,Portugal,22/06/2026_France vs Iraq,22/06/2026_France vs Iraq_Mario Fountain,OK,OK,OK,OK,OK,3,0,3,5,8
,79b1a0e1-6ab6-45dd-aa25-7d201e46933e,46196,Norway vs Senegal,Norway vs Senegal,Norway,Senegal,Tie,1,1,Mario Fountain,Portugal,23/06/2026_Norway vs Senegal,23/06/2026_Norway vs Senegal_Mario Fountain,OK,OK,OK,OK,OK,3,2,0,0,0
,089fd0ee-acda-49f8-8d31-e894d495b8e0,46196,Jordan vs Algeria,Jordan vs Algeria,Jordan,Algeria,Tie,1,1,Mario Fountain,Portugal,23/06/2026_Jordan vs Algeria,23/06/2026_Jordan vs Algeria_Mario Fountain,OK,OK,OK,OK,OK,1,2,0,0,0
,5da7c94a-fa70-42ea-a950-1e99071818ae,46196,Portugal vs Uzbekistan,Portugal vs Uzbekistan,Portugal,Uzbekistan,Portugal,3,0,Mario Fountain,Portugal,23/06/2026_Portugal vs Uzbekistan,23/06/2026_Portugal vs Uzbekistan_Mario Fountain,OK,OK,OK,OK,OK,5,0,3,0,3
,5a3a3fbe-ca79-4566-87e0-b3d61128c653,46196,England vs Ghana,England vs Ghana,England,Ghana,England,2,0,Mario Fountain,Portugal,23/06/2026_England vs Ghana,23/06/2026_England vs Ghana_Mario Fountain,OK,OK,OK,OK,OK,0,0,0,0,0
,2f35f014-4590-4d57-b5fd-ab4a84b12a41,46197,Panama vs Croatia,Panama vs Croatia,Panama,Croatia,Croatia,1,2,Mario Fountain,Portugal,24/06/2026_Panama vs Croatia,24/06/2026_Panama vs Croatia_Mario Fountain,OK,OK,OK,OK,OK,0,1,3,0,3
,a6d20ca0-9f8d-4b0f-ae43-560646857097,46197,Colombia vs Congo DR,Colombia vs Congo DR,Colombia,Congo DR,Colombia,2,0,Mario Fountain,Portugal,24/06/2026_Colombia vs Congo DR,24/06/2026_Colombia vs Congo DR_Mario Fountain,OK,OK,OK,OK,OK,1,0,3,0,3
,00044508-26f4-4754-acb1-ca4810564a74,46197,Switzerland vs Canada,Switzerland vs Canada,Switzerland,Canada,Tie,0,0,Mario Fountain,Portugal,24/06/2026_Switzerland vs Canada,24/06/2026_Switzerland vs Canada_Mario Fountain,OK,OK,OK,OK,OK,2,1,0,0,0
,9076cbe3-bcb6-42f1-a9f9-a8d48e0726ea,46197,Bosnia-Herzegovina vs Qatar,Bosnia-Herzegovina vs Qatar,Bosnia-Herzegovina,Qatar,Bosnia-Herzegovina,2,0,Mario Fountain,Portugal,24/06/2026_Bosnia-Herzegovina vs Qatar,24/06/2026_Bosnia-Herzegovina vs Qatar_Mario Fountain,OK,OK,OK,OK,OK,3,1,3,0,3
,704689bd-79cf-43c9-bafa-0306cd0b0125,46198,Morocco vs Haiti,Morocco vs Haiti,Morocco,Haiti,Morocco,3,0,Mario Fountain,Portugal,25/06/2026_Morocco vs Haiti,25/06/2026_Morocco vs Haiti_Mario Fountain,OK,OK,OK,OK,OK,4,2,3,0,3
,d86ca173-3c56-4ccf-992e-84da30763fb1,46198,Scotland vs Brazil,Scotland vs Brazil,Scotland,Brazil,Brazil,1,3,Mario Fountain,Portugal,25/06/2026_Scotland vs Brazil,25/06/2026_Scotland vs Brazil_Mario Fountain,OK,OK,OK,OK,OK,0,3,3,0,3
,ad6a53cb-1070-4be5-ad26-1ae341d6c8f7,46198,South Africa vs South Korea,South Africa vs South Korea,South Africa,South Korea,Tie,1,1,Mario Fountain,Portugal,25/06/2026_South Africa vs South Korea,25/06/2026_South Africa vs South Korea_Mario Fountain,OK,OK,OK,OK,OK,1,0,0,0,0
,ebf1ec65-b976-49a5-9be2-c42d4cefc721,46198,Czechia vs Mexico,Czechia vs Mexico,Czechia,Mexico,Tie,1,1,Mario Fountain,Portugal,25/06/2026_Czechia vs Mexico,25/06/2026_Czechia vs Mexico_Mario Fountain,OK,OK,OK,OK,OK,0,3,0,0,0
,7dc759be-8e5e-458d-a54e-f08c55f8ff16,46198,Curaçao vs Ivory Coast,Curaçao vs Ivory Coast,Curaçao,Ivory Coast,Ivory Coast,0,2,Mario Fountain,Portugal,25/06/2026_Curaçao vs Ivory Coast,25/06/2026_Curaçao vs Ivory Coast_Mario Fountain,OK,OK,OK,OK,OK,0,2,3,5,8
,efb87cad-1d05-4105-90ba-d1cd413cab13,46198,Ecuador vs Germany,Ecuador vs Germany,Ecuador,Germany,Tie,1,1,Mario Fountain,Portugal,25/06/2026_Ecuador vs Germany,25/06/2026_Ecuador vs Germany_Mario Fountain,OK,OK,OK,OK,OK,2,1,0,0,0
,08030e64-9bde-408f-bf44-4f98a8b78473,46199,Tunisia vs Netherlands,Tunisia vs Netherlands,Tunisia,Netherlands,Netherlands,0,2,Mario Fountain,Portugal,26/06/2026_Tunisia vs Netherlands,26/06/2026_Tunisia vs Netherlands_Mario Fountain,OK,OK,OK,OK,OK,1,3,3,0,3
,96881cb0-561d-48c2-b588-af7e9a36fbe5,46199,Japan vs Sweden,Japan vs Sweden,Japan,Sweden,Tie,0,0,Mario Fountain,Portugal,26/06/2026_Japan vs Sweden,26/06/2026_Japan vs Sweden_Mario Fountain,OK,OK,OK,OK,OK,1,1,3,0,3
,eb6609e3-9e88-4b19-8f1d-aada0fcf4a80,46199,Turkey vs United States,Turkey vs United States,Turkey,United States,Turkey,1,0,Mario Fountain,Portugal,26/06/2026_Turkey vs United States,26/06/2026_Turkey vs United States_Mario Fountain,OK,OK,OK,OK,OK,3,2,3,0,3
,f1b2ce68-39ff-4b2f-9ec6-da8c076e59b7,46199,Paraguay vs Australia,Paraguay vs Australia,Paraguay,Australia,Australia,1,2,Mario Fountain,Portugal,26/06/2026_Paraguay vs Australia,26/06/2026_Paraguay vs Australia_Mario Fountain,OK,OK,OK,OK,OK,0,0,0,0,0
,12b75f43-9b66-477c-ac4b-8fc588c17def,46199,Norway vs France,Norway vs France,Norway,France,Tie,1,1,Mario Fountain,Portugal,26/06/2026_Norway vs France,26/06/2026_Norway vs France_Mario Fountain,OK,OK,OK,OK,OK,1,4,0,0,0
,326c70e5-a312-429c-832e-e52672bf393c,46199,Senegal vs Iraq,Senegal vs Iraq,Senegal,Iraq,Senegal,2,1,Mario Fountain,Portugal,26/06/2026_Senegal vs Iraq,26/06/2026_Senegal vs Iraq_Mario Fountain,OK,OK,OK,OK,OK,5,0,3,0,3
,85e55807-d907-4b77-b6ff-52d05f37f26d,46200,Cape Verde Islands vs Saudi Arabia,Cape Verde Islands vs Saudi Arabia,Cape Verde Islands,Saudi Arabia,Tie,1,1,Mario Fountain,Portugal,27/06/2026_Cape Verde Islands vs Saudi Arabia,27/06/2026_Cape Verde Islands vs Saudi Arabia_Mario Fountain,OK,OK,OK,OK,OK,0,0,3,0,3
,af960b3c-bbe4-427e-9633-a488277cb550,46200,Uruguay vs Spain,Uruguay vs Spain,Uruguay,Spain,Tie,1,1,Mario Fountain,Portugal,27/06/2026_Uruguay vs Spain,27/06/2026_Uruguay vs Spain_Mario Fountain,OK,OK,OK,OK,OK,0,1,0,0,0
,400d2c91-c302-45c1-81dc-5d65dbaca2dd,46200,New Zealand vs Belgium,New Zealand vs Belgium,New Zealand,Belgium,Belgium,0,2,Mario Fountain,Portugal,27/06/2026_New Zealand vs Belgium,27/06/2026_New Zealand vs Belgium_Mario Fountain,OK,OK,OK,OK,OK,1,5,3,0,3
,616c3c85-ad32-4e0d-8f43-b3b1b831a40f,46200,Egypt vs Iran,Egypt vs Iran,Egypt,Iran,Iran,0,1,Mario Fountain,Portugal,27/06/2026_Egypt vs Iran,27/06/2026_Egypt vs Iran_Mario Fountain,OK,OK,OK,OK,OK,1,1,0,0,0
,a214e377-6c5b-4eef-88ad-26ccf5967dfa,46200,Panama vs England,Panama vs England,Panama,England,England,0,3,Mario Fountain,Portugal,27/06/2026_Panama vs England,27/06/2026_Panama vs England_Mario Fountain,OK,OK,OK,OK,OK,0,2,3,0,3
,11dd7306-2138-40ed-80b4-66d31e1344b5,46200,Croatia vs Ghana,Croatia vs Ghana,Croatia,Ghana,Tie,1,1,Mario Fountain,Portugal,27/06/2026_Croatia vs Ghana,27/06/2026_Croatia vs Ghana_Mario Fountain,OK,OK,OK,OK,OK,2,1,0,0,0
,32d0936a-f53c-4945-a988-c82ed98ded3a,46201,Colombia vs Portugal,Colombia vs Portugal,Colombia,Portugal,Tie,1,1,Mario Fountain,Portugal,28/06/2026_Colombia vs Portugal,28/06/2026_Colombia vs Portugal_Mario Fountain,OK,OK,OK,OK,OK,0,0,3,0,3
,4484c5ac-12d2-408c-982d-bcbcbd40a631,46201,Congo DR vs Uzbekistan,Congo DR vs Uzbekistan,Congo DR,Uzbekistan,Tie,2,2,Mario Fountain,Portugal,28/06/2026_Congo DR vs Uzbekistan,28/06/2026_Congo DR vs Uzbekistan_Mario Fountain,OK,OK,OK,OK,OK,3,1,0,0,0
,052f26a4-8f01-474f-98e6-a09cc3bb08a2,46201,Algeria vs Austria,Algeria vs Austria,Algeria,Austria,Austria,1,2,Mario Fountain,Portugal,28/06/2026_Algeria vs Austria,28/06/2026_Algeria vs Austria_Mario Fountain,OK,OK,OK,OK,OK,3,3,0,0,0
,425588c9-4a93-4812-bf07-d3c95351b406,46201,Jordan vs Argentina,Jordan vs Argentina,Jordan,Argentina,Argentina,0,4,Mario Fountain,Portugal,28/06/2026_Jordan vs Argentina,28/06/2026_Jordan vs Argentina_Mario Fountain,OK,OK,OK,OK,OK,1,3,3,0,3
,1fd7f2b1-2750-420d-9872-5f1d17e0e585,46184,Mexico vs South Africa,Mexico vs South Africa,Mexico,South Africa,Mexico,3,0,Maximilian Galea,England,11/06/2026_Mexico vs South Africa,11/06/2026_Mexico vs South Africa_Maximilian Galea,OK,OK,OK,OK,OK,2,0,3,0,3
,862b038f-a745-4238-8401-dc7d5f143352,46185,South Korea vs Czechia,South Korea vs Czechia,South Korea,Czechia,Czechia,0,2,Maximilian Galea,England,12/06/2026_South Korea vs Czechia,12/06/2026_South Korea vs Czechia_Maximilian Galea,OK,OK,OK,OK,OK,2,1,0,0,0
,5a33a74c-18f7-43bf-99b7-07b039a7d4b1,46185,Canada vs Bosnia-Herzegovina,Canada vs Bosnia-Herzegovina,Canada,Bosnia-Herzegovina,Bosnia-Herzegovina,0,1,Maximilian Galea,England,12/06/2026_Canada vs Bosnia-Herzegovina,12/06/2026_Canada vs Bosnia-Herzegovina_Maximilian Galea,OK,OK,OK,OK,OK,1,1,0,0,0
,3e38fedd-b010-4356-b818-f8e98210dc15,46186,United States vs Paraguay,United States vs Paraguay,United States,Paraguay,United States,2,1,Maximilian Galea,England,13/06/2026_United States vs Paraguay,13/06/2026_United States vs Paraguay_Maximilian Galea,OK,OK,OK,OK,OK,4,1,3,0,3
,b6645636-44be-4de8-89e5-e603b2825d80,46186,Qatar vs Switzerland,Qatar vs Switzerland,Qatar,Switzerland,Switzerland,0,2,Maximilian Galea,England,13/06/2026_Qatar vs Switzerland,13/06/2026_Qatar vs Switzerland_Maximilian Galea,OK,OK,OK,OK,OK,1,1,0,0,0
,3da35112-3ac2-4a77-b85a-cfe89d43b3ed,46187,Brazil vs Morocco,Brazil vs Morocco,Brazil,Morocco,Brazil,3,0,Maximilian Galea,England,14/06/2026_Brazil vs Morocco,14/06/2026_Brazil vs Morocco_Maximilian Galea,OK,OK,OK,OK,OK,1,1,0,0,0
,755c041d-d37f-41a4-b9bc-1eebc68ddb42,46187,Haiti vs Scotland,Haiti vs Scotland,Haiti,Scotland,Scotland,1,2,Maximilian Galea,England,14/06/2026_Haiti vs Scotland,14/06/2026_Haiti vs Scotland_Maximilian Galea,OK,OK,OK,OK,OK,0,1,3,0,3
,703eb45f-13ff-4e53-95e5-c65e36f776e3,46187,Australia vs Turkey,Australia vs Turkey,Australia,Turkey,Turkey,0,2,Maximilian Galea,England,14/06/2026_Australia vs Turkey,14/06/2026_Australia vs Turkey_Maximilian Galea,OK,OK,OK,OK,OK,2,0,0,0,0
,c35451a9-66c3-46f8-9ab1-502b51752016,46187,Germany vs Curaçao,Germany vs Curaçao,Germany,Curaçao,Germany,3,0,Maximilian Galea,England,14/06/2026_Germany vs Curaçao,14/06/2026_Germany vs Curaçao_Maximilian Galea,OK,OK,OK,OK,OK,7,1,3,0,3
,eb305242-566f-4b56-8e72-ed457d407a5d,46187,Netherlands vs Japan,Netherlands vs Japan,Netherlands,Japan,Netherlands,2,1,Maximilian Galea,England,14/06/2026_Netherlands vs Japan,14/06/2026_Netherlands vs Japan_Maximilian Galea,OK,OK,OK,OK,OK,2,2,0,0,0
,f6339c77-6819-4c76-ae17-cbecf145c778,46188,Ivory Coast vs Ecuador,Ivory Coast vs Ecuador,Ivory Coast,Ecuador,Tie,0,0,Maximilian Galea,England,15/06/2026_Ivory Coast vs Ecuador,15/06/2026_Ivory Coast vs Ecuador_Maximilian Galea,OK,OK,OK,OK,OK,1,0,0,0,0
,01f4a711-6583-4fc8-85e4-7fde44f4f563,46188,Sweden vs Tunisia,Sweden vs Tunisia,Sweden,Tunisia,Sweden,1,0,Maximilian Galea,England,15/06/2026_Sweden vs Tunisia,15/06/2026_Sweden vs Tunisia_Maximilian Galea,OK,OK,OK,OK,OK,5,1,3,0,3
,0bbcbd7e-5d9a-4ac1-816f-464d8693b3a3,46188,Belgium vs Egypt,Belgium vs Egypt,Belgium,Egypt,Belgium,2,1,Maximilian Galea,England,15/06/2026_Belgium vs Egypt,15/06/2026_Belgium vs Egypt_Maximilian Galea,OK,OK,OK,OK,OK,1,1,0,0,0
,3895de92-6ea7-4264-855e-68b41f28effe,46188,Spain vs Cape Verde Islands,Spain vs Cape Verde Islands,Spain,Cape Verde Islands,Spain,3,0,Maximilian Galea,England,15/06/2026_Spain vs Cape Verde Islands,15/06/2026_Spain vs Cape Verde Islands_Maximilian Galea,OK,OK,OK,OK,OK,0,0,0,0,0
,afdd32df-38ad-4f53-a972-e4ec13e643ff,46189,Saudi Arabia vs Uruguay,Saudi Arabia vs Uruguay,Saudi Arabia,Uruguay,Uruguay,0,2,Maximilian Galea,England,16/06/2026_Saudi Arabia vs Uruguay,16/06/2026_Saudi Arabia vs Uruguay_Maximilian Galea,OK,OK,OK,OK,OK,1,1,0,0,0
,aad90cf5-b3b2-4cff-a58b-3f15364ea9a1,46189,Iran vs New Zealand,Iran vs New Zealand,Iran,New Zealand,Iran,1,0,Maximilian Galea,England,16/06/2026_Iran vs New Zealand,16/06/2026_Iran vs New Zealand_Maximilian Galea,OK,OK,OK,OK,OK,2,2,0,0,0
,efb3b55f-4930-4a91-b797-6af7f23d2b93,46189,France vs Senegal,France vs Senegal,France,Senegal,France,2,1,Maximilian Galea,England,16/06/2026_France vs Senegal,16/06/2026_France vs Senegal_Maximilian Galea,OK,OK,OK,OK,OK,3,1,3,0,3
,f76979ac-5a11-4060-bc57-b0ff2f8877d7,46190,Iraq vs Norway,Iraq vs Norway,Iraq,Norway,Norway,0,2,Maximilian Galea,England,17/06/2026_Iraq vs Norway,17/06/2026_Iraq vs Norway_Maximilian Galea,OK,OK,OK,OK,OK,1,4,3,0,3
,3774a189-b8c0-45eb-8411-e513f35c5d7c,46190,Argentina vs Algeria,Argentina vs Algeria,Argentina,Algeria,Argentina,2,0,Maximilian Galea,England,17/06/2026_Argentina vs Algeria,17/06/2026_Argentina vs Algeria_Maximilian Galea,OK,OK,OK,OK,OK,3,0,3,0,3
,a1448345-14c7-44fc-bc76-895ec8bf1e91,46190,Austria vs Jordan,Austria vs Jordan,Austria,Jordan,Austria,1,0,Maximilian Galea,England,17/06/2026_Austria vs Jordan,17/06/2026_Austria vs Jordan_Maximilian Galea,OK,OK,OK,OK,OK,3,1,3,0,3
,48dc8137-e906-40b9-9d4b-c0352e6bafc0,46190,Portugal vs Congo DR,Portugal vs Congo DR,Portugal,Congo DR,Portugal,1,0,Maximilian Galea,England,17/06/2026_Portugal vs Congo DR,17/06/2026_Portugal vs Congo DR_Maximilian Galea,OK,OK,OK,OK,OK,1,1,0,0,0
,f8c70b69-2690-4933-b602-ffb977b5317d,46190,England vs Croatia,England vs Croatia,England,Croatia,England,1,0,Maximilian Galea,England,17/06/2026_England vs Croatia,17/06/2026_England vs Croatia_Maximilian Galea,OK,OK,OK,OK,OK,4,2,3,0,3
,60e8b6b0-d922-4bbd-ac09-61ee377caba1,46191,Ghana vs Panama,Ghana vs Panama,Ghana,Panama,Ghana,1,0,Maximilian Galea,England,18/06/2026_Ghana vs Panama,18/06/2026_Ghana vs Panama_Maximilian Galea,OK,OK,OK,OK,OK,1,0,3,5,8
,9be56489-519a-4cd2-aff8-0ebbebde5b03,46191,Uzbekistan vs Colombia,Uzbekistan vs Colombia,Uzbekistan,Colombia,Colombia,0,2,Maximilian Galea,England,18/06/2026_Uzbekistan vs Colombia,18/06/2026_Uzbekistan vs Colombia_Maximilian Galea,OK,OK,OK,OK,OK,1,3,3,0,3
,6fecc9cf-5f6b-4fc0-b4c3-a086a5238b33,46191,Czechia vs South Africa,Czechia vs South Africa,Czechia,South Africa,Czechia,2,0,Maximilian Galea,England,18/06/2026_Czechia vs South Africa,18/06/2026_Czechia vs South Africa_Maximilian Galea,OK,OK,OK,OK,OK,1,1,0,0,0
,d1fb1223-f926-4551-ba06-2855002893d5,46191,Switzerland vs Bosnia-Herzegovina,Switzerland vs Bosnia-Herzegovina,Switzerland,Bosnia-Herzegovina,Switzerland,2,1,Maximilian Galea,England,18/06/2026_Switzerland vs Bosnia-Herzegovina,18/06/2026_Switzerland vs Bosnia-Herzegovina_Maximilian Galea,OK,OK,OK,OK,OK,4,1,3,0,3
,29bf371c-eef0-4595-b372-2b017bcd29d7,46192,Canada vs Qatar,Canada vs Qatar,Canada,Qatar,Qatar,0,1,Maximilian Galea,England,19/06/2026_Canada vs Qatar,19/06/2026_Canada vs Qatar_Maximilian Galea,OK,OK,OK,OK,OK,6,0,0,0,0
,1cc10322-0e12-45a4-a1c5-e8cee27a3ab6,46192,Mexico vs South Korea,Mexico vs South Korea,Mexico,South Korea,Mexico,3,1,Maximilian Galea,England,19/06/2026_Mexico vs South Korea,19/06/2026_Mexico vs South Korea_Maximilian Galea,OK,OK,OK,OK,OK,1,0,3,0,3
,5d74f5ba-db5d-453a-bbf2-7efeb6071b8c,46192,United States vs Australia,United States vs Australia,United States,Australia,United States,2,0,Maximilian Galea,England,19/06/2026_United States vs Australia,19/06/2026_United States vs Australia_Maximilian Galea,OK,OK,OK,OK,OK,2,0,3,5,8
,9f81d655-18e6-450c-b695-79208dcf0be4,46193,Scotland vs Morocco,Scotland vs Morocco,Scotland,Morocco,Tie,1,1,Maximilian Galea,England,20/06/2026_Scotland vs Morocco,20/06/2026_Scotland vs Morocco_Maximilian Galea,OK,OK,OK,OK,OK,0,1,0,0,0
,e6047512-39dc-4f1c-a14a-a3c112464d5c,46193,Brazil vs Haiti,Brazil vs Haiti,Brazil,Haiti,Brazil,3,0,Maximilian Galea,England,20/06/2026_Brazil vs Haiti,20/06/2026_Brazil vs Haiti_Maximilian Galea,OK,OK,OK,OK,OK,3,0,3,5,8
,4c27259a-0404-4608-9d50-c2824b173fce,46193,Turkey vs Paraguay,Turkey vs Paraguay,Turkey,Paraguay,Tie,2,2,Maximilian Galea,England,20/06/2026_Turkey vs Paraguay,20/06/2026_Turkey vs Paraguay_Maximilian Galea,OK,OK,OK,OK,OK,0,1,0,0,0
,5bc3f660-e4e4-4e95-8a6c-ed24e76cb42c,46193,Netherlands vs Sweden,Netherlands vs Sweden,Netherlands,Sweden,Netherlands,2,1,Maximilian Galea,England,20/06/2026_Netherlands vs Sweden,20/06/2026_Netherlands vs Sweden_Maximilian Galea,OK,OK,OK,OK,OK,5,1,3,0,3
,16f431f0-0429-4266-aaf7-11fab99f2ae9,46193,Germany vs Ivory Coast,Germany vs Ivory Coast,Germany,Ivory Coast,Germany,2,0,Maximilian Galea,England,20/06/2026_Germany vs Ivory Coast,20/06/2026_Germany vs Ivory Coast_Maximilian Galea,OK,OK,OK,OK,OK,2,1,3,0,3
,d60f60cf-f008-4e7c-ba25-57ef4fc8d75d,46194,Ecuador vs Curaçao,Ecuador vs Curaçao,Ecuador,Curaçao,Ecuador,1,0,Maximilian Galea,England,21/06/2026_Ecuador vs Curaçao,21/06/2026_Ecuador vs Curaçao_Maximilian Galea,OK,OK,OK,OK,OK,0,0,0,0,0
,02b1383b-6e58-4621-b87d-6347a39a8ac2,46194,Tunisia vs Japan,Tunisia vs Japan,Tunisia,Japan,Japan,1,2,Maximilian Galea,England,21/06/2026_Tunisia vs Japan,21/06/2026_Tunisia vs Japan_Maximilian Galea,OK,OK,OK,OK,OK,0,4,3,0,3
,9258b421-31b3-464c-b05a-043d5223b7f8,46194,Spain vs Saudi Arabia,Spain vs Saudi Arabia,Spain,Saudi Arabia,Spain,3,0,Maximilian Galea,England,21/06/2026_Spain vs Saudi Arabia,21/06/2026_Spain vs Saudi Arabia_Maximilian Galea,OK,OK,OK,OK,OK,4,0,3,0,3
,f8202fbc-bc5c-4bf0-8e6f-7eb74df94204,46194,Belgium vs Iran,Belgium vs Iran,Belgium,Iran,Belgium,2,0,Maximilian Galea,England,21/06/2026_Belgium vs Iran,21/06/2026_Belgium vs Iran_Maximilian Galea,OK,OK,OK,OK,OK,0,0,0,0,0
,d0a696d9-7e4f-42d8-9b7d-e9ee8850ff05,46195,Uruguay vs Cape Verde Islands,Uruguay vs Cape Verde Islands,Uruguay,Cape Verde Islands,Uruguay,3,0,Maximilian Galea,England,22/06/2026_Uruguay vs Cape Verde Islands,22/06/2026_Uruguay vs Cape Verde Islands_Maximilian Galea,OK,OK,OK,OK,OK,2,2,0,0,0
,909e7f79-1c26-4ad0-ae9f-ff11b05888d4,46195,New Zealand vs Egypt,New Zealand vs Egypt,New Zealand,Egypt,Egypt,0,2,Maximilian Galea,England,22/06/2026_New Zealand vs Egypt,22/06/2026_New Zealand vs Egypt_Maximilian Galea,OK,OK,OK,OK,OK,1,3,3,0,3
,689d278c-cdc4-4821-b9c7-0280354b5044,46195,Argentina vs Austria,Argentina vs Austria,Argentina,Austria,Argentina,3,1,Maximilian Galea,England,22/06/2026_Argentina vs Austria,22/06/2026_Argentina vs Austria_Maximilian Galea,OK,OK,OK,OK,OK,2,0,3,0,3
,b721e26e-b583-40e0-a296-862c0c3e1a91,46195,France vs Iraq,France vs Iraq,France,Iraq,France,3,0,Maximilian Galea,England,22/06/2026_France vs Iraq,22/06/2026_France vs Iraq_Maximilian Galea,OK,OK,OK,OK,OK,3,0,3,5,8
,5a3be64f-a608-4d18-b035-c6ed0e4b6de0,46196,Norway vs Senegal,Norway vs Senegal,Norway,Senegal,Norway,1,0,Maximilian Galea,England,23/06/2026_Norway vs Senegal,23/06/2026_Norway vs Senegal_Maximilian Galea,OK,OK,OK,OK,OK,3,2,3,0,3
,89ab8b5d-e1ee-4d83-877f-d7c37646ab14,46196,Jordan vs Algeria,Jordan vs Algeria,Jordan,Algeria,Tie,1,1,Maximilian Galea,England,23/06/2026_Jordan vs Algeria,23/06/2026_Jordan vs Algeria_Maximilian Galea,OK,OK,OK,OK,OK,1,2,0,0,0
,c1b2a862-0c5f-426c-a10d-c7ccdb717376,46196,Portugal vs Uzbekistan,Portugal vs Uzbekistan,Portugal,Uzbekistan,Portugal,3,0,Maximilian Galea,England,23/06/2026_Portugal vs Uzbekistan,23/06/2026_Portugal vs Uzbekistan_Maximilian Galea,OK,OK,OK,OK,OK,5,0,3,0,3
,50a6f3df-16b0-4dea-9cf3-4eb0c36f8e3d,46196,England vs Ghana,England vs Ghana,England,Ghana,England,2,1,Maximilian Galea,England,23/06/2026_England vs Ghana,23/06/2026_England vs Ghana_Maximilian Galea,OK,OK,OK,OK,OK,0,0,0,0,0
,f740efaf-f867-4140-b610-0348a6db4262,46197,Panama vs Croatia,Panama vs Croatia,Panama,Croatia,Croatia,0,2,Maximilian Galea,England,24/06/2026_Panama vs Croatia,24/06/2026_Panama vs Croatia_Maximilian Galea,OK,OK,OK,OK,OK,0,1,3,0,3
,b8485366-d4f6-4a2d-b6cd-bf75080c4f0a,46197,Colombia vs Congo DR,Colombia vs Congo DR,Colombia,Congo DR,Colombia,2,1,Maximilian Galea,England,24/06/2026_Colombia vs Congo DR,24/06/2026_Colombia vs Congo DR_Maximilian Galea,OK,OK,OK,OK,OK,1,0,3,0,3
,56352010-cd7e-4d30-9429-5e3e13c88599,46197,Switzerland vs Canada,Switzerland vs Canada,Switzerland,Canada,Switzerland,2,0,Maximilian Galea,England,24/06/2026_Switzerland vs Canada,24/06/2026_Switzerland vs Canada_Maximilian Galea,OK,OK,OK,OK,OK,2,1,3,0,3
,2fbb65c4-6dc4-4f5a-934c-c5fee93e7469,46197,Bosnia-Herzegovina vs Qatar,Bosnia-Herzegovina vs Qatar,Bosnia-Herzegovina,Qatar,Bosnia-Herzegovina,2,0,Maximilian Galea,England,24/06/2026_Bosnia-Herzegovina vs Qatar,24/06/2026_Bosnia-Herzegovina vs Qatar_Maximilian Galea,OK,OK,OK,OK,OK,3,1,3,0,3
,18e29a2f-b3a7-4315-8cf2-c39c9456043c,46198,Morocco vs Haiti,Morocco vs Haiti,Morocco,Haiti,Morocco,2,0,Maximilian Galea,England,25/06/2026_Morocco vs Haiti,25/06/2026_Morocco vs Haiti_Maximilian Galea,OK,OK,OK,OK,OK,4,2,3,0,3
,b5255b7b-80bc-4453-94d7-34cb326fd084,46198,Scotland vs Brazil,Scotland vs Brazil,Scotland,Brazil,Brazil,0,3,Maximilian Galea,England,25/06/2026_Scotland vs Brazil,25/06/2026_Scotland vs Brazil_Maximilian Galea,OK,OK,OK,OK,OK,0,3,3,5,8
,ef9798b2-c059-4499-a8e2-cfe025cfd5c2,46198,South Africa vs South Korea,South Africa vs South Korea,South Africa,South Korea,South Korea,0,1,Maximilian Galea,England,25/06/2026_South Africa vs South Korea,25/06/2026_South Africa vs South Korea_Maximilian Galea,OK,OK,OK,OK,OK,1,0,0,0,0
,505c0cb2-1327-4392-99ee-411b906379ae,46198,Czechia vs Mexico,Czechia vs Mexico,Czechia,Mexico,Tie,2,2,Maximilian Galea,England,25/06/2026_Czechia vs Mexico,25/06/2026_Czechia vs Mexico_Maximilian Galea,OK,OK,OK,OK,OK,0,3,0,0,0
,ec753480-39f5-4a92-8e53-2588ff065bab,46198,Curaçao vs Ivory Coast,Curaçao vs Ivory Coast,Curaçao,Ivory Coast,Ivory Coast,0,1,Maximilian Galea,England,25/06/2026_Curaçao vs Ivory Coast,25/06/2026_Curaçao vs Ivory Coast_Maximilian Galea,OK,OK,OK,OK,OK,0,2,3,0,3
,170f73c3-7902-4b37-897a-744ff99e4576,46198,Ecuador vs Germany,Ecuador vs Germany,Ecuador,Germany,Germany,0,2,Maximilian Galea,England,25/06/2026_Ecuador vs Germany,25/06/2026_Ecuador vs Germany_Maximilian Galea,OK,OK,OK,OK,OK,2,1,0,0,0
,0a75b9ce-6ffb-4df2-bbe2-4156856a8241,46199,Tunisia vs Netherlands,Tunisia vs Netherlands,Tunisia,Netherlands,Netherlands,0,1,Maximilian Galea,England,26/06/2026_Tunisia vs Netherlands,26/06/2026_Tunisia vs Netherlands_Maximilian Galea,OK,OK,OK,OK,OK,1,3,3,0,3
,0b35c7e7-afd0-46e2-ba3b-d480a79ddf69,46199,Japan vs Sweden,Japan vs Sweden,Japan,Sweden,Tie,2,2,Maximilian Galea,England,26/06/2026_Japan vs Sweden,26/06/2026_Japan vs Sweden_Maximilian Galea,OK,OK,OK,OK,OK,1,1,3,0,3
,e0e47b41-e39f-4057-ab36-e4ef4eef9076,46199,Turkey vs United States,Turkey vs United States,Turkey,United States,United States,0,1,Maximilian Galea,England,26/06/2026_Turkey vs United States,26/06/2026_Turkey vs United States_Maximilian Galea,OK,OK,OK,OK,OK,3,2,0,0,0
,d2831152-46b2-4f06-bee2-672f625ee605,46199,Paraguay vs Australia,Paraguay vs Australia,Paraguay,Australia,Paraguay,1,0,Maximilian Galea,England,26/06/2026_Paraguay vs Australia,26/06/2026_Paraguay vs Australia_Maximilian Galea,OK,OK,OK,OK,OK,0,0,0,0,0
,ae1c75e4-198d-47e6-a962-0126832d8472,46199,Norway vs France,Norway vs France,Norway,France,France,1,2,Maximilian Galea,England,26/06/2026_Norway vs France,26/06/2026_Norway vs France_Maximilian Galea,OK,OK,OK,OK,OK,1,4,3,0,3
,be26199a-304a-4382-9dc1-f51507b798a4,46199,Senegal vs Iraq,Senegal vs Iraq,Senegal,Iraq,Senegal,1,0,Maximilian Galea,England,26/06/2026_Senegal vs Iraq,26/06/2026_Senegal vs Iraq_Maximilian Galea,OK,OK,OK,OK,OK,5,0,3,0,3
,dfd90291-4777-44ba-aca2-7841466c0583,46200,Cape Verde Islands vs Saudi Arabia,Cape Verde Islands vs Saudi Arabia,Cape Verde Islands,Saudi Arabia,Tie,2,2,Maximilian Galea,England,27/06/2026_Cape Verde Islands vs Saudi Arabia,27/06/2026_Cape Verde Islands vs Saudi Arabia_Maximilian Galea,OK,OK,OK,OK,OK,0,0,3,0,3
,56885018-bdd9-4220-8d9f-787d3ea128bf,46200,Uruguay vs Spain,Uruguay vs Spain,Uruguay,Spain,Spain,0,2,Maximilian Galea,England,27/06/2026_Uruguay vs Spain,27/06/2026_Uruguay vs Spain_Maximilian Galea,OK,OK,OK,OK,OK,0,1,3,0,3
,72f114b3-79f0-4ca2-96d8-2407729f8515,46200,New Zealand vs Belgium,New Zealand vs Belgium,New Zealand,Belgium,Belgium,0,3,Maximilian Galea,England,27/06/2026_New Zealand vs Belgium,27/06/2026_New Zealand vs Belgium_Maximilian Galea,OK,OK,OK,OK,OK,1,5,3,0,3
,7bb60e96-ba0e-4fa4-92d4-affb939fa828,46200,Egypt vs Iran,Egypt vs Iran,Egypt,Iran,Egypt,2,0,Maximilian Galea,England,27/06/2026_Egypt vs Iran,27/06/2026_Egypt vs Iran_Maximilian Galea,OK,OK,OK,OK,OK,1,1,0,0,0
,9e015f09-8549-449a-b4f3-03894d551897,46200,Panama vs England,Panama vs England,Panama,England,England,0,2,Maximilian Galea,England,27/06/2026_Panama vs England,27/06/2026_Panama vs England_Maximilian Galea,OK,OK,OK,OK,OK,0,2,3,5,8
,ed635870-56ea-46da-8705-f1632743ee1c,46200,Croatia vs Ghana,Croatia vs Ghana,Croatia,Ghana,Croatia,2,0,Maximilian Galea,England,27/06/2026_Croatia vs Ghana,27/06/2026_Croatia vs Ghana_Maximilian Galea,OK,OK,OK,OK,OK,2,1,3,0,3
,96358bea-da39-49b2-920e-dc0586863e84,46201,Colombia vs Portugal,Colombia vs Portugal,Colombia,Portugal,Portugal,1,2,Maximilian Galea,England,28/06/2026_Colombia vs Portugal,28/06/2026_Colombia vs Portugal_Maximilian Galea,OK,OK,OK,OK,OK,0,0,0,0,0
,8fe648e5-2387-4aad-9272-a1834d6153f0,46201,Congo DR vs Uzbekistan,Congo DR vs Uzbekistan,Congo DR,Uzbekistan,Congo DR,1,0,Maximilian Galea,England,28/06/2026_Congo DR vs Uzbekistan,28/06/2026_Congo DR vs Uzbekistan_Maximilian Galea,OK,OK,OK,OK,OK,3,1,3,0,3
,0af624eb-5109-4d9d-b44b-c62e7006e152,46201,Algeria vs Austria,Algeria vs Austria,Algeria,Austria,Tie,1,1,Maximilian Galea,England,28/06/2026_Algeria vs Austria,28/06/2026_Algeria vs Austria_Maximilian Galea,OK,OK,OK,OK,OK,3,3,3,0,3
,e135c894-48e9-462e-afee-dd85b0385ef5,46201,Jordan vs Argentina,Jordan vs Argentina,Jordan,Argentina,Argentina,0,3,Maximilian Galea,England,28/06/2026_Jordan vs Argentina,28/06/2026_Jordan vs Argentina_Maximilian Galea,OK,OK,OK,OK,OK,1,3,3,0,3
,21a1799e-ef8b-4bf4-acee-be980ab4aafe,46184,Mexico vs South Africa,Mexico vs South Africa,Mexico,South Africa,Mexico,2,1,Rebecca Xuereb,Spain,11/06/2026_Mexico vs South Africa,11/06/2026_Mexico vs South Africa_Rebecca Xuereb,OK,OK,OK,OK,OK,2,0,3,0,3
,70b63ac3-7a1b-478f-bf2e-3103a61110dc,46185,South Korea vs Czechia,South Korea vs Czechia,South Korea,Czechia,Tie,1,1,Rebecca Xuereb,Spain,12/06/2026_South Korea vs Czechia,12/06/2026_South Korea vs Czechia_Rebecca Xuereb,OK,OK,OK,OK,OK,2,1,0,0,0
,382193af-b997-4df2-b457-52b7cc4553a3,46185,Canada vs Bosnia-Herzegovina,Canada vs Bosnia-Herzegovina,Canada,Bosnia-Herzegovina,Bosnia-Herzegovina,0,2,Rebecca Xuereb,Spain,12/06/2026_Canada vs Bosnia-Herzegovina,12/06/2026_Canada vs Bosnia-Herzegovina_Rebecca Xuereb,OK,OK,OK,OK,OK,1,1,0,0,0
,f08a067f-f025-4c6e-bd8c-02869e4d4ba8,46186,United States vs Paraguay,United States vs Paraguay,United States,Paraguay,United States,2,1,Rebecca Xuereb,Spain,13/06/2026_United States vs Paraguay,13/06/2026_United States vs Paraguay_Rebecca Xuereb,OK,OK,OK,OK,OK,4,1,3,0,3
,238c6aed-53ed-4c73-8859-d9713fe13138,46186,Qatar vs Switzerland,Qatar vs Switzerland,Qatar,Switzerland,Switzerland,0,3,Rebecca Xuereb,Spain,13/06/2026_Qatar vs Switzerland,13/06/2026_Qatar vs Switzerland_Rebecca Xuereb,OK,OK,OK,OK,OK,1,1,0,0,0
,f40acb22-452f-41f5-8a0e-f746364994ef,46187,Brazil vs Morocco,Brazil vs Morocco,Brazil,Morocco,Brazil,2,1,Rebecca Xuereb,Spain,14/06/2026_Brazil vs Morocco,14/06/2026_Brazil vs Morocco_Rebecca Xuereb,OK,OK,OK,OK,OK,1,1,0,0,0
,ebb07c29-d859-4f6a-8571-f1523cb83acb,46187,Haiti vs Scotland,Haiti vs Scotland,Haiti,Scotland,Scotland,0,3,Rebecca Xuereb,Spain,14/06/2026_Haiti vs Scotland,14/06/2026_Haiti vs Scotland_Rebecca Xuereb,OK,OK,OK,OK,OK,0,1,3,0,3
,60c50c55-8728-47f3-bc0d-4caca480ff4d,46187,Australia vs Turkey,Australia vs Turkey,Australia,Turkey,Tie,1,1,Rebecca Xuereb,Spain,14/06/2026_Australia vs Turkey,14/06/2026_Australia vs Turkey_Rebecca Xuereb,OK,OK,OK,OK,OK,2,0,0,0,0
,5692e328-22df-4b8e-a3db-1d6e988803ce,46187,Germany vs Curaçao,Germany vs Curaçao,Germany,Curaçao,Germany,6,0,Rebecca Xuereb,Spain,14/06/2026_Germany vs Curaçao,14/06/2026_Germany vs Curaçao_Rebecca Xuereb,OK,OK,OK,OK,OK,7,1,3,0,3
,351a282a-227e-4e9d-a3ea-1a0100d5820a,46187,Netherlands vs Japan,Netherlands vs Japan,Netherlands,Japan,Netherlands,2,0,Rebecca Xuereb,Spain,14/06/2026_Netherlands vs Japan,14/06/2026_Netherlands vs Japan_Rebecca Xuereb,OK,OK,OK,OK,OK,2,2,0,0,0
,9876851f-587a-4766-8a2e-d52279649cf5,46188,Ivory Coast vs Ecuador,Ivory Coast vs Ecuador,Ivory Coast,Ecuador,Ivory Coast,1,0,Rebecca Xuereb,Spain,15/06/2026_Ivory Coast vs Ecuador,15/06/2026_Ivory Coast vs Ecuador_Rebecca Xuereb,OK,OK,OK,OK,OK,1,0,3,5,8
,277b929f-b7a2-455a-aaa4-9db6670526c8,46188,Sweden vs Tunisia,Sweden vs Tunisia,Sweden,Tunisia,Tie,2,2,Rebecca Xuereb,Spain,15/06/2026_Sweden vs Tunisia,15/06/2026_Sweden vs Tunisia_Rebecca Xuereb,OK,OK,OK,OK,OK,5,1,0,0,0
,cb8b3203-b44b-407f-ba29-4e505664a48e,46188,Belgium vs Egypt,Belgium vs Egypt,Belgium,Egypt,Belgium,2,1,Rebecca Xuereb,Spain,15/06/2026_Belgium vs Egypt,15/06/2026_Belgium vs Egypt_Rebecca Xuereb,OK,OK,OK,OK,OK,1,1,0,0,0
,d1cdced0-c46f-408e-a937-504ccf57fad8,46188,Spain vs Cape Verde Islands,Spain vs Cape Verde Islands,Spain,Cape Verde Islands,Spain,5,0,Rebecca Xuereb,Spain,15/06/2026_Spain vs Cape Verde Islands,15/06/2026_Spain vs Cape Verde Islands_Rebecca Xuereb,OK,OK,OK,OK,OK,0,0,0,0,0
,e37e1139-1b81-4145-a6fe-b83c5b561e20,46189,Saudi Arabia vs Uruguay,Saudi Arabia vs Uruguay,Saudi Arabia,Uruguay,Uruguay,0,2,Rebecca Xuereb,Spain,16/06/2026_Saudi Arabia vs Uruguay,16/06/2026_Saudi Arabia vs Uruguay_Rebecca Xuereb,OK,OK,OK,OK,OK,1,1,0,0,0
,a8125d07-ec77-44dc-ad1d-63244f1b375f,46189,Iran vs New Zealand,Iran vs New Zealand,Iran,New Zealand,Tie,0,0,Rebecca Xuereb,Spain,16/06/2026_Iran vs New Zealand,16/06/2026_Iran vs New Zealand_Rebecca Xuereb,OK,OK,OK,OK,OK,2,2,3,0,3
,ecc006d4-a77a-4a91-bcb4-5d2c06fb8ca5,46189,France vs Senegal,France vs Senegal,France,Senegal,France,2,0,Rebecca Xuereb,Spain,16/06/2026_France vs Senegal,16/06/2026_France vs Senegal_Rebecca Xuereb,OK,OK,OK,OK,OK,3,1,3,0,3
,aab35f35-4e19-4bae-a3a9-8578aede11ba,46190,Iraq vs Norway,Iraq vs Norway,Iraq,Norway,Norway,0,3,Rebecca Xuereb,Spain,17/06/2026_Iraq vs Norway,17/06/2026_Iraq vs Norway_Rebecca Xuereb,OK,OK,OK,OK,OK,1,4,3,0,3
,5ec8fe0a-9bc9-414c-ad03-7be99ee06a1d,46190,Argentina vs Algeria,Argentina vs Algeria,Argentina,Algeria,Argentina,2,0,Rebecca Xuereb,Spain,17/06/2026_Argentina vs Algeria,17/06/2026_Argentina vs Algeria_Rebecca Xuereb,OK,OK,OK,OK,OK,3,0,3,0,3
,6c06a1ae-70b5-4ad9-b811-ec6515d7dfaa,46190,Austria vs Jordan,Austria vs Jordan,Austria,Jordan,Austria,2,0,Rebecca Xuereb,Spain,17/06/2026_Austria vs Jordan,17/06/2026_Austria vs Jordan_Rebecca Xuereb,OK,OK,OK,OK,OK,3,1,3,0,3
,3db530ba-c93f-4527-a8aa-d4e3f0f1467b,46190,Portugal vs Congo DR,Portugal vs Congo DR,Portugal,Congo DR,Portugal,3,0,Rebecca Xuereb,Spain,17/06/2026_Portugal vs Congo DR,17/06/2026_Portugal vs Congo DR_Rebecca Xuereb,OK,OK,OK,OK,OK,1,1,0,0,0
,473185e8-ed90-4985-9ca0-4b52fe5a83cb,46190,England vs Croatia,England vs Croatia,England,Croatia,England,1,0,Rebecca Xuereb,Spain,17/06/2026_England vs Croatia,17/06/2026_England vs Croatia_Rebecca Xuereb,OK,OK,OK,OK,OK,4,2,3,0,3
,ed5398f1-6f86-4a30-be34-5ea2799b8bcc,46191,Ghana vs Panama,Ghana vs Panama,Ghana,Panama,Ghana,1,0,Rebecca Xuereb,Spain,18/06/2026_Ghana vs Panama,18/06/2026_Ghana vs Panama_Rebecca Xuereb,OK,OK,OK,OK,OK,1,0,3,5,8
,a42686ff-264b-4f72-adb0-434b483b36f0,46191,Uzbekistan vs Colombia,Uzbekistan vs Colombia,Uzbekistan,Colombia,Colombia,0,3,Rebecca Xuereb,Spain,18/06/2026_Uzbekistan vs Colombia,18/06/2026_Uzbekistan vs Colombia_Rebecca Xuereb,OK,OK,OK,OK,OK,1,3,3,0,3
,1122bb76-7cf3-4955-930f-51d438937855,46191,Czechia vs South Africa,Czechia vs South Africa,Czechia,South Africa,Czechia,2,1,Rebecca Xuereb,Spain,18/06/2026_Czechia vs South Africa,18/06/2026_Czechia vs South Africa_Rebecca Xuereb,OK,OK,OK,OK,OK,1,1,0,0,0
,dc92011c-077e-4dcb-8f56-7762895086f0,46191,Switzerland vs Bosnia-Herzegovina,Switzerland vs Bosnia-Herzegovina,Switzerland,Bosnia-Herzegovina,Tie,2,2,Rebecca Xuereb,Spain,18/06/2026_Switzerland vs Bosnia-Herzegovina,18/06/2026_Switzerland vs Bosnia-Herzegovina_Rebecca Xuereb,OK,OK,OK,OK,OK,4,1,0,0,0
,dfa3681d-eb41-406f-8ffc-faeffaf4b29e,46192,Canada vs Qatar,Canada vs Qatar,Canada,Qatar,Canada,1,0,Rebecca Xuereb,Spain,19/06/2026_Canada vs Qatar,19/06/2026_Canada vs Qatar_Rebecca Xuereb,OK,OK,OK,OK,OK,6,0,3,0,3
,884781b5-9902-4572-911a-438150dbf007,46192,Mexico vs South Korea,Mexico vs South Korea,Mexico,South Korea,Mexico,3,2,Rebecca Xuereb,Spain,19/06/2026_Mexico vs South Korea,19/06/2026_Mexico vs South Korea_Rebecca Xuereb,OK,OK,OK,OK,OK,1,0,3,0,3
,e04c6bc1-96a7-429e-ab3b-c525705a50c9,46192,United States vs Australia,United States vs Australia,United States,Australia,United States,2,0,Rebecca Xuereb,Spain,19/06/2026_United States vs Australia,19/06/2026_United States vs Australia_Rebecca Xuereb,OK,OK,OK,OK,OK,2,0,3,5,8
,bd1aff22-9939-4fc8-ad0b-fe9ae95d367e,46193,Scotland vs Morocco,Scotland vs Morocco,Scotland,Morocco,Morocco,1,2,Rebecca Xuereb,Spain,20/06/2026_Scotland vs Morocco,20/06/2026_Scotland vs Morocco_Rebecca Xuereb,OK,OK,OK,OK,OK,0,1,3,0,3
,beb54405-40ec-4611-afc2-6c2bb4b63013,46193,Brazil vs Haiti,Brazil vs Haiti,Brazil,Haiti,Brazil,4,0,Rebecca Xuereb,Spain,20/06/2026_Brazil vs Haiti,20/06/2026_Brazil vs Haiti_Rebecca Xuereb,OK,OK,OK,OK,OK,3,0,3,0,3
,7f5e5734-9de9-4c37-ac42-3a234125cb28,46193,Turkey vs Paraguay,Turkey vs Paraguay,Turkey,Paraguay,Tie,2,2,Rebecca Xuereb,Spain,20/06/2026_Turkey vs Paraguay,20/06/2026_Turkey vs Paraguay_Rebecca Xuereb,OK,OK,OK,OK,OK,0,1,0,0,0
,1ea25d4b-cb85-4612-befc-fc88567fa4e0,46193,Netherlands vs Sweden,Netherlands vs Sweden,Netherlands,Sweden,Netherlands,2,1,Rebecca Xuereb,Spain,20/06/2026_Netherlands vs Sweden,20/06/2026_Netherlands vs Sweden_Rebecca Xuereb,OK,OK,OK,OK,OK,5,1,3,0,3
,e98ecbd5-c97d-49d6-b301-c120b887aab9,46193,Germany vs Ivory Coast,Germany vs Ivory Coast,Germany,Ivory Coast,Germany,2,0,Rebecca Xuereb,Spain,20/06/2026_Germany vs Ivory Coast,20/06/2026_Germany vs Ivory Coast_Rebecca Xuereb,OK,OK,OK,OK,OK,2,1,3,0,3
,f69fd15e-fa75-4b39-a5f7-afa77f9e0a8a,46194,Ecuador vs Curaçao,Ecuador vs Curaçao,Ecuador,Curaçao,Ecuador,3,0,Rebecca Xuereb,Spain,21/06/2026_Ecuador vs Curaçao,21/06/2026_Ecuador vs Curaçao_Rebecca Xuereb,OK,OK,OK,OK,OK,0,0,0,0,0
,3eb03c3d-055a-4764-9ecd-8adefc20c234,46194,Tunisia vs Japan,Tunisia vs Japan,Tunisia,Japan,Japan,1,2,Rebecca Xuereb,Spain,21/06/2026_Tunisia vs Japan,21/06/2026_Tunisia vs Japan_Rebecca Xuereb,OK,OK,OK,OK,OK,0,4,3,0,3
,98a74e24-3e8c-47c5-82ca-63b939f6079d,46194,Spain vs Saudi Arabia,Spain vs Saudi Arabia,Spain,Saudi Arabia,Spain,3,0,Rebecca Xuereb,Spain,21/06/2026_Spain vs Saudi Arabia,21/06/2026_Spain vs Saudi Arabia_Rebecca Xuereb,OK,OK,OK,OK,OK,4,0,3,0,3
,27b31e29-ac20-4fef-a3a7-535c9747f375,46194,Belgium vs Iran,Belgium vs Iran,Belgium,Iran,Belgium,3,0,Rebecca Xuereb,Spain,21/06/2026_Belgium vs Iran,21/06/2026_Belgium vs Iran_Rebecca Xuereb,OK,OK,OK,OK,OK,0,0,0,0,0
,6984329c-a377-4afc-a6ac-6d66b575413d,46195,Uruguay vs Cape Verde Islands,Uruguay vs Cape Verde Islands,Uruguay,Cape Verde Islands,Uruguay,4,0,Rebecca Xuereb,Spain,22/06/2026_Uruguay vs Cape Verde Islands,22/06/2026_Uruguay vs Cape Verde Islands_Rebecca Xuereb,OK,OK,OK,OK,OK,2,2,0,0,0
,0096d701-d2fb-4841-acfd-e0445409cc7f,46195,New Zealand vs Egypt,New Zealand vs Egypt,New Zealand,Egypt,Egypt,0,2,Rebecca Xuereb,Spain,22/06/2026_New Zealand vs Egypt,22/06/2026_New Zealand vs Egypt_Rebecca Xuereb,OK,OK,OK,OK,OK,1,3,3,0,3
,ee96f14f-6e11-4c04-b6e7-10222a4d3ea4,46195,Argentina vs Austria,Argentina vs Austria,Argentina,Austria,Argentina,2,0,Rebecca Xuereb,Spain,22/06/2026_Argentina vs Austria,22/06/2026_Argentina vs Austria_Rebecca Xuereb,OK,OK,OK,OK,OK,2,0,3,5,8
,1333ce5c-365d-4ddd-9fb1-d283705f8b9b,46195,France vs Iraq,France vs Iraq,France,Iraq,France,4,0,Rebecca Xuereb,Spain,22/06/2026_France vs Iraq,22/06/2026_France vs Iraq_Rebecca Xuereb,OK,OK,OK,OK,OK,3,0,3,0,3
,c6c4e26e-3af9-4762-8ca2-3571062149c5,46196,Norway vs Senegal,Norway vs Senegal,Norway,Senegal,Tie,2,2,Rebecca Xuereb,Spain,23/06/2026_Norway vs Senegal,23/06/2026_Norway vs Senegal_Rebecca Xuereb,OK,OK,OK,OK,OK,3,2,0,0,0
,30833cc0-f101-4e22-b1d8-6c54995a73a5,46196,Jordan vs Algeria,Jordan vs Algeria,Jordan,Algeria,Algeria,1,3,Rebecca Xuereb,Spain,23/06/2026_Jordan vs Algeria,23/06/2026_Jordan vs Algeria_Rebecca Xuereb,OK,OK,OK,OK,OK,1,2,3,0,3
,9fe3caca-5938-46e2-af00-38d19964c87f,46196,Portugal vs Uzbekistan,Portugal vs Uzbekistan,Portugal,Uzbekistan,Portugal,5,0,Rebecca Xuereb,Spain,23/06/2026_Portugal vs Uzbekistan,23/06/2026_Portugal vs Uzbekistan_Rebecca Xuereb,OK,OK,OK,OK,OK,5,0,3,5,8
,43d1bce0-7723-4291-976e-5147d11c887e,46196,England vs Ghana,England vs Ghana,England,Ghana,England,2,1,Rebecca Xuereb,Spain,23/06/2026_England vs Ghana,23/06/2026_England vs Ghana_Rebecca Xuereb,OK,OK,OK,OK,OK,0,0,0,0,0
,d26ff32b-a30b-4a01-b682-35978d849f17,46197,Panama vs Croatia,Panama vs Croatia,Panama,Croatia,Croatia,0,2,Rebecca Xuereb,Spain,24/06/2026_Panama vs Croatia,24/06/2026_Panama vs Croatia_Rebecca Xuereb,OK,OK,OK,OK,OK,0,1,3,0,3
,8a09f35c-9e6d-445e-863b-0953807efdee,46197,Colombia vs Congo DR,Colombia vs Congo DR,Colombia,Congo DR,Colombia,3,0,Rebecca Xuereb,Spain,24/06/2026_Colombia vs Congo DR,24/06/2026_Colombia vs Congo DR_Rebecca Xuereb,OK,OK,OK,OK,OK,1,0,3,0,3
,3af6782b-506b-42ee-b3c1-d01899670549,46197,Switzerland vs Canada,Switzerland vs Canada,Switzerland,Canada,Switzerland,2,0,Rebecca Xuereb,Spain,24/06/2026_Switzerland vs Canada,24/06/2026_Switzerland vs Canada_Rebecca Xuereb,OK,OK,OK,OK,OK,2,1,3,0,3
,793f2673-2829-42a1-be93-df75ff150c63,46197,Bosnia-Herzegovina vs Qatar,Bosnia-Herzegovina vs Qatar,Bosnia-Herzegovina,Qatar,Bosnia-Herzegovina,2,0,Rebecca Xuereb,Spain,24/06/2026_Bosnia-Herzegovina vs Qatar,24/06/2026_Bosnia-Herzegovina vs Qatar_Rebecca Xuereb,OK,OK,OK,OK,OK,3,1,3,0,3
,e1214a72-e834-4727-b7e2-b8c48d07d5f1,46198,Morocco vs Haiti,Morocco vs Haiti,Morocco,Haiti,Morocco,3,0,Rebecca Xuereb,Spain,25/06/2026_Morocco vs Haiti,25/06/2026_Morocco vs Haiti_Rebecca Xuereb,OK,OK,OK,OK,OK,4,2,3,0,3
,a07a805f-c6f7-4b3c-ae12-60e47ac070a7,46198,Scotland vs Brazil,Scotland vs Brazil,Scotland,Brazil,Brazil,1,3,Rebecca Xuereb,Spain,25/06/2026_Scotland vs Brazil,25/06/2026_Scotland vs Brazil_Rebecca Xuereb,OK,OK,OK,OK,OK,0,3,3,0,3
,fa9ac38e-a81d-4450-8895-b431df6efe5d,46198,South Africa vs South Korea,South Africa vs South Korea,South Africa,South Korea,Tie,1,1,Rebecca Xuereb,Spain,25/06/2026_South Africa vs South Korea,25/06/2026_South Africa vs South Korea_Rebecca Xuereb,OK,OK,OK,OK,OK,1,0,0,0,0
,e2c58b3c-72db-4818-aedd-ca2622763cc4,46198,Czechia vs Mexico,Czechia vs Mexico,Czechia,Mexico,Tie,2,2,Rebecca Xuereb,Spain,25/06/2026_Czechia vs Mexico,25/06/2026_Czechia vs Mexico_Rebecca Xuereb,OK,OK,OK,OK,OK,0,3,0,0,0
,a025f8f7-82ec-4b9c-a87f-209389581b82,46198,Curaçao vs Ivory Coast,Curaçao vs Ivory Coast,Curaçao,Ivory Coast,Ivory Coast,0,2,Rebecca Xuereb,Spain,25/06/2026_Curaçao vs Ivory Coast,25/06/2026_Curaçao vs Ivory Coast_Rebecca Xuereb,OK,OK,OK,OK,OK,0,2,3,5,8
,74024fdd-def2-4ff5-aede-69a966b82ad2,46198,Ecuador vs Germany,Ecuador vs Germany,Ecuador,Germany,Germany,1,3,Rebecca Xuereb,Spain,25/06/2026_Ecuador vs Germany,25/06/2026_Ecuador vs Germany_Rebecca Xuereb,OK,OK,OK,OK,OK,2,1,0,0,0
,05accdb4-f4b5-4bb8-8676-49fca5d710a6,46199,Tunisia vs Netherlands,Tunisia vs Netherlands,Tunisia,Netherlands,Netherlands,0,1,Rebecca Xuereb,Spain,26/06/2026_Tunisia vs Netherlands,26/06/2026_Tunisia vs Netherlands_Rebecca Xuereb,OK,OK,OK,OK,OK,1,3,3,0,3
,382429f4-5bdd-4dbb-8e5a-edc49b1c938b,46199,Japan vs Sweden,Japan vs Sweden,Japan,Sweden,Tie,1,1,Rebecca Xuereb,Spain,26/06/2026_Japan vs Sweden,26/06/2026_Japan vs Sweden_Rebecca Xuereb,OK,OK,OK,OK,OK,1,1,3,5,8
,c6e1ee9b-ddf2-4dda-bf03-a3ac74ccb81e,46199,Turkey vs United States,Turkey vs United States,Turkey,United States,Tie,0,0,Rebecca Xuereb,Spain,26/06/2026_Turkey vs United States,26/06/2026_Turkey vs United States_Rebecca Xuereb,OK,OK,OK,OK,OK,3,2,0,0,0
,f7466b4b-5882-4039-9b0d-0e3d33edeeaa,46199,Paraguay vs Australia,Paraguay vs Australia,Paraguay,Australia,Australia,0,1,Rebecca Xuereb,Spain,26/06/2026_Paraguay vs Australia,26/06/2026_Paraguay vs Australia_Rebecca Xuereb,OK,OK,OK,OK,OK,0,0,0,0,0
,d926260f-1835-4f67-a35d-5301271ab106,46199,Norway vs France,Norway vs France,Norway,France,France,1,3,Rebecca Xuereb,Spain,26/06/2026_Norway vs France,26/06/2026_Norway vs France_Rebecca Xuereb,OK,OK,OK,OK,OK,1,4,3,0,3
,48df4afd-0992-4f76-adf7-c2e4ce4b92e5,46199,Senegal vs Iraq,Senegal vs Iraq,Senegal,Iraq,Tie,2,2,Rebecca Xuereb,Spain,26/06/2026_Senegal vs Iraq,26/06/2026_Senegal vs Iraq_Rebecca Xuereb,OK,OK,OK,OK,OK,5,0,0,0,0
,fea3de44-ea48-4330-bfca-5a3fd9b8f8c6,46200,Cape Verde Islands vs Saudi Arabia,Cape Verde Islands vs Saudi Arabia,Cape Verde Islands,Saudi Arabia,Tie,1,1,Rebecca Xuereb,Spain,27/06/2026_Cape Verde Islands vs Saudi Arabia,27/06/2026_Cape Verde Islands vs Saudi Arabia_Rebecca Xuereb,OK,OK,OK,OK,OK,0,0,3,0,3
,13c12d00-9f18-47c0-a85b-325d3c9deaf4,46200,Uruguay vs Spain,Uruguay vs Spain,Uruguay,Spain,Spain,1,2,Rebecca Xuereb,Spain,27/06/2026_Uruguay vs Spain,27/06/2026_Uruguay vs Spain_Rebecca Xuereb,OK,OK,OK,OK,OK,0,1,3,0,3
,b0778d90-167d-4f74-9884-5e28788d97dc,46200,New Zealand vs Belgium,New Zealand vs Belgium,New Zealand,Belgium,Belgium,0,3,Rebecca Xuereb,Spain,27/06/2026_New Zealand vs Belgium,27/06/2026_New Zealand vs Belgium_Rebecca Xuereb,OK,OK,OK,OK,OK,1,5,3,0,3
,d3c1002b-8dd6-4f0a-81e6-f417c895d0f1,46200,Egypt vs Iran,Egypt vs Iran,Egypt,Iran,Egypt,1,0,Rebecca Xuereb,Spain,27/06/2026_Egypt vs Iran,27/06/2026_Egypt vs Iran_Rebecca Xuereb,OK,OK,OK,OK,OK,1,1,0,0,0
,0c722389-de90-49d0-ab7a-49955c0e2d30,46200,Panama vs England,Panama vs England,Panama,England,England,0,3,Rebecca Xuereb,Spain,27/06/2026_Panama vs England,27/06/2026_Panama vs England_Rebecca Xuereb,OK,OK,OK,OK,OK,0,2,3,0,3
,f8c25e2f-5c52-4008-a648-dc3a8e75d05c,46200,Croatia vs Ghana,Croatia vs Ghana,Croatia,Ghana,Tie,2,2,Rebecca Xuereb,Spain,27/06/2026_Croatia vs Ghana,27/06/2026_Croatia vs Ghana_Rebecca Xuereb,OK,OK,OK,OK,OK,2,1,0,0,0
,3a9a4e9b-0a1b-49e8-8d43-d8d859fbb274,46201,Colombia vs Portugal,Colombia vs Portugal,Colombia,Portugal,Tie,1,1,Rebecca Xuereb,Spain,28/06/2026_Colombia vs Portugal,28/06/2026_Colombia vs Portugal_Rebecca Xuereb,OK,OK,OK,OK,OK,0,0,3,0,3
,7e9b2522-b763-4c81-a04c-1aaad215dda4,46201,Congo DR vs Uzbekistan,Congo DR vs Uzbekistan,Congo DR,Uzbekistan,Congo DR,1,0,Rebecca Xuereb,Spain,28/06/2026_Congo DR vs Uzbekistan,28/06/2026_Congo DR vs Uzbekistan_Rebecca Xuereb,OK,OK,OK,OK,OK,3,1,3,0,3
,130b2c9e-b5a4-4ecc-bbd1-fe4262964036,46201,Algeria vs Austria,Algeria vs Austria,Algeria,Austria,Tie,1,1,Rebecca Xuereb,Spain,28/06/2026_Algeria vs Austria,28/06/2026_Algeria vs Austria_Rebecca Xuereb,OK,OK,OK,OK,OK,3,3,3,0,3
,c5041aec-f01c-44cf-81d9-756b8a62b24d,46201,Jordan vs Argentina,Jordan vs Argentina,Jordan,Argentina,Argentina,0,3,Rebecca Xuereb,Spain,28/06/2026_Jordan vs Argentina,28/06/2026_Jordan vs Argentina_Rebecca Xuereb,OK,OK,OK,OK,OK,1,3,3,0,3
,c15f87d2-628f-4d4a-8ff3-17c7e1ff973c,46184,Mexico vs South Africa,Mexico vs South Africa,Mexico,South Africa,Mexico,2,1,Andrea Tinti,England,11/06/2026_Mexico vs South Africa,11/06/2026_Mexico vs South Africa_Andrea Tinti,OK,OK,OK,OK,OK,2,0,3,0,3
,527efb79-1bb4-468d-bb54-3c15c4e94d6e,46185,South Korea vs Czechia,South Korea vs Czechia,South Korea,Czechia,Tie,1,1,Andrea Tinti,England,12/06/2026_South Korea vs Czechia,12/06/2026_South Korea vs Czechia_Andrea Tinti,OK,OK,OK,OK,OK,2,1,0,0,0
,b29f1135-3730-4530-8ae9-cf53a3c0d436,46185,Canada vs Bosnia-Herzegovina,Canada vs Bosnia-Herzegovina,Canada,Bosnia-Herzegovina,Bosnia-Herzegovina,0,1,Andrea Tinti,England,12/06/2026_Canada vs Bosnia-Herzegovina,12/06/2026_Canada vs Bosnia-Herzegovina_Andrea Tinti,OK,OK,OK,OK,OK,1,1,0,0,0
,58b43e9f-8f18-41ff-b334-0cea78462519,46186,United States vs Paraguay,United States vs Paraguay,United States,Paraguay,Tie,1,1,Andrea Tinti,England,13/06/2026_United States vs Paraguay,13/06/2026_United States vs Paraguay_Andrea Tinti,OK,OK,OK,OK,OK,4,1,0,0,0
,7c55aaa6-3320-4851-9df7-b863f13787b5,46186,Qatar vs Switzerland,Qatar vs Switzerland,Qatar,Switzerland,Switzerland,1,2,Andrea Tinti,England,13/06/2026_Qatar vs Switzerland,13/06/2026_Qatar vs Switzerland_Andrea Tinti,OK,OK,OK,OK,OK,1,1,0,0,0
,f88a06e0-737e-4b7c-89ba-65d7e9e6bfdf,46187,Brazil vs Morocco,Brazil vs Morocco,Brazil,Morocco,Brazil,2,1,Andrea Tinti,England,14/06/2026_Brazil vs Morocco,14/06/2026_Brazil vs Morocco_Andrea Tinti,OK,OK,OK,OK,OK,1,1,0,0,0
,fde62f12-1f76-4802-9d63-aed3dc9b71da,46187,Haiti vs Scotland,Haiti vs Scotland,Haiti,Scotland,Scotland,0,2,Andrea Tinti,England,14/06/2026_Haiti vs Scotland,14/06/2026_Haiti vs Scotland_Andrea Tinti,OK,OK,OK,OK,OK,0,1,3,0,3
,f4e480ae-d234-4b9b-81d6-23c2e24de68e,46187,Australia vs Turkey,Australia vs Turkey,Australia,Turkey,Turkey,0,1,Andrea Tinti,England,14/06/2026_Australia vs Turkey,14/06/2026_Australia vs Turkey_Andrea Tinti,OK,OK,OK,OK,OK,2,0,0,0,0
,a671dc59-6f87-4d86-bd5e-87dc789a452a,46187,Germany vs Curaçao,Germany vs Curaçao,Germany,Curaçao,Germany,3,0,Andrea Tinti,England,14/06/2026_Germany vs Curaçao,14/06/2026_Germany vs Curaçao_Andrea Tinti,OK,OK,OK,OK,OK,7,1,3,0,3
,e170ec50-ab5a-4d57-9abd-2c8ba333e780,46187,Netherlands vs Japan,Netherlands vs Japan,Netherlands,Japan,Netherlands,2,1,Andrea Tinti,England,14/06/2026_Netherlands vs Japan,14/06/2026_Netherlands vs Japan_Andrea Tinti,OK,OK,OK,OK,OK,2,2,0,0,0
,8e2794c8-c2e0-4f43-a086-f5b5278aa333,46188,Ivory Coast vs Ecuador,Ivory Coast vs Ecuador,Ivory Coast,Ecuador,Tie,2,2,Andrea Tinti,England,15/06/2026_Ivory Coast vs Ecuador,15/06/2026_Ivory Coast vs Ecuador_Andrea Tinti,OK,OK,OK,OK,OK,1,0,0,0,0
,87ce4436-a0b9-4a81-a87c-b628048c2d47,46188,Sweden vs Tunisia,Sweden vs Tunisia,Sweden,Tunisia,Sweden,2,1,Andrea Tinti,England,15/06/2026_Sweden vs Tunisia,15/06/2026_Sweden vs Tunisia_Andrea Tinti,OK,OK,OK,OK,OK,5,1,3,0,3
,7659121c-90ae-402d-81b3-d6923890eb95,46188,Belgium vs Egypt,Belgium vs Egypt,Belgium,Egypt,Belgium,2,0,Andrea Tinti,England,15/06/2026_Belgium vs Egypt,15/06/2026_Belgium vs Egypt_Andrea Tinti,OK,OK,OK,OK,OK,1,1,0,0,0
,138d6d56-97a2-4b04-b142-58a1c943c0b9,46188,Spain vs Cape Verde Islands,Spain vs Cape Verde Islands,Spain,Cape Verde Islands,Spain,2,0,Andrea Tinti,England,15/06/2026_Spain vs Cape Verde Islands,15/06/2026_Spain vs Cape Verde Islands_Andrea Tinti,OK,OK,OK,OK,OK,0,0,0,0,0
,87f8e387-a88c-4cf9-9402-8f639d24c4a2,46189,Saudi Arabia vs Uruguay,Saudi Arabia vs Uruguay,Saudi Arabia,Uruguay,Tie,1,1,Andrea Tinti,England,16/06/2026_Saudi Arabia vs Uruguay,16/06/2026_Saudi Arabia vs Uruguay_Andrea Tinti,OK,OK,OK,OK,OK,1,1,3,5,8
,7c7e00aa-6846-4400-9035-a6c2898622b5,46189,Iran vs New Zealand,Iran vs New Zealand,Iran,New Zealand,New Zealand,0,1,Andrea Tinti,England,16/06/2026_Iran vs New Zealand,16/06/2026_Iran vs New Zealand_Andrea Tinti,OK,OK,OK,OK,OK,2,2,0,0,0
,cececf49-c64f-4628-85e2-2b1971ff14b3,46189,France vs Senegal,France vs Senegal,France,Senegal,France,2,0,Andrea Tinti,England,16/06/2026_France vs Senegal,16/06/2026_France vs Senegal_Andrea Tinti,OK,OK,OK,OK,OK,3,1,3,0,3
,eecabe2e-c2d1-47cc-84b2-26ee312b9c52,46190,Iraq vs Norway,Iraq vs Norway,Iraq,Norway,Norway,0,3,Andrea Tinti,England,17/06/2026_Iraq vs Norway,17/06/2026_Iraq vs Norway_Andrea Tinti,OK,OK,OK,OK,OK,1,4,3,0,3
,ce5fcd5d-a471-447f-bfaa-c33eb877f2fe,46190,Argentina vs Algeria,Argentina vs Algeria,Argentina,Algeria,Argentina,3,1,Andrea Tinti,England,17/06/2026_Argentina vs Algeria,17/06/2026_Argentina vs Algeria_Andrea Tinti,OK,OK,OK,OK,OK,3,0,3,0,3
,5880a88a-cfce-485c-a1be-bfabd7f92b73,46190,Austria vs Jordan,Austria vs Jordan,Austria,Jordan,Austria,2,1,Andrea Tinti,England,17/06/2026_Austria vs Jordan,17/06/2026_Austria vs Jordan_Andrea Tinti,OK,OK,OK,OK,OK,3,1,3,0,3
,0f0bfa81-aacd-40ce-bd3c-0a165fbd9da3,46190,Portugal vs Congo DR,Portugal vs Congo DR,Portugal,Congo DR,Portugal,2,0,Andrea Tinti,England,17/06/2026_Portugal vs Congo DR,17/06/2026_Portugal vs Congo DR_Andrea Tinti,OK,OK,OK,OK,OK,1,1,0,0,0
,e8024cee-7f5f-4f7f-8cd5-35f75b5cec91,46190,England vs Croatia,England vs Croatia,England,Croatia,England,2,1,Andrea Tinti,England,17/06/2026_England vs Croatia,17/06/2026_England vs Croatia_Andrea Tinti,OK,OK,OK,OK,OK,4,2,3,0,3
,ee930627-d1a2-435e-9880-d652c81bb8fc,46191,Ghana vs Panama,Ghana vs Panama,Ghana,Panama,Ghana,2,0,Andrea Tinti,England,18/06/2026_Ghana vs Panama,18/06/2026_Ghana vs Panama_Andrea Tinti,OK,OK,OK,OK,OK,1,0,3,0,3
,03231ba7-8e90-486b-816d-3d796d733e1c,46191,Uzbekistan vs Colombia,Uzbekistan vs Colombia,Uzbekistan,Colombia,Tie,0,0,Andrea Tinti,England,18/06/2026_Uzbekistan vs Colombia,18/06/2026_Uzbekistan vs Colombia_Andrea Tinti,OK,OK,OK,OK,OK,1,3,0,0,0
,be01a8ba-ba7b-4dd3-a09e-d629f199a2e1,46191,Czechia vs South Africa,Czechia vs South Africa,Czechia,South Africa,Czechia,1,0,Andrea Tinti,England,18/06/2026_Czechia vs South Africa,18/06/2026_Czechia vs South Africa_Andrea Tinti,OK,OK,OK,OK,OK,1,1,0,0,0
,aea2cb55-7737-4625-aa64-182560f97ec7,46191,Switzerland vs Bosnia-Herzegovina,Switzerland vs Bosnia-Herzegovina,Switzerland,Bosnia-Herzegovina,Bosnia-Herzegovina,2,3,Andrea Tinti,England,18/06/2026_Switzerland vs Bosnia-Herzegovina,18/06/2026_Switzerland vs Bosnia-Herzegovina_Andrea Tinti,OK,OK,OK,OK,OK,4,1,0,0,0
,3057a82f-62b4-4b4a-8265-4b99ce55870c,46192,Canada vs Qatar,Canada vs Qatar,Canada,Qatar,Canada,1,0,Andrea Tinti,England,19/06/2026_Canada vs Qatar,19/06/2026_Canada vs Qatar_Andrea Tinti,OK,OK,OK,OK,OK,6,0,3,0,3
,1dcfc9b7-b436-41b5-8311-335e62b14840,46192,Mexico vs South Korea,Mexico vs South Korea,Mexico,South Korea,Tie,1,1,Andrea Tinti,England,19/06/2026_Mexico vs South Korea,19/06/2026_Mexico vs South Korea_Andrea Tinti,OK,OK,OK,OK,OK,1,0,0,0,0
,b5054474-a29e-4db9-837a-ecb2453ec204,46192,United States vs Australia,United States vs Australia,United States,Australia,United States,1,0,Andrea Tinti,England,19/06/2026_United States vs Australia,19/06/2026_United States vs Australia_Andrea Tinti,OK,OK,OK,OK,OK,2,0,3,0,3
,865d1667-7f8d-4f7f-bf9b-8123ae9b8db8,46193,Scotland vs Morocco,Scotland vs Morocco,Scotland,Morocco,Morocco,0,1,Andrea Tinti,England,20/06/2026_Scotland vs Morocco,20/06/2026_Scotland vs Morocco_Andrea Tinti,OK,OK,OK,OK,OK,0,1,3,5,8
,9a40a854-5196-443b-b9fa-253381b4260e,46193,Brazil vs Haiti,Brazil vs Haiti,Brazil,Haiti,Brazil,3,0,Andrea Tinti,England,20/06/2026_Brazil vs Haiti,20/06/2026_Brazil vs Haiti_Andrea Tinti,OK,OK,OK,OK,OK,3,0,3,5,8
,33d191d0-5a69-412f-9067-0fefa3df3be6,46193,Turkey vs Paraguay,Turkey vs Paraguay,Turkey,Paraguay,Turkey,2,1,Andrea Tinti,England,20/06/2026_Turkey vs Paraguay,20/06/2026_Turkey vs Paraguay_Andrea Tinti,OK,OK,OK,OK,OK,0,1,0,0,0
,53c98cbd-b679-4042-afd6-e105d51b16b4,46193,Netherlands vs Sweden,Netherlands vs Sweden,Netherlands,Sweden,Tie,2,2,Andrea Tinti,England,20/06/2026_Netherlands vs Sweden,20/06/2026_Netherlands vs Sweden_Andrea Tinti,OK,OK,OK,OK,OK,5,1,0,0,0
,2f486076-cd5b-48ce-9fd9-440c94099a07,46193,Germany vs Ivory Coast,Germany vs Ivory Coast,Germany,Ivory Coast,Germany,2,0,Andrea Tinti,England,20/06/2026_Germany vs Ivory Coast,20/06/2026_Germany vs Ivory Coast_Andrea Tinti,OK,OK,OK,OK,OK,2,1,3,0,3
,8c6e751c-32f2-49b5-a302-0ec57e4d085a,46194,Ecuador vs Curaçao,Ecuador vs Curaçao,Ecuador,Curaçao,Ecuador,2,0,Andrea Tinti,England,21/06/2026_Ecuador vs Curaçao,21/06/2026_Ecuador vs Curaçao_Andrea Tinti,OK,OK,OK,OK,OK,0,0,0,0,0
,763c8fb6-1b78-47e2-a65b-b4c91dd2e06a,46194,Tunisia vs Japan,Tunisia vs Japan,Tunisia,Japan,Tie,1,1,Andrea Tinti,England,21/06/2026_Tunisia vs Japan,21/06/2026_Tunisia vs Japan_Andrea Tinti,OK,OK,OK,OK,OK,0,4,0,0,0
,17c0c60d-a979-4d12-b52d-6464ee0029e7,46194,Spain vs Saudi Arabia,Spain vs Saudi Arabia,Spain,Saudi Arabia,Spain,3,0,Andrea Tinti,England,21/06/2026_Spain vs Saudi Arabia,21/06/2026_Spain vs Saudi Arabia_Andrea Tinti,OK,OK,OK,OK,OK,4,0,3,0,3
,bd799f9b-2f69-41ec-a56c-3d47ba2b141c,46194,Belgium vs Iran,Belgium vs Iran,Belgium,Iran,Belgium,1,0,Andrea Tinti,England,21/06/2026_Belgium vs Iran,21/06/2026_Belgium vs Iran_Andrea Tinti,OK,OK,OK,OK,OK,0,0,0,0,0
,6634dcd2-1eb0-43f8-8815-324cf1e19768,46195,Uruguay vs Cape Verde Islands,Uruguay vs Cape Verde Islands,Uruguay,Cape Verde Islands,Uruguay,2,0,Andrea Tinti,England,22/06/2026_Uruguay vs Cape Verde Islands,22/06/2026_Uruguay vs Cape Verde Islands_Andrea Tinti,OK,OK,OK,OK,OK,2,2,0,0,0
,99c15639-a7da-40d1-8271-250b74aec510,46195,New Zealand vs Egypt,New Zealand vs Egypt,New Zealand,Egypt,Egypt,0,1,Andrea Tinti,England,22/06/2026_New Zealand vs Egypt,22/06/2026_New Zealand vs Egypt_Andrea Tinti,OK,OK,OK,OK,OK,1,3,3,0,3
,db19a418-f10d-4833-a673-cc1c41c9b1df,46195,Argentina vs Austria,Argentina vs Austria,Argentina,Austria,Argentina,2,0,Andrea Tinti,England,22/06/2026_Argentina vs Austria,22/06/2026_Argentina vs Austria_Andrea Tinti,OK,OK,OK,OK,OK,2,0,3,5,8
,2f89d400-f7aa-42f1-924f-edd11d7b4cb7,46195,France vs Iraq,France vs Iraq,France,Iraq,France,1,0,Andrea Tinti,England,22/06/2026_France vs Iraq,22/06/2026_France vs Iraq_Andrea Tinti,OK,OK,OK,OK,OK,3,0,3,0,3
,23ab53ae-e45d-483c-9162-8875e4d1a7ef,46196,Norway vs Senegal,Norway vs Senegal,Norway,Senegal,Norway,2,0,Andrea Tinti,England,23/06/2026_Norway vs Senegal,23/06/2026_Norway vs Senegal_Andrea Tinti,OK,OK,OK,OK,OK,3,2,3,0,3
,34102ba4-f37f-4eed-abde-96eb0015b7b2,46196,Jordan vs Algeria,Jordan vs Algeria,Jordan,Algeria,Algeria,0,1,Andrea Tinti,England,23/06/2026_Jordan vs Algeria,23/06/2026_Jordan vs Algeria_Andrea Tinti,OK,OK,OK,OK,OK,1,2,3,0,3
,9e5ed60b-d246-4a98-914a-659eee9affd9,46196,Portugal vs Uzbekistan,Portugal vs Uzbekistan,Portugal,Uzbekistan,Portugal,2,1,Andrea Tinti,England,23/06/2026_Portugal vs Uzbekistan,23/06/2026_Portugal vs Uzbekistan_Andrea Tinti,OK,OK,OK,OK,OK,5,0,3,0,3
,6613bffc-012a-42f4-8c33-0e896e000ef8,46196,England vs Ghana,England vs Ghana,England,Ghana,England,1,0,Andrea Tinti,England,23/06/2026_England vs Ghana,23/06/2026_England vs Ghana_Andrea Tinti,OK,OK,OK,OK,OK,0,0,0,0,0
,9585b5ee-f375-4237-b4a8-dc8848b303fe,46197,Panama vs Croatia,Panama vs Croatia,Panama,Croatia,Croatia,0,2,Andrea Tinti,England,24/06/2026_Panama vs Croatia,24/06/2026_Panama vs Croatia_Andrea Tinti,OK,OK,OK,OK,OK,0,1,3,0,3
,159d7b9c-6bcb-4a55-86a6-8f57f8847c17,46197,Colombia vs Congo DR,Colombia vs Congo DR,Colombia,Congo DR,Colombia,1,0,Andrea Tinti,England,24/06/2026_Colombia vs Congo DR,24/06/2026_Colombia vs Congo DR_Andrea Tinti,OK,OK,OK,OK,OK,1,0,3,5,8
,aebca5de-8027-48d8-83b8-4e99ab86ff74,46197,Switzerland vs Canada,Switzerland vs Canada,Switzerland,Canada,Tie,0,0,Andrea Tinti,England,24/06/2026_Switzerland vs Canada,24/06/2026_Switzerland vs Canada_Andrea Tinti,OK,OK,OK,OK,OK,2,1,0,0,0
,e2b04907-3a7d-4cf1-8ad8-4dddf44435ca,46197,Bosnia-Herzegovina vs Qatar,Bosnia-Herzegovina vs Qatar,Bosnia-Herzegovina,Qatar,Bosnia-Herzegovina,1,0,Andrea Tinti,England,24/06/2026_Bosnia-Herzegovina vs Qatar,24/06/2026_Bosnia-Herzegovina vs Qatar_Andrea Tinti,OK,OK,OK,OK,OK,3,1,3,0,3
,7c76867d-a648-40b4-a45d-9f5219dc55c2,46198,Morocco vs Haiti,Morocco vs Haiti,Morocco,Haiti,Morocco,1,0,Andrea Tinti,England,25/06/2026_Morocco vs Haiti,25/06/2026_Morocco vs Haiti_Andrea Tinti,OK,OK,OK,OK,OK,4,2,3,0,3
,6557178d-3835-40a5-b6b8-21d9a10469ec,46198,Scotland vs Brazil,Scotland vs Brazil,Scotland,Brazil,Brazil,0,1,Andrea Tinti,England,25/06/2026_Scotland vs Brazil,25/06/2026_Scotland vs Brazil_Andrea Tinti,OK,OK,OK,OK,OK,0,3,3,0,3
,90f6c2be-936a-4772-b7da-b18486eb3b22,46198,South Africa vs South Korea,South Africa vs South Korea,South Africa,South Korea,South Africa,1,0,Andrea Tinti,England,25/06/2026_South Africa vs South Korea,25/06/2026_South Africa vs South Korea_Andrea Tinti,OK,OK,OK,OK,OK,1,0,3,5,8
,588060e6-62fb-484e-90ba-752e68c4091e,46198,Czechia vs Mexico,Czechia vs Mexico,Czechia,Mexico,Mexico,1,3,Andrea Tinti,England,25/06/2026_Czechia vs Mexico,25/06/2026_Czechia vs Mexico_Andrea Tinti,OK,OK,OK,OK,OK,0,3,3,0,3
,87dc0368-01cf-42e1-889a-cec4f47232be,46198,Curaçao vs Ivory Coast,Curaçao vs Ivory Coast,Curaçao,Ivory Coast,Ivory Coast,0,3,Andrea Tinti,England,25/06/2026_Curaçao vs Ivory Coast,25/06/2026_Curaçao vs Ivory Coast_Andrea Tinti,OK,OK,OK,OK,OK,0,2,3,0,3
,047ce659-2958-4b91-aec2-0b43a619d128,46198,Ecuador vs Germany,Ecuador vs Germany,Ecuador,Germany,Germany,0,1,Andrea Tinti,England,25/06/2026_Ecuador vs Germany,25/06/2026_Ecuador vs Germany_Andrea Tinti,OK,OK,OK,OK,OK,2,1,0,0,0
,b47f182a-cf83-449b-b1e3-0f1fffa8ff3d,46199,Tunisia vs Netherlands,Tunisia vs Netherlands,Tunisia,Netherlands,Netherlands,0,2,Andrea Tinti,England,26/06/2026_Tunisia vs Netherlands,26/06/2026_Tunisia vs Netherlands_Andrea Tinti,OK,OK,OK,OK,OK,1,3,3,0,3
,71517758-650d-4dee-af05-3320c02f3998,46199,Japan vs Sweden,Japan vs Sweden,Japan,Sweden,Sweden,0,1,Andrea Tinti,England,26/06/2026_Japan vs Sweden,26/06/2026_Japan vs Sweden_Andrea Tinti,OK,OK,OK,OK,OK,1,1,0,0,0
,1aa704c0-6e8c-408c-aecf-671a633e759d,46199,Turkey vs United States,Turkey vs United States,Turkey,United States,United States,0,1,Andrea Tinti,England,26/06/2026_Turkey vs United States,26/06/2026_Turkey vs United States_Andrea Tinti,OK,OK,OK,OK,OK,3,2,0,0,0
,bc3e9efd-886d-476b-8262-eecd24d5417b,46199,Paraguay vs Australia,Paraguay vs Australia,Paraguay,Australia,Paraguay,2,1,Andrea Tinti,England,26/06/2026_Paraguay vs Australia,26/06/2026_Paraguay vs Australia_Andrea Tinti,OK,OK,OK,OK,OK,0,0,0,0,0
,52d4d6d3-17d7-445d-924c-6518efa8eab7,46199,Norway vs France,Norway vs France,Norway,France,France,0,1,Andrea Tinti,England,26/06/2026_Norway vs France,26/06/2026_Norway vs France_Andrea Tinti,OK,OK,OK,OK,OK,1,4,3,0,3
,37e4d490-fce1-4e34-935f-d7da454c56e4,46199,Senegal vs Iraq,Senegal vs Iraq,Senegal,Iraq,Senegal,2,1,Andrea Tinti,England,26/06/2026_Senegal vs Iraq,26/06/2026_Senegal vs Iraq_Andrea Tinti,OK,OK,OK,OK,OK,5,0,3,0,3
,df45bd6b-7bb0-4031-9dbc-9de43c042322,46200,Cape Verde Islands vs Saudi Arabia,Cape Verde Islands vs Saudi Arabia,Cape Verde Islands,Saudi Arabia,Saudi Arabia,1,2,Andrea Tinti,England,27/06/2026_Cape Verde Islands vs Saudi Arabia,27/06/2026_Cape Verde Islands vs Saudi Arabia_Andrea Tinti,OK,OK,OK,OK,OK,0,0,0,0,0
,4b9e12b1-4867-4344-9566-79a0658524b1,46200,Uruguay vs Spain,Uruguay vs Spain,Uruguay,Spain,Spain,1,3,Andrea Tinti,England,27/06/2026_Uruguay vs Spain,27/06/2026_Uruguay vs Spain_Andrea Tinti,OK,OK,OK,OK,OK,0,1,3,0,3
,5480fd7d-d26e-476c-a114-e7267bdafd2b,46200,New Zealand vs Belgium,New Zealand vs Belgium,New Zealand,Belgium,Belgium,0,1,Andrea Tinti,England,27/06/2026_New Zealand vs Belgium,27/06/2026_New Zealand vs Belgium_Andrea Tinti,OK,OK,OK,OK,OK,1,5,3,0,3
,5b06acec-5e3c-467e-a187-5927e17de8ad,46200,Egypt vs Iran,Egypt vs Iran,Egypt,Iran,Egypt,3,2,Andrea Tinti,England,27/06/2026_Egypt vs Iran,27/06/2026_Egypt vs Iran_Andrea Tinti,OK,OK,OK,OK,OK,1,1,0,0,0
,ff5e3c20-aedc-403d-9dd1-e591ce6ef6a5,46200,Panama vs England,Panama vs England,Panama,England,England,0,4,Andrea Tinti,England,27/06/2026_Panama vs England,27/06/2026_Panama vs England_Andrea Tinti,OK,OK,OK,OK,OK,0,2,3,0,3
,ed754f23-4444-41d5-947d-474807a47d5f,46200,Croatia vs Ghana,Croatia vs Ghana,Croatia,Ghana,Croatia,2,0,Andrea Tinti,England,27/06/2026_Croatia vs Ghana,27/06/2026_Croatia vs Ghana_Andrea Tinti,OK,OK,OK,OK,OK,2,1,3,0,3
,f4b7f636-b037-4cbf-9ac8-eca1b899bf13,46201,Colombia vs Portugal,Colombia vs Portugal,Colombia,Portugal,Portugal,1,3,Andrea Tinti,England,28/06/2026_Colombia vs Portugal,28/06/2026_Colombia vs Portugal_Andrea Tinti,OK,OK,OK,OK,OK,0,0,0,0,0
,2d8b11e9-df33-486e-86ed-0f21ce304201,46201,Congo DR vs Uzbekistan,Congo DR vs Uzbekistan,Congo DR,Uzbekistan,Uzbekistan,0,2,Andrea Tinti,England,28/06/2026_Congo DR vs Uzbekistan,28/06/2026_Congo DR vs Uzbekistan_Andrea Tinti,OK,OK,OK,OK,OK,3,1,0,0,0
,1c52c3f3-b880-4653-a999-513372af463b,46201,Algeria vs Austria,Algeria vs Austria,Algeria,Austria,Austria,0,1,Andrea Tinti,England,28/06/2026_Algeria vs Austria,28/06/2026_Algeria vs Austria_Andrea Tinti,OK,OK,OK,OK,OK,3,3,0,0,0
,2113f5e4-5ba5-463d-a93c-8c70838d7329,46201,Jordan vs Argentina,Jordan vs Argentina,Jordan,Argentina,Argentina,0,3,Andrea Tinti,England,28/06/2026_Jordan vs Argentina,28/06/2026_Jordan vs Argentina_Andrea Tinti,OK,OK,OK,OK,OK,1,3,3,0,3
,5f12eae0-b091-46ae-9de6-e93d59517b97,46184,Mexico vs South Africa,Mexico vs South Africa,Mexico,South Africa,Mexico,2,0,Jessica Scicluna,Brazil,11/06/2026_Mexico vs South Africa,11/06/2026_Mexico vs South Africa_Jessica Scicluna,OK,OK,OK,OK,OK,2,0,3,5,8
,c081a3de-1805-4b5a-91d0-43e09e86405d,46185,South Korea vs Czechia,South Korea vs Czechia,South Korea,Czechia,Tie,1,1,Jessica Scicluna,Brazil,12/06/2026_South Korea vs Czechia,12/06/2026_South Korea vs Czechia_Jessica Scicluna,OK,OK,OK,OK,OK,2,1,0,0,0
,9ee7db81-39e0-496a-8457-c3a00b9d2fbb,46185,Canada vs Bosnia-Herzegovina,Canada vs Bosnia-Herzegovina,Canada,Bosnia-Herzegovina,Canada,2,1,Jessica Scicluna,Brazil,12/06/2026_Canada vs Bosnia-Herzegovina,12/06/2026_Canada vs Bosnia-Herzegovina_Jessica Scicluna,OK,OK,OK,OK,OK,1,1,0,0,0
,4163f60c-601f-420f-9e22-e9f0ec1cfe2f,46186,United States vs Paraguay,United States vs Paraguay,United States,Paraguay,United States,2,0,Jessica Scicluna,Brazil,13/06/2026_United States vs Paraguay,13/06/2026_United States vs Paraguay_Jessica Scicluna,OK,OK,OK,OK,OK,4,1,3,0,3
,f2fc1436-d342-48e5-b042-5e43f1ce91fe,46186,Qatar vs Switzerland,Qatar vs Switzerland,Qatar,Switzerland,Switzerland,0,2,Jessica Scicluna,Brazil,13/06/2026_Qatar vs Switzerland,13/06/2026_Qatar vs Switzerland_Jessica Scicluna,OK,OK,OK,OK,OK,1,1,0,0,0
,d7429dae-348a-43a8-b012-10cc5b157b9d,46187,Brazil vs Morocco,Brazil vs Morocco,Brazil,Morocco,Brazil,2,0,Jessica Scicluna,Brazil,14/06/2026_Brazil vs Morocco,14/06/2026_Brazil vs Morocco_Jessica Scicluna,OK,OK,OK,OK,OK,1,1,0,0,0
,5130ef0f-27c6-4746-978f-e0e0a0cf5beb,46187,Haiti vs Scotland,Haiti vs Scotland,Haiti,Scotland,Scotland,0,2,Jessica Scicluna,Brazil,14/06/2026_Haiti vs Scotland,14/06/2026_Haiti vs Scotland_Jessica Scicluna,OK,OK,OK,OK,OK,0,1,3,0,3
,718f3542-e90c-4ba9-8e92-915eb6a9a547,46187,Australia vs Turkey,Australia vs Turkey,Australia,Turkey,Turkey,1,2,Jessica Scicluna,Brazil,14/06/2026_Australia vs Turkey,14/06/2026_Australia vs Turkey_Jessica Scicluna,OK,OK,OK,OK,OK,2,0,0,0,0
,77c7dd87-0383-4a42-ad0e-fa1c376497fa,46187,Germany vs Curaçao,Germany vs Curaçao,Germany,Curaçao,Germany,4,0,Jessica Scicluna,Brazil,14/06/2026_Germany vs Curaçao,14/06/2026_Germany vs Curaçao_Jessica Scicluna,OK,OK,OK,OK,OK,7,1,3,0,3
,6262c9c9-a852-4be6-8c34-d5f87ad5db34,46187,Netherlands vs Japan,Netherlands vs Japan,Netherlands,Japan,Netherlands,2,1,Jessica Scicluna,Brazil,14/06/2026_Netherlands vs Japan,14/06/2026_Netherlands vs Japan_Jessica Scicluna,OK,OK,OK,OK,OK,2,2,0,0,0
,27f73fae-0a22-47a4-ab99-1c12a06ccbac,46188,Ivory Coast vs Ecuador,Ivory Coast vs Ecuador,Ivory Coast,Ecuador,Ivory Coast,2,1,Jessica Scicluna,Brazil,15/06/2026_Ivory Coast vs Ecuador,15/06/2026_Ivory Coast vs Ecuador_Jessica Scicluna,OK,OK,OK,OK,OK,1,0,3,0,3
,4c34ab5e-36f5-4087-972e-78622ca9e1b7,46188,Sweden vs Tunisia,Sweden vs Tunisia,Sweden,Tunisia,Sweden,2,0,Jessica Scicluna,Brazil,15/06/2026_Sweden vs Tunisia,15/06/2026_Sweden vs Tunisia_Jessica Scicluna,OK,OK,OK,OK,OK,5,1,3,0,3
,43ab0605-d277-4e76-8b29-603fee8837f8,46188,Belgium vs Egypt,Belgium vs Egypt,Belgium,Egypt,Belgium,2,0,Jessica Scicluna,Brazil,15/06/2026_Belgium vs Egypt,15/06/2026_Belgium vs Egypt_Jessica Scicluna,OK,OK,OK,OK,OK,1,1,0,0,0
,25e37d03-a797-4132-ba52-5410f90d9f6b,46188,Spain vs Cape Verde Islands,Spain vs Cape Verde Islands,Spain,Cape Verde Islands,Spain,4,0,Jessica Scicluna,Brazil,15/06/2026_Spain vs Cape Verde Islands,15/06/2026_Spain vs Cape Verde Islands_Jessica Scicluna,OK,OK,OK,OK,OK,0,0,0,0,0
,8b007096-36b0-4267-a84d-6d301672aa82,46189,Saudi Arabia vs Uruguay,Saudi Arabia vs Uruguay,Saudi Arabia,Uruguay,Uruguay,1,2,Jessica Scicluna,Brazil,16/06/2026_Saudi Arabia vs Uruguay,16/06/2026_Saudi Arabia vs Uruguay_Jessica Scicluna,OK,OK,OK,OK,OK,1,1,0,0,0
,bcec74ad-be0f-411a-ab26-993db36dc08e,46189,Iran vs New Zealand,Iran vs New Zealand,Iran,New Zealand,Iran,2,0,Jessica Scicluna,Brazil,16/06/2026_Iran vs New Zealand,16/06/2026_Iran vs New Zealand_Jessica Scicluna,OK,OK,OK,OK,OK,2,2,0,0,0
,bf10311b-6d77-422f-bdeb-ad730be0e3a3,46189,France vs Senegal,France vs Senegal,France,Senegal,France,2,0,Jessica Scicluna,Brazil,16/06/2026_France vs Senegal,16/06/2026_France vs Senegal_Jessica Scicluna,OK,OK,OK,OK,OK,3,1,3,0,3
,64481ed0-d3cf-4939-83c5-341d13b65299,46190,Iraq vs Norway,Iraq vs Norway,Iraq,Norway,Norway,0,2,Jessica Scicluna,Brazil,17/06/2026_Iraq vs Norway,17/06/2026_Iraq vs Norway_Jessica Scicluna,OK,OK,OK,OK,OK,1,4,3,0,3
,0b96be19-8380-4cbb-b251-3f1fa8a78b1a,46190,Argentina vs Algeria,Argentina vs Algeria,Argentina,Algeria,Argentina,3,0,Jessica Scicluna,Brazil,17/06/2026_Argentina vs Algeria,17/06/2026_Argentina vs Algeria_Jessica Scicluna,OK,OK,OK,OK,OK,3,0,3,5,8
,b0e7ad0f-4daf-40c5-bf99-e4f060849586,46190,Austria vs Jordan,Austria vs Jordan,Austria,Jordan,Austria,3,0,Jessica Scicluna,Brazil,17/06/2026_Austria vs Jordan,17/06/2026_Austria vs Jordan_Jessica Scicluna,OK,OK,OK,OK,OK,3,1,3,0,3
,c05847df-24bc-438c-bf84-b9aff77e887e,46190,Portugal vs Congo DR,Portugal vs Congo DR,Portugal,Congo DR,Portugal,3,0,Jessica Scicluna,Brazil,17/06/2026_Portugal vs Congo DR,17/06/2026_Portugal vs Congo DR_Jessica Scicluna,OK,OK,OK,OK,OK,1,1,0,0,0
,22268e32-7cdc-4de6-952f-b8f3cef7ca74,46190,England vs Croatia,England vs Croatia,England,Croatia,England,2,0,Jessica Scicluna,Brazil,17/06/2026_England vs Croatia,17/06/2026_England vs Croatia_Jessica Scicluna,OK,OK,OK,OK,OK,4,2,3,0,3
,badabf0c-b102-4962-abd2-f4c24e6828ce,46191,Ghana vs Panama,Ghana vs Panama,Ghana,Panama,Ghana,2,1,Jessica Scicluna,Brazil,18/06/2026_Ghana vs Panama,18/06/2026_Ghana vs Panama_Jessica Scicluna,OK,OK,OK,OK,OK,1,0,3,0,3
,b9e7a883-2c91-4cbf-ab64-d2d03a3e07bc,46191,Uzbekistan vs Colombia,Uzbekistan vs Colombia,Uzbekistan,Colombia,Colombia,0,2,Jessica Scicluna,Brazil,18/06/2026_Uzbekistan vs Colombia,18/06/2026_Uzbekistan vs Colombia_Jessica Scicluna,OK,OK,OK,OK,OK,1,3,3,0,3
,6165ee36-1ac6-44af-a41f-f6cea308d040,46191,Czechia vs South Africa,Czechia vs South Africa,Czechia,South Africa,Czechia,2,0,Jessica Scicluna,Brazil,18/06/2026_Czechia vs South Africa,18/06/2026_Czechia vs South Africa_Jessica Scicluna,OK,OK,OK,OK,OK,1,1,0,0,0
,cf1fc242-8da7-47e3-8159-a80595f17adc,46191,Switzerland vs Bosnia-Herzegovina,Switzerland vs Bosnia-Herzegovina,Switzerland,Bosnia-Herzegovina,Switzerland,2,0,Jessica Scicluna,Brazil,18/06/2026_Switzerland vs Bosnia-Herzegovina,18/06/2026_Switzerland vs Bosnia-Herzegovina_Jessica Scicluna,OK,OK,OK,OK,OK,4,1,3,0,3
,1debacbc-890d-4606-8c46-4c4e677e2faa,46192,Canada vs Qatar,Canada vs Qatar,Canada,Qatar,Canada,2,0,Jessica Scicluna,Brazil,19/06/2026_Canada vs Qatar,19/06/2026_Canada vs Qatar_Jessica Scicluna,OK,OK,OK,OK,OK,6,0,3,0,3
,ca53f7d9-f8b3-40be-80e4-d0c1082a2fc0,46192,Mexico vs South Korea,Mexico vs South Korea,Mexico,South Korea,Mexico,2,1,Jessica Scicluna,Brazil,19/06/2026_Mexico vs South Korea,19/06/2026_Mexico vs South Korea_Jessica Scicluna,OK,OK,OK,OK,OK,1,0,3,0,3
,d428f8f5-b1d8-4434-8011-6c64fe2b77b6,46192,United States vs Australia,United States vs Australia,United States,Australia,United States,2,1,Jessica Scicluna,Brazil,19/06/2026_United States vs Australia,19/06/2026_United States vs Australia_Jessica Scicluna,OK,OK,OK,OK,OK,2,0,3,0,3
,c927ddc3-518d-482c-9424-b1d3da4093f9,46193,Scotland vs Morocco,Scotland vs Morocco,Scotland,Morocco,Tie,1,1,Jessica Scicluna,Brazil,20/06/2026_Scotland vs Morocco,20/06/2026_Scotland vs Morocco_Jessica Scicluna,OK,OK,OK,OK,OK,0,1,0,0,0
,84e7cba7-758b-4cee-a1e2-0cecc349478c,46193,Brazil vs Haiti,Brazil vs Haiti,Brazil,Haiti,Brazil,4,0,Jessica Scicluna,Brazil,20/06/2026_Brazil vs Haiti,20/06/2026_Brazil vs Haiti_Jessica Scicluna,OK,OK,OK,OK,OK,3,0,3,0,3
,87a52573-c1da-4da2-bb79-5af1fc6075f3,46193,Turkey vs Paraguay,Turkey vs Paraguay,Turkey,Paraguay,Turkey,2,1,Jessica Scicluna,Brazil,20/06/2026_Turkey vs Paraguay,20/06/2026_Turkey vs Paraguay_Jessica Scicluna,OK,OK,OK,OK,OK,0,1,0,0,0
,34498e26-9aeb-4cf3-9557-5b984d5aacfd,46193,Netherlands vs Sweden,Netherlands vs Sweden,Netherlands,Sweden,Netherlands,2,1,Jessica Scicluna,Brazil,20/06/2026_Netherlands vs Sweden,20/06/2026_Netherlands vs Sweden_Jessica Scicluna,OK,OK,OK,OK,OK,5,1,3,0,3
,70396bda-aa09-4d12-8b8f-0fd57d0924b8,46193,Germany vs Ivory Coast,Germany vs Ivory Coast,Germany,Ivory Coast,Germany,2,1,Jessica Scicluna,Brazil,20/06/2026_Germany vs Ivory Coast,20/06/2026_Germany vs Ivory Coast_Jessica Scicluna,OK,OK,OK,OK,OK,2,1,3,5,8
,dd4d5e5a-35a5-4a20-b7d1-92d60290b518,46194,Ecuador vs Curaçao,Ecuador vs Curaçao,Ecuador,Curaçao,Ecuador,3,0,Jessica Scicluna,Brazil,21/06/2026_Ecuador vs Curaçao,21/06/2026_Ecuador vs Curaçao_Jessica Scicluna,OK,OK,OK,OK,OK,0,0,0,0,0
,19ae2a98-5603-4c62-8997-d2390887d199,46194,Tunisia vs Japan,Tunisia vs Japan,Tunisia,Japan,Japan,0,2,Jessica Scicluna,Brazil,21/06/2026_Tunisia vs Japan,21/06/2026_Tunisia vs Japan_Jessica Scicluna,OK,OK,OK,OK,OK,0,4,3,0,3
,168af672-5e4f-480e-8513-22ac3952c77e,46194,Spain vs Saudi Arabia,Spain vs Saudi Arabia,Spain,Saudi Arabia,Spain,3,0,Jessica Scicluna,Brazil,21/06/2026_Spain vs Saudi Arabia,21/06/2026_Spain vs Saudi Arabia_Jessica Scicluna,OK,OK,OK,OK,OK,4,0,3,0,3
,6b38a955-d46e-4f3a-8ae4-b7335c713d53,46194,Belgium vs Iran,Belgium vs Iran,Belgium,Iran,Belgium,2,0,Jessica Scicluna,Brazil,21/06/2026_Belgium vs Iran,21/06/2026_Belgium vs Iran_Jessica Scicluna,OK,OK,OK,OK,OK,0,0,0,0,0
,73ddecfd-1516-4fc7-bdbf-ad20502a3230,46195,Uruguay vs Cape Verde Islands,Uruguay vs Cape Verde Islands,Uruguay,Cape Verde Islands,Uruguay,3,0,Jessica Scicluna,Brazil,22/06/2026_Uruguay vs Cape Verde Islands,22/06/2026_Uruguay vs Cape Verde Islands_Jessica Scicluna,OK,OK,OK,OK,OK,2,2,0,0,0
,c31099e4-6186-4e87-8b06-b144bcebedb2,46195,New Zealand vs Egypt,New Zealand vs Egypt,New Zealand,Egypt,Egypt,0,2,Jessica Scicluna,Brazil,22/06/2026_New Zealand vs Egypt,22/06/2026_New Zealand vs Egypt_Jessica Scicluna,OK,OK,OK,OK,OK,1,3,3,0,3
,effa0d27-af9f-49b5-9f1a-7f24a3b4dc2b,46195,Argentina vs Austria,Argentina vs Austria,Argentina,Austria,Argentina,2,0,Jessica Scicluna,Brazil,22/06/2026_Argentina vs Austria,22/06/2026_Argentina vs Austria_Jessica Scicluna,OK,OK,OK,OK,OK,2,0,3,5,8
,107385db-eadf-4c8b-9dfa-5a85c69418d6,46195,France vs Iraq,France vs Iraq,France,Iraq,France,3,0,Jessica Scicluna,Brazil,22/06/2026_France vs Iraq,22/06/2026_France vs Iraq_Jessica Scicluna,OK,OK,OK,OK,OK,3,0,3,5,8
,a2ff9eed-895e-48df-89a9-0230f6763cfc,46196,Norway vs Senegal,Norway vs Senegal,Norway,Senegal,Norway,2,1,Jessica Scicluna,Brazil,23/06/2026_Norway vs Senegal,23/06/2026_Norway vs Senegal_Jessica Scicluna,OK,OK,OK,OK,OK,3,2,3,0,3
,83a3cc2b-ee84-4031-967c-16fc8c73eb6c,46196,Jordan vs Algeria,Jordan vs Algeria,Jordan,Algeria,Algeria,0,2,Jessica Scicluna,Brazil,23/06/2026_Jordan vs Algeria,23/06/2026_Jordan vs Algeria_Jessica Scicluna,OK,OK,OK,OK,OK,1,2,3,0,3
,90c9aa61-92b4-44fb-aece-bc36fda66f57,46196,Portugal vs Uzbekistan,Portugal vs Uzbekistan,Portugal,Uzbekistan,Portugal,3,0,Jessica Scicluna,Brazil,23/06/2026_Portugal vs Uzbekistan,23/06/2026_Portugal vs Uzbekistan_Jessica Scicluna,OK,OK,OK,OK,OK,5,0,3,0,3
,2fd989a4-b239-40d8-a351-992b9f2cf516,46196,England vs Ghana,England vs Ghana,England,Ghana,England,2,0,Jessica Scicluna,Brazil,23/06/2026_England vs Ghana,23/06/2026_England vs Ghana_Jessica Scicluna,OK,OK,OK,OK,OK,0,0,0,0,0
,e0f23af4-8e99-4c81-a345-2a8232abbf57,46197,Panama vs Croatia,Panama vs Croatia,Panama,Croatia,Croatia,0,2,Jessica Scicluna,Brazil,24/06/2026_Panama vs Croatia,24/06/2026_Panama vs Croatia_Jessica Scicluna,OK,OK,OK,OK,OK,0,1,3,0,3
,02b7eadc-3818-4244-80ba-d9af076750cd,46197,Colombia vs Congo DR,Colombia vs Congo DR,Colombia,Congo DR,Colombia,2,0,Jessica Scicluna,Brazil,24/06/2026_Colombia vs Congo DR,24/06/2026_Colombia vs Congo DR_Jessica Scicluna,OK,OK,OK,OK,OK,1,0,3,0,3
,178a5c86-c470-410b-9828-84d27cd75645,46197,Switzerland vs Canada,Switzerland vs Canada,Switzerland,Canada,Switzerland,2,1,Jessica Scicluna,Brazil,24/06/2026_Switzerland vs Canada,24/06/2026_Switzerland vs Canada_Jessica Scicluna,OK,OK,OK,OK,OK,2,1,3,5,8
,a004d710-8e90-4a44-8486-b550079984f0,46197,Bosnia-Herzegovina vs Qatar,Bosnia-Herzegovina vs Qatar,Bosnia-Herzegovina,Qatar,Bosnia-Herzegovina,2,0,Jessica Scicluna,Brazil,24/06/2026_Bosnia-Herzegovina vs Qatar,24/06/2026_Bosnia-Herzegovina vs Qatar_Jessica Scicluna,OK,OK,OK,OK,OK,3,1,3,0,3
,bc62196c-6b69-478d-ab51-f876d05ef9c7,46198,Morocco vs Haiti,Morocco vs Haiti,Morocco,Haiti,Morocco,3,0,Jessica Scicluna,Brazil,25/06/2026_Morocco vs Haiti,25/06/2026_Morocco vs Haiti_Jessica Scicluna,OK,OK,OK,OK,OK,4,2,3,0,3
,1796daf9-8dfb-4696-bb88-3022587d23da,46198,Scotland vs Brazil,Scotland vs Brazil,Scotland,Brazil,Brazil,0,2,Jessica Scicluna,Brazil,25/06/2026_Scotland vs Brazil,25/06/2026_Scotland vs Brazil_Jessica Scicluna,OK,OK,OK,OK,OK,0,3,3,0,3
,6c5826a3-1392-4bd6-a22e-a25a342b76b7,46198,South Africa vs South Korea,South Africa vs South Korea,South Africa,South Korea,Tie,1,1,Jessica Scicluna,Brazil,25/06/2026_South Africa vs South Korea,25/06/2026_South Africa vs South Korea_Jessica Scicluna,OK,OK,OK,OK,OK,1,0,0,0,0
,5ea9dabf-766b-4854-af96-d9acad115bdc,46198,Czechia vs Mexico,Czechia vs Mexico,Czechia,Mexico,Czechia,2,1,Jessica Scicluna,Brazil,25/06/2026_Czechia vs Mexico,25/06/2026_Czechia vs Mexico_Jessica Scicluna,OK,OK,OK,OK,OK,0,3,0,0,0
,55d42753-fd9f-4d17-8b7d-2262dd84f658,46198,Curaçao vs Ivory Coast,Curaçao vs Ivory Coast,Curaçao,Ivory Coast,Ivory Coast,0,2,Jessica Scicluna,Brazil,25/06/2026_Curaçao vs Ivory Coast,25/06/2026_Curaçao vs Ivory Coast_Jessica Scicluna,OK,OK,OK,OK,OK,0,2,3,5,8
,020f3846-1303-4b93-813d-c87784faa7f3,46198,Ecuador vs Germany,Ecuador vs Germany,Ecuador,Germany,Germany,1,2,Jessica Scicluna,Brazil,25/06/2026_Ecuador vs Germany,25/06/2026_Ecuador vs Germany_Jessica Scicluna,OK,OK,OK,OK,OK,2,1,0,0,0
,fb014027-e099-41b3-870e-f2a4449290ae,46199,Tunisia vs Netherlands,Tunisia vs Netherlands,Tunisia,Netherlands,Netherlands,0,2,Jessica Scicluna,Brazil,26/06/2026_Tunisia vs Netherlands,26/06/2026_Tunisia vs Netherlands_Jessica Scicluna,OK,OK,OK,OK,OK,1,3,3,0,3
,2ddf5f54-b92c-4dc7-b473-bd3366cc7276,46199,Japan vs Sweden,Japan vs Sweden,Japan,Sweden,Japan,2,1,Jessica Scicluna,Brazil,26/06/2026_Japan vs Sweden,26/06/2026_Japan vs Sweden_Jessica Scicluna,OK,OK,OK,OK,OK,1,1,0,0,0
,01ca0b7f-0abe-40db-958d-d0d19b062464,46199,Turkey vs United States,Turkey vs United States,Turkey,United States,United States,1,2,Jessica Scicluna,Brazil,26/06/2026_Turkey vs United States,26/06/2026_Turkey vs United States_Jessica Scicluna,OK,OK,OK,OK,OK,3,2,0,0,0
,2175da86-b5b7-4a16-baf4-f61880484f05,46199,Paraguay vs Australia,Paraguay vs Australia,Paraguay,Australia,Tie,1,1,Jessica Scicluna,Brazil,26/06/2026_Paraguay vs Australia,26/06/2026_Paraguay vs Australia_Jessica Scicluna,OK,OK,OK,OK,OK,0,0,3,0,3
,d033c8da-605a-4d26-a209-afef1539acc1,46199,Norway vs France,Norway vs France,Norway,France,France,1,2,Jessica Scicluna,Brazil,26/06/2026_Norway vs France,26/06/2026_Norway vs France_Jessica Scicluna,OK,OK,OK,OK,OK,1,4,3,0,3
,defec435-0785-46e1-9c88-179100aa4097,46199,Senegal vs Iraq,Senegal vs Iraq,Senegal,Iraq,Senegal,2,0,Jessica Scicluna,Brazil,26/06/2026_Senegal vs Iraq,26/06/2026_Senegal vs Iraq_Jessica Scicluna,OK,OK,OK,OK,OK,5,0,3,0,3
,64b9b7bb-5fcc-4843-a2b6-789a6a1d6649,46200,Cape Verde Islands vs Saudi Arabia,Cape Verde Islands vs Saudi Arabia,Cape Verde Islands,Saudi Arabia,Saudi Arabia,0,2,Jessica Scicluna,Brazil,27/06/2026_Cape Verde Islands vs Saudi Arabia,27/06/2026_Cape Verde Islands vs Saudi Arabia_Jessica Scicluna,OK,OK,OK,OK,OK,0,0,0,0,0
,33c8fdf5-9dcb-49c0-aae4-150073b9fee9,46200,Uruguay vs Spain,Uruguay vs Spain,Uruguay,Spain,Spain,1,2,Jessica Scicluna,Brazil,27/06/2026_Uruguay vs Spain,27/06/2026_Uruguay vs Spain_Jessica Scicluna,OK,OK,OK,OK,OK,0,1,3,0,3
,efc934ae-11fb-412a-8235-e88db1b3cc18,46200,New Zealand vs Belgium,New Zealand vs Belgium,New Zealand,Belgium,Belgium,0,2,Jessica Scicluna,Brazil,27/06/2026_New Zealand vs Belgium,27/06/2026_New Zealand vs Belgium_Jessica Scicluna,OK,OK,OK,OK,OK,1,5,3,0,3
,eed8e09a-7da5-4f8a-9aed-b81e215083e0,46200,Egypt vs Iran,Egypt vs Iran,Egypt,Iran,Tie,1,1,Jessica Scicluna,Brazil,27/06/2026_Egypt vs Iran,27/06/2026_Egypt vs Iran_Jessica Scicluna,OK,OK,OK,OK,OK,1,1,3,5,8
,72d9a4b5-2e4b-4cdd-ab39-235b388e0706,46200,Panama vs England,Panama vs England,Panama,England,England,0,2,Jessica Scicluna,Brazil,27/06/2026_Panama vs England,27/06/2026_Panama vs England_Jessica Scicluna,OK,OK,OK,OK,OK,0,2,3,5,8
,439c0b15-dc3a-480e-b79f-a759447892fe,46200,Croatia vs Ghana,Croatia vs Ghana,Croatia,Ghana,Croatia,2,1,Jessica Scicluna,Brazil,27/06/2026_Croatia vs Ghana,27/06/2026_Croatia vs Ghana_Jessica Scicluna,OK,OK,OK,OK,OK,2,1,3,5,8
,e9cb2087-121b-4318-957b-711d1bc1dca3,46201,Colombia vs Portugal,Colombia vs Portugal,Colombia,Portugal,Portugal,1,2,Jessica Scicluna,Brazil,28/06/2026_Colombia vs Portugal,28/06/2026_Colombia vs Portugal_Jessica Scicluna,OK,OK,OK,OK,OK,0,0,0,0,0
,dbbd729b-f72e-4a11-bf22-b97d65a8e134,46201,Congo DR vs Uzbekistan,Congo DR vs Uzbekistan,Congo DR,Uzbekistan,Congo DR,2,1,Jessica Scicluna,Brazil,28/06/2026_Congo DR vs Uzbekistan,28/06/2026_Congo DR vs Uzbekistan_Jessica Scicluna,OK,OK,OK,OK,OK,3,1,3,0,3
,d3681082-706f-4e39-a423-777d81b7d531,46201,Algeria vs Austria,Algeria vs Austria,Algeria,Austria,Tie,1,1,Jessica Scicluna,Brazil,28/06/2026_Algeria vs Austria,28/06/2026_Algeria vs Austria_Jessica Scicluna,OK,OK,OK,OK,OK,3,3,3,0,3
,55cfa274-e027-485a-8d5c-df017f26cbef,46201,Jordan vs Argentina,Jordan vs Argentina,Jordan,Argentina,Argentina,0,3,Jessica Scicluna,Brazil,28/06/2026_Jordan vs Argentina,28/06/2026_Jordan vs Argentina_Jessica Scicluna,OK,OK,OK,OK,OK,1,3,3,0,3
,73a66788-dea3-4a32-9bf1-029124edfdb4,46184,Mexico vs South Africa,Mexico vs South Africa,Mexico,South Africa,Mexico,1,0,Giovanni Pierucci,France,11/06/2026_Mexico vs South Africa,11/06/2026_Mexico vs South Africa_Giovanni Pierucci,OK,OK,OK,OK,OK,2,0,3,0,3
,2a1faace-0f94-46a0-9815-ab9d4e982b18,46185,South Korea vs Czechia,South Korea vs Czechia,South Korea,Czechia,Czechia,0,2,Giovanni Pierucci,France,12/06/2026_South Korea vs Czechia,12/06/2026_South Korea vs Czechia_Giovanni Pierucci,OK,OK,OK,OK,OK,2,1,0,0,0
,f534ec03-e471-4730-9b4c-5b2e6ee73b4e,46185,Canada vs Bosnia-Herzegovina,Canada vs Bosnia-Herzegovina,Canada,Bosnia-Herzegovina,Bosnia-Herzegovina,1,2,Giovanni Pierucci,France,12/06/2026_Canada vs Bosnia-Herzegovina,12/06/2026_Canada vs Bosnia-Herzegovina_Giovanni Pierucci,OK,OK,OK,OK,OK,1,1,0,0,0
,019fc969-a2d9-4fed-b443-bdcf7d017feb,46186,United States vs Paraguay,United States vs Paraguay,United States,Paraguay,United States,2,1,Giovanni Pierucci,France,13/06/2026_United States vs Paraguay,13/06/2026_United States vs Paraguay_Giovanni Pierucci,OK,OK,OK,OK,OK,4,1,3,0,3
,37289722-22e6-4f0d-9972-ce88a8f24855,46186,Qatar vs Switzerland,Qatar vs Switzerland,Qatar,Switzerland,Switzerland,0,3,Giovanni Pierucci,France,13/06/2026_Qatar vs Switzerland,13/06/2026_Qatar vs Switzerland_Giovanni Pierucci,OK,OK,OK,OK,OK,1,1,0,0,0
,a9971e5a-0644-4541-be68-8b8d17b4c5d0,46187,Brazil vs Morocco,Brazil vs Morocco,Brazil,Morocco,Brazil,3,0,Giovanni Pierucci,France,14/06/2026_Brazil vs Morocco,14/06/2026_Brazil vs Morocco_Giovanni Pierucci,OK,OK,OK,OK,OK,1,1,0,0,0
,2905f9be-adf7-468f-ab08-20e85694f580,46187,Haiti vs Scotland,Haiti vs Scotland,Haiti,Scotland,Scotland,0,2,Giovanni Pierucci,France,14/06/2026_Haiti vs Scotland,14/06/2026_Haiti vs Scotland_Giovanni Pierucci,OK,OK,OK,OK,OK,0,1,3,0,3
,32bb4376-09e1-49d7-b5a6-5e7de72d79f8,46187,Australia vs Turkey,Australia vs Turkey,Australia,Turkey,Turkey,0,2,Giovanni Pierucci,France,14/06/2026_Australia vs Turkey,14/06/2026_Australia vs Turkey_Giovanni Pierucci,OK,OK,OK,OK,OK,2,0,0,0,0
,95a55e67-5c0d-4861-a95f-4782dff3a21b,46187,Germany vs Curaçao,Germany vs Curaçao,Germany,Curaçao,Germany,7,0,Giovanni Pierucci,France,14/06/2026_Germany vs Curaçao,14/06/2026_Germany vs Curaçao_Giovanni Pierucci,OK,OK,OK,OK,OK,7,1,3,0,3
,eb5e4304-fbfa-45ab-85b3-f330614178a6,46187,Netherlands vs Japan,Netherlands vs Japan,Netherlands,Japan,Netherlands,1,0,Giovanni Pierucci,France,14/06/2026_Netherlands vs Japan,14/06/2026_Netherlands vs Japan_Giovanni Pierucci,OK,OK,OK,OK,OK,2,2,0,0,0
,28ab62f2-44c4-4a3d-b198-223d6426edb4,46188,Ivory Coast vs Ecuador,Ivory Coast vs Ecuador,Ivory Coast,Ecuador,Tie,0,0,Giovanni Pierucci,France,15/06/2026_Ivory Coast vs Ecuador,15/06/2026_Ivory Coast vs Ecuador_Giovanni Pierucci,OK,OK,OK,OK,OK,1,0,0,0,0
,0fd2990d-b399-4cee-a6f5-09488d1f198e,46188,Sweden vs Tunisia,Sweden vs Tunisia,Sweden,Tunisia,Sweden,1,0,Giovanni Pierucci,France,15/06/2026_Sweden vs Tunisia,15/06/2026_Sweden vs Tunisia_Giovanni Pierucci,OK,OK,OK,OK,OK,5,1,3,0,3
,89a60d60-013b-47e2-b513-6735a4874edd,46188,Belgium vs Egypt,Belgium vs Egypt,Belgium,Egypt,Belgium,1,0,Giovanni Pierucci,France,15/06/2026_Belgium vs Egypt,15/06/2026_Belgium vs Egypt_Giovanni Pierucci,OK,OK,OK,OK,OK,1,1,0,0,0
,b0c12c95-c01b-411e-8937-33070a715bc4,46188,Spain vs Cape Verde Islands,Spain vs Cape Verde Islands,Spain,Cape Verde Islands,Spain,4,0,Giovanni Pierucci,France,15/06/2026_Spain vs Cape Verde Islands,15/06/2026_Spain vs Cape Verde Islands_Giovanni Pierucci,OK,OK,OK,OK,OK,0,0,0,0,0
,5e6af7df-7238-4841-bac9-5901c4e2d429,46189,Saudi Arabia vs Uruguay,Saudi Arabia vs Uruguay,Saudi Arabia,Uruguay,Uruguay,0,1,Giovanni Pierucci,France,16/06/2026_Saudi Arabia vs Uruguay,16/06/2026_Saudi Arabia vs Uruguay_Giovanni Pierucci,OK,OK,OK,OK,OK,1,1,0,0,0
,995b6598-ea5d-4081-a0c6-a6945d470706,46189,Iran vs New Zealand,Iran vs New Zealand,Iran,New Zealand,Tie,0,0,Giovanni Pierucci,France,16/06/2026_Iran vs New Zealand,16/06/2026_Iran vs New Zealand_Giovanni Pierucci,OK,OK,OK,OK,OK,2,2,3,0,3
,288097d9-a1c0-4601-a5d9-6d7cc78808ee,46189,France vs Senegal,France vs Senegal,France,Senegal,France,2,0,Giovanni Pierucci,France,16/06/2026_France vs Senegal,16/06/2026_France vs Senegal_Giovanni Pierucci,OK,OK,OK,OK,OK,3,1,3,0,3
,6c9d6fd3-c2ef-4d36-8550-44ed20a2a3f3,46190,Iraq vs Norway,Iraq vs Norway,Iraq,Norway,Norway,0,4,Giovanni Pierucci,France,17/06/2026_Iraq vs Norway,17/06/2026_Iraq vs Norway_Giovanni Pierucci,OK,OK,OK,OK,OK,1,4,3,0,3
,2aa040a6-1187-41d3-adde-bb1c4b414d07,46190,Argentina vs Algeria,Argentina vs Algeria,Argentina,Algeria,Argentina,2,0,Giovanni Pierucci,France,17/06/2026_Argentina vs Algeria,17/06/2026_Argentina vs Algeria_Giovanni Pierucci,OK,OK,OK,OK,OK,3,0,3,0,3
,2badc2d7-b74d-4d82-95cf-47bbf69bd74a,46190,Austria vs Jordan,Austria vs Jordan,Austria,Jordan,Austria,1,0,Giovanni Pierucci,France,17/06/2026_Austria vs Jordan,17/06/2026_Austria vs Jordan_Giovanni Pierucci,OK,OK,OK,OK,OK,3,1,3,0,3
,c626dfdf-4526-4204-87ef-08088da8defc,46190,Portugal vs Congo DR,Portugal vs Congo DR,Portugal,Congo DR,Portugal,2,0,Giovanni Pierucci,France,17/06/2026_Portugal vs Congo DR,17/06/2026_Portugal vs Congo DR_Giovanni Pierucci,OK,OK,OK,OK,OK,1,1,0,0,0
,4717df84-0549-4661-8939-9961e3cd5ca2,46190,England vs Croatia,England vs Croatia,England,Croatia,England,3,1,Giovanni Pierucci,France,17/06/2026_England vs Croatia,17/06/2026_England vs Croatia_Giovanni Pierucci,OK,OK,OK,OK,OK,4,2,3,0,3
,0da69216-adc6-47d3-a767-f109eb5b422f,46191,Ghana vs Panama,Ghana vs Panama,Ghana,Panama,Tie,0,0,Giovanni Pierucci,France,18/06/2026_Ghana vs Panama,18/06/2026_Ghana vs Panama_Giovanni Pierucci,OK,OK,OK,OK,OK,1,0,0,0,0
,3905b6d6-e965-4b1a-950f-46aae8dec299,46191,Uzbekistan vs Colombia,Uzbekistan vs Colombia,Uzbekistan,Colombia,Colombia,0,1,Giovanni Pierucci,France,18/06/2026_Uzbekistan vs Colombia,18/06/2026_Uzbekistan vs Colombia_Giovanni Pierucci,OK,OK,OK,OK,OK,1,3,3,0,3
,e5aeaca5-548d-42e5-938f-1cdd3d32de23,46191,Czechia vs South Africa,Czechia vs South Africa,Czechia,South Africa,Czechia,2,1,Giovanni Pierucci,France,18/06/2026_Czechia vs South Africa,18/06/2026_Czechia vs South Africa_Giovanni Pierucci,OK,OK,OK,OK,OK,1,1,0,0,0
,457f5770-5f7d-4075-a13e-a2322bf8d8c8,46191,Switzerland vs Bosnia-Herzegovina,Switzerland vs Bosnia-Herzegovina,Switzerland,Bosnia-Herzegovina,Switzerland,3,1,Giovanni Pierucci,France,18/06/2026_Switzerland vs Bosnia-Herzegovina,18/06/2026_Switzerland vs Bosnia-Herzegovina_Giovanni Pierucci,OK,OK,OK,OK,OK,4,1,3,0,3
,10287316-763c-4988-921c-106a8c269955,46192,Canada vs Qatar,Canada vs Qatar,Canada,Qatar,Canada,1,0,Giovanni Pierucci,France,19/06/2026_Canada vs Qatar,19/06/2026_Canada vs Qatar_Giovanni Pierucci,OK,OK,OK,OK,OK,6,0,3,0,3
,e8e20c1b-48f5-477f-906a-3ae9f61724a2,46192,Mexico vs South Korea,Mexico vs South Korea,Mexico,South Korea,Mexico,2,1,Giovanni Pierucci,France,19/06/2026_Mexico vs South Korea,19/06/2026_Mexico vs South Korea_Giovanni Pierucci,OK,OK,OK,OK,OK,1,0,3,0,3
,4cc24163-e854-46b6-8d62-d3ca0fdd6dd6,46192,United States vs Australia,United States vs Australia,United States,Australia,United States,2,0,Giovanni Pierucci,France,19/06/2026_United States vs Australia,19/06/2026_United States vs Australia_Giovanni Pierucci,OK,OK,OK,OK,OK,2,0,3,5,8
,02fdcd72-a074-4e89-b3cb-b9131c5897a0,46193,Scotland vs Morocco,Scotland vs Morocco,Scotland,Morocco,Morocco,1,3,Giovanni Pierucci,France,20/06/2026_Scotland vs Morocco,20/06/2026_Scotland vs Morocco_Giovanni Pierucci,OK,OK,OK,OK,OK,0,1,3,0,3
,458e52c5-36c5-4c8b-9a04-56b4b97f636e,46193,Brazil vs Haiti,Brazil vs Haiti,Brazil,Haiti,Brazil,4,0,Giovanni Pierucci,France,20/06/2026_Brazil vs Haiti,20/06/2026_Brazil vs Haiti_Giovanni Pierucci,OK,OK,OK,OK,OK,3,0,3,0,3
,1840b670-71be-4080-b8bb-5fe02f87eb85,46193,Turkey vs Paraguay,Turkey vs Paraguay,Turkey,Paraguay,Turkey,2,,Giovanni Pierucci,France,20/06/2026_Turkey vs Paraguay,20/06/2026_Turkey vs Paraguay_Giovanni Pierucci,OK,OK,OK,OK,OK,0,1,0,0,0
,edf6b658-7212-4ab7-b79a-03650494a8c7,46193,Netherlands vs Sweden,Netherlands vs Sweden,Netherlands,Sweden,Tie,1,1,Giovanni Pierucci,France,20/06/2026_Netherlands vs Sweden,20/06/2026_Netherlands vs Sweden_Giovanni Pierucci,OK,OK,OK,OK,OK,5,1,0,0,0
,788e2edd-ed47-412a-8289-4d163f845d92,46193,Germany vs Ivory Coast,Germany vs Ivory Coast,Germany,Ivory Coast,Germany,4,1,Giovanni Pierucci,France,20/06/2026_Germany vs Ivory Coast,20/06/2026_Germany vs Ivory Coast_Giovanni Pierucci,OK,OK,OK,OK,OK,2,1,3,0,3
,889e2424-e75b-40b2-9b29-59d93359f53f,46194,Ecuador vs Curaçao,Ecuador vs Curaçao,Ecuador,Curaçao,Ecuador,2,0,Giovanni Pierucci,France,21/06/2026_Ecuador vs Curaçao,21/06/2026_Ecuador vs Curaçao_Giovanni Pierucci,OK,OK,OK,OK,OK,0,0,0,0,0
,2114b78c-cd6b-4169-ae00-27bbaba4e152,46194,Tunisia vs Japan,Tunisia vs Japan,Tunisia,Japan,Tie,1,1,Giovanni Pierucci,France,21/06/2026_Tunisia vs Japan,21/06/2026_Tunisia vs Japan_Giovanni Pierucci,OK,OK,OK,OK,OK,0,4,0,0,0
,4937a54b-10a6-418b-bac4-44a1018196a2,46194,Spain vs Saudi Arabia,Spain vs Saudi Arabia,Spain,Saudi Arabia,Spain,3,0,Giovanni Pierucci,France,21/06/2026_Spain vs Saudi Arabia,21/06/2026_Spain vs Saudi Arabia_Giovanni Pierucci,OK,OK,OK,OK,OK,4,0,3,0,3
,0ac7aa01-acfa-4157-aac5-2d010557869f,46194,Belgium vs Iran,Belgium vs Iran,Belgium,Iran,Belgium,1,0,Giovanni Pierucci,France,21/06/2026_Belgium vs Iran,21/06/2026_Belgium vs Iran_Giovanni Pierucci,OK,OK,OK,OK,OK,0,0,0,0,0
,a0397618-0b7c-4209-839e-b267756f9d44,46195,Uruguay vs Cape Verde Islands,Uruguay vs Cape Verde Islands,Uruguay,Cape Verde Islands,Uruguay,2,0,Giovanni Pierucci,France,22/06/2026_Uruguay vs Cape Verde Islands,22/06/2026_Uruguay vs Cape Verde Islands_Giovanni Pierucci,OK,OK,OK,OK,OK,2,2,0,0,0
,d234327e-591b-40a6-ad31-c416cd84e815,46195,New Zealand vs Egypt,New Zealand vs Egypt,New Zealand,Egypt,Tie,1,1,Giovanni Pierucci,France,22/06/2026_New Zealand vs Egypt,22/06/2026_New Zealand vs Egypt_Giovanni Pierucci,OK,OK,OK,OK,OK,1,3,0,0,0
,3cde4b03-b362-4b9a-8614-d5bbb9a273cc,46195,Argentina vs Austria,Argentina vs Austria,Argentina,Austria,Argentina,2,0,Giovanni Pierucci,France,22/06/2026_Argentina vs Austria,22/06/2026_Argentina vs Austria_Giovanni Pierucci,OK,OK,OK,OK,OK,2,0,3,5,8
,3eedf864-5fbe-4a92-abd8-4a14c7248009,46195,France vs Iraq,France vs Iraq,France,Iraq,France,5,0,Giovanni Pierucci,France,22/06/2026_France vs Iraq,22/06/2026_France vs Iraq_Giovanni Pierucci,OK,OK,OK,OK,OK,3,0,3,0,3
,5b6ab42b-f835-4899-9cbb-196191ba6088,46196,Norway vs Senegal,Norway vs Senegal,Norway,Senegal,Norway,3,1,Giovanni Pierucci,France,23/06/2026_Norway vs Senegal,23/06/2026_Norway vs Senegal_Giovanni Pierucci,OK,OK,OK,OK,OK,3,2,3,0,3
,4b01df36-99a9-47d9-8ede-e1be6dff688b,46196,Jordan vs Algeria,Jordan vs Algeria,Jordan,Algeria,Tie,1,1,Giovanni Pierucci,France,23/06/2026_Jordan vs Algeria,23/06/2026_Jordan vs Algeria_Giovanni Pierucci,OK,OK,OK,OK,OK,1,2,0,0,0
,3ef8ff6f-e841-480c-a9fd-32ca5ca2e566,46196,Portugal vs Uzbekistan,Portugal vs Uzbekistan,Portugal,Uzbekistan,Portugal,3,0,Giovanni Pierucci,France,23/06/2026_Portugal vs Uzbekistan,23/06/2026_Portugal vs Uzbekistan_Giovanni Pierucci,OK,OK,OK,OK,OK,5,0,3,0,3
,439ddc76-e017-4d6b-83d5-a9a6eb834305,46196,England vs Ghana,England vs Ghana,England,Ghana,England,4,0,Giovanni Pierucci,France,23/06/2026_England vs Ghana,23/06/2026_England vs Ghana_Giovanni Pierucci,OK,OK,OK,OK,OK,0,0,0,0,0
,fa1823ed-b86c-496a-b18d-af68d160775c,46197,Panama vs Croatia,Panama vs Croatia,Panama,Croatia,Croatia,0,1,Giovanni Pierucci,France,24/06/2026_Panama vs Croatia,24/06/2026_Panama vs Croatia_Giovanni Pierucci,OK,OK,OK,OK,OK,0,1,3,5,8
,b5258a99-127a-4583-b781-78c68a6edabe,46197,Colombia vs Congo DR,Colombia vs Congo DR,Colombia,Congo DR,Colombia,2,1,Giovanni Pierucci,France,24/06/2026_Colombia vs Congo DR,24/06/2026_Colombia vs Congo DR_Giovanni Pierucci,OK,OK,OK,OK,OK,1,0,3,0,3
,72b96b87-0776-4431-9684-67ebc79dd278,46197,Switzerland vs Canada,Switzerland vs Canada,Switzerland,Canada,Switzerland,2,1,Giovanni Pierucci,France,24/06/2026_Switzerland vs Canada,24/06/2026_Switzerland vs Canada_Giovanni Pierucci,OK,OK,OK,OK,OK,2,1,3,5,8
,a919b1c6-6644-4a58-ac21-85de93ecac8e,46197,Bosnia-Herzegovina vs Qatar,Bosnia-Herzegovina vs Qatar,Bosnia-Herzegovina,Qatar,Bosnia-Herzegovina,1,0,Giovanni Pierucci,France,24/06/2026_Bosnia-Herzegovina vs Qatar,24/06/2026_Bosnia-Herzegovina vs Qatar_Giovanni Pierucci,OK,OK,OK,OK,OK,3,1,3,0,3
,d51656f6-79fa-4a59-b267-0c3f4d4c21ac,46198,Morocco vs Haiti,Morocco vs Haiti,Morocco,Haiti,Morocco,2,0,Giovanni Pierucci,France,25/06/2026_Morocco vs Haiti,25/06/2026_Morocco vs Haiti_Giovanni Pierucci,OK,OK,OK,OK,OK,4,2,3,0,3
,0662456d-10f2-496d-a032-28882bfe5b2f,46198,Scotland vs Brazil,Scotland vs Brazil,Scotland,Brazil,Brazil,1,3,Giovanni Pierucci,France,25/06/2026_Scotland vs Brazil,25/06/2026_Scotland vs Brazil_Giovanni Pierucci,OK,OK,OK,OK,OK,0,3,3,0,3
,c4bc89b0-d952-49cb-8c5c-b265e6aa6512,46198,South Africa vs South Korea,South Africa vs South Korea,South Africa,South Korea,Tie,1,1,Giovanni Pierucci,France,25/06/2026_South Africa vs South Korea,25/06/2026_South Africa vs South Korea_Giovanni Pierucci,OK,OK,OK,OK,OK,1,0,0,0,0
,c8358c3c-1ea1-4c26-9a63-c16c96ffe379,46198,Czechia vs Mexico,Czechia vs Mexico,Czechia,Mexico,Tie,2,2,Giovanni Pierucci,France,25/06/2026_Czechia vs Mexico,25/06/2026_Czechia vs Mexico_Giovanni Pierucci,OK,OK,OK,OK,OK,0,3,0,0,0
,af85e204-b4d5-4a96-9474-e274e1713a1e,46198,Curaçao vs Ivory Coast,Curaçao vs Ivory Coast,Curaçao,Ivory Coast,Ivory Coast,0,3,Giovanni Pierucci,France,25/06/2026_Curaçao vs Ivory Coast,25/06/2026_Curaçao vs Ivory Coast_Giovanni Pierucci,OK,OK,OK,OK,OK,0,2,3,0,3
,d050346a-dc3f-457c-8ac6-c94e44efe6fa,46198,Ecuador vs Germany,Ecuador vs Germany,Ecuador,Germany,Germany,1,3,Giovanni Pierucci,France,25/06/2026_Ecuador vs Germany,25/06/2026_Ecuador vs Germany_Giovanni Pierucci,OK,OK,OK,OK,OK,2,1,0,0,0
,516089ed-dee3-4ab4-b4cf-c595430d9ee1,46199,Tunisia vs Netherlands,Tunisia vs Netherlands,Tunisia,Netherlands,Netherlands,1,2,Giovanni Pierucci,France,26/06/2026_Tunisia vs Netherlands,26/06/2026_Tunisia vs Netherlands_Giovanni Pierucci,OK,OK,OK,OK,OK,1,3,3,0,3
,cb9fdcf5-3b87-4d6c-a694-14a87b13768c,46199,Japan vs Sweden,Japan vs Sweden,Japan,Sweden,Tie,1,1,Giovanni Pierucci,France,26/06/2026_Japan vs Sweden,26/06/2026_Japan vs Sweden_Giovanni Pierucci,OK,OK,OK,OK,OK,1,1,3,5,8
,6d708f20-e07e-4a75-b9da-29e2643e6f9a,46199,Turkey vs United States,Turkey vs United States,Turkey,United States,Turkey,2,1,Giovanni Pierucci,France,26/06/2026_Turkey vs United States,26/06/2026_Turkey vs United States_Giovanni Pierucci,OK,OK,OK,OK,OK,3,2,3,0,3
,3843bad3-10e8-49c3-8219-097be16792cd,46199,Paraguay vs Australia,Paraguay vs Australia,Paraguay,Australia,Paraguay,1,0,Giovanni Pierucci,France,26/06/2026_Paraguay vs Australia,26/06/2026_Paraguay vs Australia_Giovanni Pierucci,OK,OK,OK,OK,OK,0,0,0,0,0
,11680f71-2fba-4072-b9b2-b53636d8250a,46199,Norway vs France,Norway vs France,Norway,France,Tie,2,2,Giovanni Pierucci,France,26/06/2026_Norway vs France,26/06/2026_Norway vs France_Giovanni Pierucci,OK,OK,OK,OK,OK,1,4,0,0,0
,03994f51-af32-47fd-a6c7-073d4b881472,46199,Senegal vs Iraq,Senegal vs Iraq,Senegal,Iraq,Senegal,2,0,Giovanni Pierucci,France,26/06/2026_Senegal vs Iraq,26/06/2026_Senegal vs Iraq_Giovanni Pierucci,OK,OK,OK,OK,OK,5,0,3,0,3
,3b062904-1f5e-4aed-aee6-49fb40af0f8f,46200,Cape Verde Islands vs Saudi Arabia,Cape Verde Islands vs Saudi Arabia,Cape Verde Islands,Saudi Arabia,Tie,0,0,Giovanni Pierucci,France,27/06/2026_Cape Verde Islands vs Saudi Arabia,27/06/2026_Cape Verde Islands vs Saudi Arabia_Giovanni Pierucci,OK,OK,OK,OK,OK,0,0,3,5,8
,2b314173-c948-46e2-b613-bc66eede53bb,46200,Uruguay vs Spain,Uruguay vs Spain,Uruguay,Spain,Spain,1,2,Giovanni Pierucci,France,27/06/2026_Uruguay vs Spain,27/06/2026_Uruguay vs Spain_Giovanni Pierucci,OK,OK,OK,OK,OK,0,1,3,0,3
,c3b0da5e-c5e8-49ba-ae09-2f9420b2e016,46200,New Zealand vs Belgium,New Zealand vs Belgium,New Zealand,Belgium,Belgium,1,2,Giovanni Pierucci,France,27/06/2026_New Zealand vs Belgium,27/06/2026_New Zealand vs Belgium_Giovanni Pierucci,OK,OK,OK,OK,OK,1,5,3,0,3
,d03b136a-a646-484e-a07e-71052472b4c8,46200,Egypt vs Iran,Egypt vs Iran,Egypt,Iran,Tie,1,1,Giovanni Pierucci,France,27/06/2026_Egypt vs Iran,27/06/2026_Egypt vs Iran_Giovanni Pierucci,OK,OK,OK,OK,OK,1,1,3,5,8
,0dec793b-5d4a-4c73-9791-b469492191fe,46200,Panama vs England,Panama vs England,Panama,England,England,0,3,Giovanni Pierucci,France,27/06/2026_Panama vs England,27/06/2026_Panama vs England_Giovanni Pierucci,OK,OK,OK,OK,OK,0,2,3,0,3
,352edd49-ef81-48bf-a4de-fffd477102a4,46200,Croatia vs Ghana,Croatia vs Ghana,Croatia,Ghana,Croatia,1,0,Giovanni Pierucci,France,27/06/2026_Croatia vs Ghana,27/06/2026_Croatia vs Ghana_Giovanni Pierucci,OK,OK,OK,OK,OK,2,1,3,0,3
,d39acaf1-6add-4f80-87db-d5266fa45951,46201,Colombia vs Portugal,Colombia vs Portugal,Colombia,Portugal,Portugal,1,2,Giovanni Pierucci,France,28/06/2026_Colombia vs Portugal,28/06/2026_Colombia vs Portugal_Giovanni Pierucci,OK,OK,OK,OK,OK,0,0,0,0,0
,356ac668-1449-4f0f-9750-90e6a3f3b0ac,46201,Congo DR vs Uzbekistan,Congo DR vs Uzbekistan,Congo DR,Uzbekistan,Tie,1,1,Giovanni Pierucci,France,28/06/2026_Congo DR vs Uzbekistan,28/06/2026_Congo DR vs Uzbekistan_Giovanni Pierucci,OK,OK,OK,OK,OK,3,1,0,0,0
,6d6d225a-09fd-4719-99fe-63b8fd2602bb,46201,Algeria vs Austria,Algeria vs Austria,Algeria,Austria,Austria,0,1,Giovanni Pierucci,France,28/06/2026_Algeria vs Austria,28/06/2026_Algeria vs Austria_Giovanni Pierucci,OK,OK,OK,OK,OK,3,3,0,0,0
,e78c3c6b-a090-46bb-892e-bdd988d8773e,46201,Jordan vs Argentina,Jordan vs Argentina,Jordan,Argentina,Argentina,0,1,Giovanni Pierucci,France,28/06/2026_Jordan vs Argentina,28/06/2026_Jordan vs Argentina_Giovanni Pierucci,OK,OK,OK,OK,OK,1,3,3,0,3
,df425166-8585-42d5-bc17-69f92088588a,46184,Mexico vs South Africa,Mexico vs South Africa,Mexico,South Africa,Mexico,2,0,Christian Manicaro,Brazil,11/06/2026_Mexico vs South Africa,11/06/2026_Mexico vs South Africa_Christian Manicaro,OK,OK,OK,OK,OK,2,0,3,5,8
,b1568f34-d194-4c1a-8830-6abd46fe8868,46185,South Korea vs Czechia,South Korea vs Czechia,South Korea,Czechia,Czechia,0,1,Christian Manicaro,Brazil,12/06/2026_South Korea vs Czechia,12/06/2026_South Korea vs Czechia_Christian Manicaro,OK,OK,OK,OK,OK,2,1,0,0,0
,658af32a-44db-4604-8571-24c6d88e1c89,46185,Canada vs Bosnia-Herzegovina,Canada vs Bosnia-Herzegovina,Canada,Bosnia-Herzegovina,Tie,1,1,Christian Manicaro,Brazil,12/06/2026_Canada vs Bosnia-Herzegovina,12/06/2026_Canada vs Bosnia-Herzegovina_Christian Manicaro,OK,OK,OK,OK,OK,1,1,3,5,8
,89e5e3ec-c7bc-4351-8dd1-eb0b6caa1751,46186,United States vs Paraguay,United States vs Paraguay,United States,Paraguay,United States,2,0,Christian Manicaro,Brazil,13/06/2026_United States vs Paraguay,13/06/2026_United States vs Paraguay_Christian Manicaro,OK,OK,OK,OK,OK,4,1,3,0,3
,b4343838-ca48-425f-8fe3-21b0fd3906fa,46186,Qatar vs Switzerland,Qatar vs Switzerland,Qatar,Switzerland,Switzerland,0,2,Christian Manicaro,Brazil,13/06/2026_Qatar vs Switzerland,13/06/2026_Qatar vs Switzerland_Christian Manicaro,OK,OK,OK,OK,OK,1,1,0,0,0
,a8a30bdf-60bd-4ae8-a7d5-91a2b319474d,46187,Brazil vs Morocco,Brazil vs Morocco,Brazil,Morocco,Brazil,3,1,Christian Manicaro,Brazil,14/06/2026_Brazil vs Morocco,14/06/2026_Brazil vs Morocco_Christian Manicaro,OK,OK,OK,OK,OK,1,1,0,0,0
,848db55b-f847-4bef-b2a0-0a2e2b682034,46187,Haiti vs Scotland,Haiti vs Scotland,Haiti,Scotland,Scotland,0,2,Christian Manicaro,Brazil,14/06/2026_Haiti vs Scotland,14/06/2026_Haiti vs Scotland_Christian Manicaro,OK,OK,OK,OK,OK,0,1,3,0,3
,2a3b7dec-e825-42f6-bf5f-c7f5ac399556,46187,Australia vs Turkey,Australia vs Turkey,Australia,Turkey,Turkey,0,2,Christian Manicaro,Brazil,14/06/2026_Australia vs Turkey,14/06/2026_Australia vs Turkey_Christian Manicaro,OK,OK,OK,OK,OK,2,0,0,0,0
,4d6cb401-d966-4713-a85e-503ba5586fd1,46187,Germany vs Curaçao,Germany vs Curaçao,Germany,Curaçao,Germany,4,0,Christian Manicaro,Brazil,14/06/2026_Germany vs Curaçao,14/06/2026_Germany vs Curaçao_Christian Manicaro,OK,OK,OK,OK,OK,7,1,3,0,3
,b0087e03-2985-4b3d-988b-8a12ec6ecce7,46187,Netherlands vs Japan,Netherlands vs Japan,Netherlands,Japan,Netherlands,3,0,Christian Manicaro,Brazil,14/06/2026_Netherlands vs Japan,14/06/2026_Netherlands vs Japan_Christian Manicaro,OK,OK,OK,OK,OK,2,2,0,0,0
,3ac97f4f-da0a-4e05-b61b-e6ee5971838a,46188,Ivory Coast vs Ecuador,Ivory Coast vs Ecuador,Ivory Coast,Ecuador,Tie,1,1,Christian Manicaro,Brazil,15/06/2026_Ivory Coast vs Ecuador,15/06/2026_Ivory Coast vs Ecuador_Christian Manicaro,OK,OK,OK,OK,OK,1,0,0,0,0
,4650013d-6614-4900-b3d3-b6e55afe73c0,46188,Sweden vs Tunisia,Sweden vs Tunisia,Sweden,Tunisia,Sweden,2,0,Christian Manicaro,Brazil,15/06/2026_Sweden vs Tunisia,15/06/2026_Sweden vs Tunisia_Christian Manicaro,OK,OK,OK,OK,OK,5,1,3,0,3
,a82f58dc-6cbf-4618-b6c6-daba740f29df,46188,Belgium vs Egypt,Belgium vs Egypt,Belgium,Egypt,Belgium,2,0,Christian Manicaro,Brazil,15/06/2026_Belgium vs Egypt,15/06/2026_Belgium vs Egypt_Christian Manicaro,OK,OK,OK,OK,OK,1,1,0,0,0
,d77ecdcc-b238-4c69-9c2f-8516d70bc632,46188,Spain vs Cape Verde Islands,Spain vs Cape Verde Islands,Spain,Cape Verde Islands,Spain,4,0,Christian Manicaro,Brazil,15/06/2026_Spain vs Cape Verde Islands,15/06/2026_Spain vs Cape Verde Islands_Christian Manicaro,OK,OK,OK,OK,OK,0,0,0,0,0
,c21e422a-fd94-4edf-894e-f45f2c998a6c,46189,Saudi Arabia vs Uruguay,Saudi Arabia vs Uruguay,Saudi Arabia,Uruguay,Uruguay,0,2,Christian Manicaro,Brazil,16/06/2026_Saudi Arabia vs Uruguay,16/06/2026_Saudi Arabia vs Uruguay_Christian Manicaro,OK,OK,OK,OK,OK,1,1,0,0,0
,e0478706-80f5-42cf-aea4-41dd5d9ecd20,46189,Iran vs New Zealand,Iran vs New Zealand,Iran,New Zealand,Iran,2,0,Christian Manicaro,Brazil,16/06/2026_Iran vs New Zealand,16/06/2026_Iran vs New Zealand_Christian Manicaro,OK,OK,OK,OK,OK,2,2,0,0,0
,35c266b2-4323-4e86-b10f-c124252e02e5,46189,France vs Senegal,France vs Senegal,France,Senegal,France,3,0,Christian Manicaro,Brazil,16/06/2026_France vs Senegal,16/06/2026_France vs Senegal_Christian Manicaro,OK,OK,OK,OK,OK,3,1,3,0,3
,f3ecf893-052e-4b38-aefb-ad49fe8c03d0,46190,Iraq vs Norway,Iraq vs Norway,Iraq,Norway,Norway,0,3,Christian Manicaro,Brazil,17/06/2026_Iraq vs Norway,17/06/2026_Iraq vs Norway_Christian Manicaro,OK,OK,OK,OK,OK,1,4,3,0,3
,39d89b9e-117f-469e-ae3c-e5e245fd656e,46190,Argentina vs Algeria,Argentina vs Algeria,Argentina,Algeria,Argentina,3,0,Christian Manicaro,Brazil,17/06/2026_Argentina vs Algeria,17/06/2026_Argentina vs Algeria_Christian Manicaro,OK,OK,OK,OK,OK,3,0,3,5,8
,f1d646b7-14fa-462f-84a2-d67f7f01b219,46190,Austria vs Jordan,Austria vs Jordan,Austria,Jordan,Austria,2,0,Christian Manicaro,Brazil,17/06/2026_Austria vs Jordan,17/06/2026_Austria vs Jordan_Christian Manicaro,OK,OK,OK,OK,OK,3,1,3,0,3
,2544c14b-5be8-444f-8c55-f0e1c5e567e8,46190,Portugal vs Congo DR,Portugal vs Congo DR,Portugal,Congo DR,Portugal,3,0,Christian Manicaro,Brazil,17/06/2026_Portugal vs Congo DR,17/06/2026_Portugal vs Congo DR_Christian Manicaro,OK,OK,OK,OK,OK,1,1,0,0,0
,73538c72-f4eb-47ed-9e5f-28b51a63f894,46190,England vs Croatia,England vs Croatia,England,Croatia,England,3,0,Christian Manicaro,Brazil,17/06/2026_England vs Croatia,17/06/2026_England vs Croatia_Christian Manicaro,OK,OK,OK,OK,OK,4,2,3,0,3
,70236599-be43-49c8-9f6e-557f7ed46be8,46191,Ghana vs Panama,Ghana vs Panama,Ghana,Panama,Ghana,2,0,Christian Manicaro,Brazil,18/06/2026_Ghana vs Panama,18/06/2026_Ghana vs Panama_Christian Manicaro,OK,OK,OK,OK,OK,1,0,3,0,3
,45d399d3-ab3d-4817-b2c3-a4b1fb707fcd,46191,Uzbekistan vs Colombia,Uzbekistan vs Colombia,Uzbekistan,Colombia,Colombia,0,3,Christian Manicaro,Brazil,18/06/2026_Uzbekistan vs Colombia,18/06/2026_Uzbekistan vs Colombia_Christian Manicaro,OK,OK,OK,OK,OK,1,3,3,0,3
,2111b7e4-48aa-40a5-8685-e92ad3487764,46191,Czechia vs South Africa,Czechia vs South Africa,Czechia,South Africa,Czechia,1,0,Christian Manicaro,Brazil,18/06/2026_Czechia vs South Africa,18/06/2026_Czechia vs South Africa_Christian Manicaro,OK,OK,OK,OK,OK,1,1,0,0,0
,e73faf94-3c12-426e-a7d9-ccb7683b072b,46191,Switzerland vs Bosnia-Herzegovina,Switzerland vs Bosnia-Herzegovina,Switzerland,Bosnia-Herzegovina,Tie,1,1,Christian Manicaro,Brazil,18/06/2026_Switzerland vs Bosnia-Herzegovina,18/06/2026_Switzerland vs Bosnia-Herzegovina_Christian Manicaro,OK,OK,OK,OK,OK,4,1,0,0,0
,f5bd6267-8702-4fa1-afd7-cf88cab285ea,46192,Canada vs Qatar,Canada vs Qatar,Canada,Qatar,Canada,2,0,Christian Manicaro,Brazil,19/06/2026_Canada vs Qatar,19/06/2026_Canada vs Qatar_Christian Manicaro,OK,OK,OK,OK,OK,6,0,3,0,3
,e43279f1-fe83-46d1-98ca-ab4497726eb2,46192,Mexico vs South Korea,Mexico vs South Korea,Mexico,South Korea,Mexico,3,0,Christian Manicaro,Brazil,19/06/2026_Mexico vs South Korea,19/06/2026_Mexico vs South Korea_Christian Manicaro,OK,OK,OK,OK,OK,1,0,3,0,3
,35681c9b-4e01-497d-b42b-185bd357833e,46192,United States vs Australia,United States vs Australia,United States,Australia,United States,2,0,Christian Manicaro,Brazil,19/06/2026_United States vs Australia,19/06/2026_United States vs Australia_Christian Manicaro,OK,OK,OK,OK,OK,2,0,3,5,8
,afd3263e-6f42-44b9-b0be-a30364bceabb,46193,Scotland vs Morocco,Scotland vs Morocco,Scotland,Morocco,Morocco,0,1,Christian Manicaro,Brazil,20/06/2026_Scotland vs Morocco,20/06/2026_Scotland vs Morocco_Christian Manicaro,OK,OK,OK,OK,OK,0,1,3,5,8
,89e6e18a-01da-49c2-9f4b-24fef8bfc3ce,46193,Brazil vs Haiti,Brazil vs Haiti,Brazil,Haiti,Brazil,4,0,Christian Manicaro,Brazil,20/06/2026_Brazil vs Haiti,20/06/2026_Brazil vs Haiti_Christian Manicaro,OK,OK,OK,OK,OK,3,0,3,0,3
,a3fb6338-30b1-4468-9d52-ee731ed9cfd4,46193,Turkey vs Paraguay,Turkey vs Paraguay,Turkey,Paraguay,Turkey,1,0,Christian Manicaro,Brazil,20/06/2026_Turkey vs Paraguay,20/06/2026_Turkey vs Paraguay_Christian Manicaro,OK,OK,OK,OK,OK,0,1,0,0,0
,3aef3f71-2994-4052-b23f-4481a87510c8,46193,Netherlands vs Sweden,Netherlands vs Sweden,Netherlands,Sweden,Netherlands,2,0,Christian Manicaro,Brazil,20/06/2026_Netherlands vs Sweden,20/06/2026_Netherlands vs Sweden_Christian Manicaro,OK,OK,OK,OK,OK,5,1,3,0,3
,cbdeaf36-8009-489a-91d9-14f604dfecbf,46193,Germany vs Ivory Coast,Germany vs Ivory Coast,Germany,Ivory Coast,Germany,3,1,Christian Manicaro,Brazil,20/06/2026_Germany vs Ivory Coast,20/06/2026_Germany vs Ivory Coast_Christian Manicaro,OK,OK,OK,OK,OK,2,1,3,0,3
,cdec1855-61b4-4afd-a83b-1a5c2540e9e9,46194,Ecuador vs Curaçao,Ecuador vs Curaçao,Ecuador,Curaçao,Ecuador,2,0,Christian Manicaro,Brazil,21/06/2026_Ecuador vs Curaçao,21/06/2026_Ecuador vs Curaçao_Christian Manicaro,OK,OK,OK,OK,OK,0,0,0,0,0
,ba1e8ef2-aace-412f-a3eb-a79d6fb9696e,46194,Tunisia vs Japan,Tunisia vs Japan,Tunisia,Japan,Japan,0,2,Christian Manicaro,Brazil,21/06/2026_Tunisia vs Japan,21/06/2026_Tunisia vs Japan_Christian Manicaro,OK,OK,OK,OK,OK,0,4,3,0,3
,f18f8f03-9dd1-47b9-841b-a74bd803def4,46194,Spain vs Saudi Arabia,Spain vs Saudi Arabia,Spain,Saudi Arabia,Spain,3,0,Christian Manicaro,Brazil,21/06/2026_Spain vs Saudi Arabia,21/06/2026_Spain vs Saudi Arabia_Christian Manicaro,OK,OK,OK,OK,OK,4,0,3,0,3
,fccf5c06-9d21-48f5-ae59-3984af6a9a41,46194,Belgium vs Iran,Belgium vs Iran,Belgium,Iran,Belgium,2,0,Christian Manicaro,Brazil,21/06/2026_Belgium vs Iran,21/06/2026_Belgium vs Iran_Christian Manicaro,OK,OK,OK,OK,OK,0,0,0,0,0
,5d2db470-9473-42e3-9c19-87cbdc5d8bf8,46195,Uruguay vs Cape Verde Islands,Uruguay vs Cape Verde Islands,Uruguay,Cape Verde Islands,Uruguay,3,0,Christian Manicaro,Brazil,22/06/2026_Uruguay vs Cape Verde Islands,22/06/2026_Uruguay vs Cape Verde Islands_Christian Manicaro,OK,OK,OK,OK,OK,2,2,0,0,0
,4aae1db1-14e9-4ea8-af3f-8bb4195e8339,46195,New Zealand vs Egypt,New Zealand vs Egypt,New Zealand,Egypt,Egypt,0,1,Christian Manicaro,Brazil,22/06/2026_New Zealand vs Egypt,22/06/2026_New Zealand vs Egypt_Christian Manicaro,OK,OK,OK,OK,OK,1,3,3,0,3
,c7920253-c201-4fc5-9445-11d1ee7cf9c6,46195,Argentina vs Austria,Argentina vs Austria,Argentina,Austria,Argentina,2,0,Christian Manicaro,Brazil,22/06/2026_Argentina vs Austria,22/06/2026_Argentina vs Austria_Christian Manicaro,OK,OK,OK,OK,OK,2,0,3,5,8
,e27f5d80-5330-4adc-916b-e478a12fe2df,46195,France vs Iraq,France vs Iraq,France,Iraq,France,3,0,Christian Manicaro,Brazil,22/06/2026_France vs Iraq,22/06/2026_France vs Iraq_Christian Manicaro,OK,OK,OK,OK,OK,3,0,3,5,8
,3d7368bb-748f-4f6f-9dfc-962ecadf170c,46196,Norway vs Senegal,Norway vs Senegal,Norway,Senegal,Norway,2,0,Christian Manicaro,Brazil,23/06/2026_Norway vs Senegal,23/06/2026_Norway vs Senegal_Christian Manicaro,OK,OK,OK,OK,OK,3,2,3,0,3
,d444fe50-4558-4839-84bf-3b4753b6eec7,46196,Jordan vs Algeria,Jordan vs Algeria,Jordan,Algeria,Tie,1,1,Christian Manicaro,Brazil,23/06/2026_Jordan vs Algeria,23/06/2026_Jordan vs Algeria_Christian Manicaro,OK,OK,OK,OK,OK,1,2,0,0,0
,9ad02f63-d841-456e-85b8-5364eb6cfc4b,46196,Portugal vs Uzbekistan,Portugal vs Uzbekistan,Portugal,Uzbekistan,Portugal,3,0,Christian Manicaro,Brazil,23/06/2026_Portugal vs Uzbekistan,23/06/2026_Portugal vs Uzbekistan_Christian Manicaro,OK,OK,OK,OK,OK,5,0,3,0,3
,849939eb-91a1-4188-a051-f7ca9b4e8ad7,46196,England vs Ghana,England vs Ghana,England,Ghana,England,2,0,Christian Manicaro,Brazil,23/06/2026_England vs Ghana,23/06/2026_England vs Ghana_Christian Manicaro,OK,OK,OK,OK,OK,0,0,0,0,0
,da694a3e-2bd9-4e72-bca0-dd7f1198e0ee,46197,Panama vs Croatia,Panama vs Croatia,Panama,Croatia,Croatia,0,2,Christian Manicaro,Brazil,24/06/2026_Panama vs Croatia,24/06/2026_Panama vs Croatia_Christian Manicaro,OK,OK,OK,OK,OK,0,1,3,0,3
,922e8892-6907-4c29-aea6-4bc6bd0f240c,46197,Colombia vs Congo DR,Colombia vs Congo DR,Colombia,Congo DR,Colombia,2,0,Christian Manicaro,Brazil,24/06/2026_Colombia vs Congo DR,24/06/2026_Colombia vs Congo DR_Christian Manicaro,OK,OK,OK,OK,OK,1,0,3,0,3
,d9a26b02-aba0-46eb-b42f-445d215491d6,46197,Switzerland vs Canada,Switzerland vs Canada,Switzerland,Canada,Switzerland,1,0,Christian Manicaro,Brazil,24/06/2026_Switzerland vs Canada,24/06/2026_Switzerland vs Canada_Christian Manicaro,OK,OK,OK,OK,OK,2,1,3,0,3
,670adab4-8d67-4ba4-b968-856b03215583,46197,Bosnia-Herzegovina vs Qatar,Bosnia-Herzegovina vs Qatar,Bosnia-Herzegovina,Qatar,Bosnia-Herzegovina,3,0,Christian Manicaro,Brazil,24/06/2026_Bosnia-Herzegovina vs Qatar,24/06/2026_Bosnia-Herzegovina vs Qatar_Christian Manicaro,OK,OK,OK,OK,OK,3,1,3,0,3
,b185c51f-a74d-4212-a89b-b9f93630596e,46198,Morocco vs Haiti,Morocco vs Haiti,Morocco,Haiti,Morocco,3,0,Christian Manicaro,Brazil,25/06/2026_Morocco vs Haiti,25/06/2026_Morocco vs Haiti_Christian Manicaro,OK,OK,OK,OK,OK,4,2,3,0,3
,a442cee3-b796-45f9-b90b-d8af624d48ed,46198,Scotland vs Brazil,Scotland vs Brazil,Scotland,Brazil,Brazil,0,1,Christian Manicaro,Brazil,25/06/2026_Scotland vs Brazil,25/06/2026_Scotland vs Brazil_Christian Manicaro,OK,OK,OK,OK,OK,0,3,3,0,3
,5034dcc7-a0bf-4812-bca7-bea95b95ecf6,46198,South Africa vs South Korea,South Africa vs South Korea,South Africa,South Korea,Tie,1,1,Christian Manicaro,Brazil,25/06/2026_South Africa vs South Korea,25/06/2026_South Africa vs South Korea_Christian Manicaro,OK,OK,OK,OK,OK,1,0,0,0,0
,6c6245e9-6759-43f8-ba53-2e0dee4c5fe9,46198,Czechia vs Mexico,Czechia vs Mexico,Czechia,Mexico,Mexico,0,1,Christian Manicaro,Brazil,25/06/2026_Czechia vs Mexico,25/06/2026_Czechia vs Mexico_Christian Manicaro,OK,OK,OK,OK,OK,0,3,3,0,3
,ee62cf37-ad9c-47ab-9086-3f024adb4e66,46198,Curaçao vs Ivory Coast,Curaçao vs Ivory Coast,Curaçao,Ivory Coast,Ivory Coast,0,2,Christian Manicaro,Brazil,25/06/2026_Curaçao vs Ivory Coast,25/06/2026_Curaçao vs Ivory Coast_Christian Manicaro,OK,OK,OK,OK,OK,0,2,3,5,8
,c8dd1ad4-6793-44af-ab57-dba95d5caaa7,46198,Ecuador vs Germany,Ecuador vs Germany,Ecuador,Germany,Germany,0,1,Christian Manicaro,Brazil,25/06/2026_Ecuador vs Germany,25/06/2026_Ecuador vs Germany_Christian Manicaro,OK,OK,OK,OK,OK,2,1,0,0,0
,5aeccbe7-916e-4175-a2bb-2f51a5c3e248,46199,Tunisia vs Netherlands,Tunisia vs Netherlands,Tunisia,Netherlands,Netherlands,0,2,Christian Manicaro,Brazil,26/06/2026_Tunisia vs Netherlands,26/06/2026_Tunisia vs Netherlands_Christian Manicaro,OK,OK,OK,OK,OK,1,3,3,0,3
,7eaaf906-7e6b-4334-86b0-01a01a760071,46199,Japan vs Sweden,Japan vs Sweden,Japan,Sweden,Sweden,0,1,Christian Manicaro,Brazil,26/06/2026_Japan vs Sweden,26/06/2026_Japan vs Sweden_Christian Manicaro,OK,OK,OK,OK,OK,1,1,0,0,0
,1d344286-f58e-4276-be1e-c534c1c012b7,46199,Turkey vs United States,Turkey vs United States,Turkey,United States,Tie,1,1,Christian Manicaro,Brazil,26/06/2026_Turkey vs United States,26/06/2026_Turkey vs United States_Christian Manicaro,OK,OK,OK,OK,OK,3,2,0,0,0
,39f6cdc6-f6be-459a-a1e1-3d137653d9f7,46199,Paraguay vs Australia,Paraguay vs Australia,Paraguay,Australia,Paraguay,2,0,Christian Manicaro,Brazil,26/06/2026_Paraguay vs Australia,26/06/2026_Paraguay vs Australia_Christian Manicaro,OK,OK,OK,OK,OK,0,0,0,0,0
,d5218fb0-faf1-44ee-a047-8c04fda255e1,46199,Norway vs France,Norway vs France,Norway,France,Tie,1,1,Christian Manicaro,Brazil,26/06/2026_Norway vs France,26/06/2026_Norway vs France_Christian Manicaro,OK,OK,OK,OK,OK,1,4,0,0,0
,dad9456b-982b-4afb-91c5-248294147f4b,46199,Senegal vs Iraq,Senegal vs Iraq,Senegal,Iraq,Senegal,2,0,Christian Manicaro,Brazil,26/06/2026_Senegal vs Iraq,26/06/2026_Senegal vs Iraq_Christian Manicaro,OK,OK,OK,OK,OK,5,0,3,0,3
,aa1f9740-d90f-4a04-9154-361c6b58288e,46200,Cape Verde Islands vs Saudi Arabia,Cape Verde Islands vs Saudi Arabia,Cape Verde Islands,Saudi Arabia,Tie,1,1,Christian Manicaro,Brazil,27/06/2026_Cape Verde Islands vs Saudi Arabia,27/06/2026_Cape Verde Islands vs Saudi Arabia_Christian Manicaro,OK,OK,OK,OK,OK,0,0,3,0,3
,1a9a95ad-153a-4ad3-9330-abe37458a8f9,46200,Uruguay vs Spain,Uruguay vs Spain,Uruguay,Spain,Tie,1,1,Christian Manicaro,Brazil,27/06/2026_Uruguay vs Spain,27/06/2026_Uruguay vs Spain_Christian Manicaro,OK,OK,OK,OK,OK,0,1,0,0,0
,321dc6d8-2b47-415b-adc2-61efc10cc0ce,46200,New Zealand vs Belgium,New Zealand vs Belgium,New Zealand,Belgium,Belgium,0,2,Christian Manicaro,Brazil,27/06/2026_New Zealand vs Belgium,27/06/2026_New Zealand vs Belgium_Christian Manicaro,OK,OK,OK,OK,OK,1,5,3,0,3
,109fd254-c0e1-4f94-aadd-d372c6c42037,46200,Egypt vs Iran,Egypt vs Iran,Egypt,Iran,Egypt,1,0,Christian Manicaro,Brazil,27/06/2026_Egypt vs Iran,27/06/2026_Egypt vs Iran_Christian Manicaro,OK,OK,OK,OK,OK,1,1,0,0,0
,0bf542ac-4f16-44a2-bc32-98b30941c205,46200,Panama vs England,Panama vs England,Panama,England,England,0,2,Christian Manicaro,Brazil,27/06/2026_Panama vs England,27/06/2026_Panama vs England_Christian Manicaro,OK,OK,OK,OK,OK,0,2,3,5,8
,40589700-3d8f-4221-8f87-f943775e1605,46200,Croatia vs Ghana,Croatia vs Ghana,Croatia,Ghana,Tie,1,1,Christian Manicaro,Brazil,27/06/2026_Croatia vs Ghana,27/06/2026_Croatia vs Ghana_Christian Manicaro,OK,OK,OK,OK,OK,2,1,0,0,0
,aeae2536-d9c2-42fd-982f-35575eb010c2,46201,Colombia vs Portugal,Colombia vs Portugal,Colombia,Portugal,Tie,1,1,Christian Manicaro,Brazil,28/06/2026_Colombia vs Portugal,28/06/2026_Colombia vs Portugal_Christian Manicaro,OK,OK,OK,OK,OK,0,0,3,0,3
,d1735764-1cdb-4854-935c-3533e8eda052,46201,Congo DR vs Uzbekistan,Congo DR vs Uzbekistan,Congo DR,Uzbekistan,Tie,0,0,Christian Manicaro,Brazil,28/06/2026_Congo DR vs Uzbekistan,28/06/2026_Congo DR vs Uzbekistan_Christian Manicaro,OK,OK,OK,OK,OK,3,1,0,0,0
,2280a605-af1a-4144-9c2e-57ba6c8857e8,46201,Algeria vs Austria,Algeria vs Austria,Algeria,Austria,Austria,0,1,Christian Manicaro,Brazil,28/06/2026_Algeria vs Austria,28/06/2026_Algeria vs Austria_Christian Manicaro,OK,OK,OK,OK,OK,3,3,0,0,0
,53d87f1d-867f-4c46-a37b-228ed80e45c1,46201,Jordan vs Argentina,Jordan vs Argentina,Jordan,Argentina,Argentina,0,2,Christian Manicaro,Brazil,28/06/2026_Jordan vs Argentina,28/06/2026_Jordan vs Argentina_Christian Manicaro,OK,OK,OK,OK,OK,1,3,3,0,3
,8f2f6541-4046-4f97-b352-1e5e82383792,46184,Mexico vs South Africa,Mexico vs South Africa,Mexico,South Africa,Tie,1,1,Sarah Farrugia,Germany,11/06/2026_Mexico vs South Africa,11/06/2026_Mexico vs South Africa_Sarah Farrugia,OK,OK,OK,OK,OK,2,0,0,0,0
,5708b1d4-5411-4968-ad88-00438ef41917,46185,South Korea vs Czechia,South Korea vs Czechia,South Korea,Czechia,Czechia,1,2,Sarah Farrugia,Germany,12/06/2026_South Korea vs Czechia,12/06/2026_South Korea vs Czechia_Sarah Farrugia,OK,OK,OK,OK,OK,2,1,0,0,0
,2a989e6f-2830-499c-baf8-69813f50017f,46185,Canada vs Bosnia-Herzegovina,Canada vs Bosnia-Herzegovina,Canada,Bosnia-Herzegovina,Tie,0,0,Sarah Farrugia,Germany,12/06/2026_Canada vs Bosnia-Herzegovina,12/06/2026_Canada vs Bosnia-Herzegovina_Sarah Farrugia,OK,OK,OK,OK,OK,1,1,3,0,3
,81361bc3-3e5a-42d6-a363-4dea7bcad9e1,46186,United States vs Paraguay,United States vs Paraguay,United States,Paraguay,Paraguay,1,3,Sarah Farrugia,Germany,13/06/2026_United States vs Paraguay,13/06/2026_United States vs Paraguay_Sarah Farrugia,OK,OK,OK,OK,OK,4,1,0,0,0
,5751bc3b-1513-489b-9969-1e8189dcb48b,46186,Qatar vs Switzerland,Qatar vs Switzerland,Qatar,Switzerland,Switzerland,0,1,Sarah Farrugia,Germany,13/06/2026_Qatar vs Switzerland,13/06/2026_Qatar vs Switzerland_Sarah Farrugia,OK,OK,OK,OK,OK,1,1,0,0,0
,86b2b04c-e611-482d-af34-a6aa97994e71,46187,Brazil vs Morocco,Brazil vs Morocco,Brazil,Morocco,Brazil,4,1,Sarah Farrugia,Germany,14/06/2026_Brazil vs Morocco,14/06/2026_Brazil vs Morocco_Sarah Farrugia,OK,OK,OK,OK,OK,1,1,0,0,0
,ddb3f839-aedb-4bf9-9ef7-f347fff4e81f,46187,Haiti vs Scotland,Haiti vs Scotland,Haiti,Scotland,Scotland,1,3,Sarah Farrugia,Germany,14/06/2026_Haiti vs Scotland,14/06/2026_Haiti vs Scotland_Sarah Farrugia,OK,OK,OK,OK,OK,0,1,3,0,3
,e910923b-284f-491a-9bc2-e621d7d5de95,46187,Australia vs Turkey,Australia vs Turkey,Australia,Turkey,Turkey,0,2,Sarah Farrugia,Germany,14/06/2026_Australia vs Turkey,14/06/2026_Australia vs Turkey_Sarah Farrugia,OK,OK,OK,OK,OK,2,0,0,0,0
,5d93694f-b021-459c-87d1-a7824bf80643,46187,Germany vs Curaçao,Germany vs Curaçao,Germany,Curaçao,Germany,2,0,Sarah Farrugia,Germany,14/06/2026_Germany vs Curaçao,14/06/2026_Germany vs Curaçao_Sarah Farrugia,OK,OK,OK,OK,OK,7,1,3,0,3
,07a91b35-bbe1-4255-8ec6-50da7ff18498,46187,Netherlands vs Japan,Netherlands vs Japan,Netherlands,Japan,Tie,2,2,Sarah Farrugia,Germany,14/06/2026_Netherlands vs Japan,14/06/2026_Netherlands vs Japan_Sarah Farrugia,OK,OK,OK,OK,OK,2,2,3,5,8
,bec94879-6cb2-4361-b50a-f29c46316092,46188,Ivory Coast vs Ecuador,Ivory Coast vs Ecuador,Ivory Coast,Ecuador,Tie,0,0,Sarah Farrugia,Germany,15/06/2026_Ivory Coast vs Ecuador,15/06/2026_Ivory Coast vs Ecuador_Sarah Farrugia,OK,OK,OK,OK,OK,1,0,0,0,0
,974b387f-6cdc-46e8-8f0e-799a7d313f69,46188,Sweden vs Tunisia,Sweden vs Tunisia,Sweden,Tunisia,Sweden,1,0,Sarah Farrugia,Germany,15/06/2026_Sweden vs Tunisia,15/06/2026_Sweden vs Tunisia_Sarah Farrugia,OK,OK,OK,OK,OK,5,1,3,0,3
,dffbab61-2888-4f4e-abe1-f749c95bba9a,46188,Belgium vs Egypt,Belgium vs Egypt,Belgium,Egypt,Belgium,1,0,Sarah Farrugia,Germany,15/06/2026_Belgium vs Egypt,15/06/2026_Belgium vs Egypt_Sarah Farrugia,OK,OK,OK,OK,OK,1,1,0,0,0
,0e6929fe-d746-4b06-941b-82a994d3f42d,46188,Spain vs Cape Verde Islands,Spain vs Cape Verde Islands,Spain,Cape Verde Islands,Spain,3,1,Sarah Farrugia,Germany,15/06/2026_Spain vs Cape Verde Islands,15/06/2026_Spain vs Cape Verde Islands_Sarah Farrugia,OK,OK,OK,OK,OK,0,0,0,0,0
,165a477f-0b55-49f8-a7b8-8852d476ae60,46189,Saudi Arabia vs Uruguay,Saudi Arabia vs Uruguay,Saudi Arabia,Uruguay,Uruguay,0,2,Sarah Farrugia,Germany,16/06/2026_Saudi Arabia vs Uruguay,16/06/2026_Saudi Arabia vs Uruguay_Sarah Farrugia,OK,OK,OK,OK,OK,1,1,0,0,0
,235e9c48-82e2-43a7-9f30-6bafc033609b,46189,Iran vs New Zealand,Iran vs New Zealand,Iran,New Zealand,New Zealand,0,1,Sarah Farrugia,Germany,16/06/2026_Iran vs New Zealand,16/06/2026_Iran vs New Zealand_Sarah Farrugia,OK,OK,OK,OK,OK,2,2,0,0,0
,da5c0c8f-8616-4bb7-b253-accaae5cc468,46189,France vs Senegal,France vs Senegal,France,Senegal,France,3,0,Sarah Farrugia,Germany,16/06/2026_France vs Senegal,16/06/2026_France vs Senegal_Sarah Farrugia,OK,OK,OK,OK,OK,3,1,3,0,3
,fc73a04d-38e7-4526-ae13-d6917936cf67,46190,Iraq vs Norway,Iraq vs Norway,Iraq,Norway,Norway,0,1,Sarah Farrugia,Germany,17/06/2026_Iraq vs Norway,17/06/2026_Iraq vs Norway_Sarah Farrugia,OK,OK,OK,OK,OK,1,4,3,0,3
,ab7e7d4c-be2d-4194-ac93-d6035924a801,46190,Argentina vs Algeria,Argentina vs Algeria,Argentina,Algeria,Argentina,5,1,Sarah Farrugia,Germany,17/06/2026_Argentina vs Algeria,17/06/2026_Argentina vs Algeria_Sarah Farrugia,OK,OK,OK,OK,OK,3,0,3,0,3
,cb9945cb-15cc-46cd-8182-37176c8565f1,46190,Austria vs Jordan,Austria vs Jordan,Austria,Jordan,Austria,1,0,Sarah Farrugia,Germany,17/06/2026_Austria vs Jordan,17/06/2026_Austria vs Jordan_Sarah Farrugia,OK,OK,OK,OK,OK,3,1,3,0,3
,fd9d9d84-0449-4b6b-aabf-dd2ed2e36e1c,46190,Portugal vs Congo DR,Portugal vs Congo DR,Portugal,Congo DR,Portugal,3,0,Sarah Farrugia,Germany,17/06/2026_Portugal vs Congo DR,17/06/2026_Portugal vs Congo DR_Sarah Farrugia,OK,OK,OK,OK,OK,1,1,0,0,0
,e33a6185-a0a7-4818-9d00-bd8a0bc30691,46190,England vs Croatia,England vs Croatia,England,Croatia,England,2,1,Sarah Farrugia,Germany,17/06/2026_England vs Croatia,17/06/2026_England vs Croatia_Sarah Farrugia,OK,OK,OK,OK,OK,4,2,3,0,3
,f31ca862-6d66-4e45-ab71-6bcc2abb9472,46191,Ghana vs Panama,Ghana vs Panama,Ghana,Panama,Ghana,1,0,Sarah Farrugia,Germany,18/06/2026_Ghana vs Panama,18/06/2026_Ghana vs Panama_Sarah Farrugia,OK,OK,OK,OK,OK,1,0,3,5,8
,421a92c5-d0a5-4ba8-b0c2-ca0a70996e76,46191,Uzbekistan vs Colombia,Uzbekistan vs Colombia,Uzbekistan,Colombia,Colombia,1,2,Sarah Farrugia,Germany,18/06/2026_Uzbekistan vs Colombia,18/06/2026_Uzbekistan vs Colombia_Sarah Farrugia,OK,OK,OK,OK,OK,1,3,3,0,3
,65f31399-7792-464a-9188-8c901a23bafd,46191,Czechia vs South Africa,Czechia vs South Africa,Czechia,South Africa,Czechia,2,1,Sarah Farrugia,Germany,18/06/2026_Czechia vs South Africa,18/06/2026_Czechia vs South Africa_Sarah Farrugia,OK,OK,OK,OK,OK,1,1,0,0,0
,aa6c4573-639c-42cf-ae0f-3c87197c6e9a,46191,Switzerland vs Bosnia-Herzegovina,Switzerland vs Bosnia-Herzegovina,Switzerland,Bosnia-Herzegovina,Bosnia-Herzegovina,1,2,Sarah Farrugia,Germany,18/06/2026_Switzerland vs Bosnia-Herzegovina,18/06/2026_Switzerland vs Bosnia-Herzegovina_Sarah Farrugia,OK,OK,OK,OK,OK,4,1,0,0,0
,01c02f0d-bcb2-48e1-a3fe-e08161688efd,46192,Canada vs Qatar,Canada vs Qatar,Canada,Qatar,Qatar,0,1,Sarah Farrugia,Germany,19/06/2026_Canada vs Qatar,19/06/2026_Canada vs Qatar_Sarah Farrugia,OK,OK,OK,OK,OK,6,0,0,0,0
,059509bb-977e-4ebf-9793-e7192e6c636f,46192,Mexico vs South Korea,Mexico vs South Korea,Mexico,South Korea,Mexico,2,0,Sarah Farrugia,Germany,19/06/2026_Mexico vs South Korea,19/06/2026_Mexico vs South Korea_Sarah Farrugia,OK,OK,OK,OK,OK,1,0,3,0,3
,ee085a53-7f0f-48da-ac53-cb56fb1d43e1,46192,United States vs Australia,United States vs Australia,United States,Australia,Tie,1,1,Sarah Farrugia,Germany,19/06/2026_United States vs Australia,19/06/2026_United States vs Australia_Sarah Farrugia,OK,OK,OK,OK,OK,2,0,0,0,0
,0d76420b-d43c-44e8-bb45-2a9ab1889b70,46193,Scotland vs Morocco,Scotland vs Morocco,Scotland,Morocco,Scotland,1,0,Sarah Farrugia,Germany,20/06/2026_Scotland vs Morocco,20/06/2026_Scotland vs Morocco_Sarah Farrugia,OK,OK,OK,OK,OK,0,1,0,0,0
,03606fd2-a3c2-422b-be0b-3c3354bdc236,46193,Brazil vs Haiti,Brazil vs Haiti,Brazil,Haiti,Brazil,6,0,Sarah Farrugia,Germany,20/06/2026_Brazil vs Haiti,20/06/2026_Brazil vs Haiti_Sarah Farrugia,OK,OK,OK,OK,OK,3,0,3,0,3
,ab6cfaab-6765-4db0-9d85-4dd1fe5d8083,46193,Turkey vs Paraguay,Turkey vs Paraguay,Turkey,Paraguay,Tie,2,2,Sarah Farrugia,Germany,20/06/2026_Turkey vs Paraguay,20/06/2026_Turkey vs Paraguay_Sarah Farrugia,OK,OK,OK,OK,OK,0,1,0,0,0
,b1ee93de-7f04-47e1-9089-5ab8e68bb55b,46193,Netherlands vs Sweden,Netherlands vs Sweden,Netherlands,Sweden,Netherlands,3,0,Sarah Farrugia,Germany,20/06/2026_Netherlands vs Sweden,20/06/2026_Netherlands vs Sweden_Sarah Farrugia,OK,OK,OK,OK,OK,5,1,3,0,3
,0cbb57e9-fc22-4186-b580-443f9ff84084,46193,Germany vs Ivory Coast,Germany vs Ivory Coast,Germany,Ivory Coast,Germany,3,0,Sarah Farrugia,Germany,20/06/2026_Germany vs Ivory Coast,20/06/2026_Germany vs Ivory Coast_Sarah Farrugia,OK,OK,OK,OK,OK,2,1,3,0,3
,5bcaf010-d2a7-4cd1-9342-49d3461a3acc,46194,Ecuador vs Curaçao,Ecuador vs Curaçao,Ecuador,Curaçao,Tie,0,0,Sarah Farrugia,Germany,21/06/2026_Ecuador vs Curaçao,21/06/2026_Ecuador vs Curaçao_Sarah Farrugia,OK,OK,OK,OK,OK,0,0,3,5,8
,4705a7e8-bb1c-4c5c-bc85-b10602dbfc4a,46194,Tunisia vs Japan,Tunisia vs Japan,Tunisia,Japan,Japan,0,2,Sarah Farrugia,Germany,21/06/2026_Tunisia vs Japan,21/06/2026_Tunisia vs Japan_Sarah Farrugia,OK,OK,OK,OK,OK,0,4,3,0,3
,42396fdd-a061-48be-b530-2b7c694552bb,46194,Spain vs Saudi Arabia,Spain vs Saudi Arabia,Spain,Saudi Arabia,Spain,2,1,Sarah Farrugia,Germany,21/06/2026_Spain vs Saudi Arabia,21/06/2026_Spain vs Saudi Arabia_Sarah Farrugia,OK,OK,OK,OK,OK,4,0,3,0,3
,53f91d0e-fb94-455f-99e8-bbd7d4d3c4b9,46194,Belgium vs Iran,Belgium vs Iran,Belgium,Iran,Tie,0,0,Sarah Farrugia,Germany,21/06/2026_Belgium vs Iran,21/06/2026_Belgium vs Iran_Sarah Farrugia,OK,OK,OK,OK,OK,0,0,3,5,8
,19df85dc-ab65-42e0-80a1-8988b013bd47,46195,Uruguay vs Cape Verde Islands,Uruguay vs Cape Verde Islands,Uruguay,Cape Verde Islands,Tie,1,1,Sarah Farrugia,Germany,22/06/2026_Uruguay vs Cape Verde Islands,22/06/2026_Uruguay vs Cape Verde Islands_Sarah Farrugia,OK,OK,OK,OK,OK,2,2,3,0,3
,aadf06ce-69a3-42be-b011-ba98801e69e6,46195,New Zealand vs Egypt,New Zealand vs Egypt,New Zealand,Egypt,Tie,0,0,Sarah Farrugia,Germany,22/06/2026_New Zealand vs Egypt,22/06/2026_New Zealand vs Egypt_Sarah Farrugia,OK,OK,OK,OK,OK,1,3,0,0,0
,460bca3a-7526-46d3-8ac3-f9a5ffd4c3e0,46195,Argentina vs Austria,Argentina vs Austria,Argentina,Austria,Argentina,3,1,Sarah Farrugia,Germany,22/06/2026_Argentina vs Austria,22/06/2026_Argentina vs Austria_Sarah Farrugia,OK,OK,OK,OK,OK,2,0,3,0,3
,1df658bf-5c89-4467-9ab0-49e8881ed6ba,46195,France vs Iraq,France vs Iraq,France,Iraq,France,1,0,Sarah Farrugia,Germany,22/06/2026_France vs Iraq,22/06/2026_France vs Iraq_Sarah Farrugia,OK,OK,OK,OK,OK,3,0,3,0,3
,999ebd33-f031-462d-943e-4e428e9c49da,46196,Norway vs Senegal,Norway vs Senegal,Norway,Senegal,Senegal,0,1,Sarah Farrugia,Germany,23/06/2026_Norway vs Senegal,23/06/2026_Norway vs Senegal_Sarah Farrugia,OK,OK,OK,OK,OK,3,2,0,0,0
,7c81bd80-6fc2-48ec-ad04-fb5ef60d3a84,46196,Jordan vs Algeria,Jordan vs Algeria,Jordan,Algeria,Tie,0,0,Sarah Farrugia,Germany,23/06/2026_Jordan vs Algeria,23/06/2026_Jordan vs Algeria_Sarah Farrugia,OK,OK,OK,OK,OK,1,2,0,0,0
,9161ab6a-3a6b-4d30-b49c-f7838bfb5e0e,46196,Portugal vs Uzbekistan,Portugal vs Uzbekistan,Portugal,Uzbekistan,Portugal,3,0,Sarah Farrugia,Germany,23/06/2026_Portugal vs Uzbekistan,23/06/2026_Portugal vs Uzbekistan_Sarah Farrugia,OK,OK,OK,OK,OK,5,0,3,0,3
,8511b673-1c97-4cac-aab3-512f1c5398a0,46196,England vs Ghana,England vs Ghana,England,Ghana,Ghana,0,1,Sarah Farrugia,Germany,23/06/2026_England vs Ghana,23/06/2026_England vs Ghana_Sarah Farrugia,OK,OK,OK,OK,OK,0,0,0,0,0
,0c45b5c9-b882-4886-81c7-8678e74e4e08,46197,Panama vs Croatia,Panama vs Croatia,Panama,Croatia,Tie,1,1,Sarah Farrugia,Germany,24/06/2026_Panama vs Croatia,24/06/2026_Panama vs Croatia_Sarah Farrugia,OK,OK,OK,OK,OK,0,1,0,0,0
,c5968da9-9cfb-4ebc-a818-c30363da538e,46197,Colombia vs Congo DR,Colombia vs Congo DR,Colombia,Congo DR,Colombia,2,1,Sarah Farrugia,Germany,24/06/2026_Colombia vs Congo DR,24/06/2026_Colombia vs Congo DR_Sarah Farrugia,OK,OK,OK,OK,OK,1,0,3,0,3
,8727397b-655a-4129-959b-397a127e47d7,46197,Switzerland vs Canada,Switzerland vs Canada,Switzerland,Canada,Tie,0,0,Sarah Farrugia,Germany,24/06/2026_Switzerland vs Canada,24/06/2026_Switzerland vs Canada_Sarah Farrugia,OK,OK,OK,OK,OK,2,1,0,0,0
,5f260332-c2e7-48b0-8d94-990aeb34c088,46197,Bosnia-Herzegovina vs Qatar,Bosnia-Herzegovina vs Qatar,Bosnia-Herzegovina,Qatar,Tie,1,1,Sarah Farrugia,Germany,24/06/2026_Bosnia-Herzegovina vs Qatar,24/06/2026_Bosnia-Herzegovina vs Qatar_Sarah Farrugia,OK,OK,OK,OK,OK,3,1,0,0,0
,0fa24e81-422a-4f0e-a160-93ab26cb1bda,46198,Morocco vs Haiti,Morocco vs Haiti,Morocco,Haiti,Tie,0,0,Sarah Farrugia,Germany,25/06/2026_Morocco vs Haiti,25/06/2026_Morocco vs Haiti_Sarah Farrugia,OK,OK,OK,OK,OK,4,2,0,0,0
,8629a7cf-169a-4589-9b90-b95cc2ff5e09,46198,Scotland vs Brazil,Scotland vs Brazil,Scotland,Brazil,Brazil,1,4,Sarah Farrugia,Germany,25/06/2026_Scotland vs Brazil,25/06/2026_Scotland vs Brazil_Sarah Farrugia,OK,OK,OK,OK,OK,0,3,3,0,3
,b8379550-6604-4cd3-8de9-714b97c18703,46198,South Africa vs South Korea,South Africa vs South Korea,South Africa,South Korea,South Korea,1,2,Sarah Farrugia,Germany,25/06/2026_South Africa vs South Korea,25/06/2026_South Africa vs South Korea_Sarah Farrugia,OK,OK,OK,OK,OK,1,0,0,0,0
,39ed976c-dc2d-4212-bff8-e48de7c5ce8c,46198,Czechia vs Mexico,Czechia vs Mexico,Czechia,Mexico,Mexico,1,2,Sarah Farrugia,Germany,25/06/2026_Czechia vs Mexico,25/06/2026_Czechia vs Mexico_Sarah Farrugia,OK,OK,OK,OK,OK,0,3,3,0,3
,01b29f1d-45ac-47e3-986d-1708302e2e0d,46198,Curaçao vs Ivory Coast,Curaçao vs Ivory Coast,Curaçao,Ivory Coast,Tie,1,1,Sarah Farrugia,Germany,25/06/2026_Curaçao vs Ivory Coast,25/06/2026_Curaçao vs Ivory Coast_Sarah Farrugia,OK,OK,OK,OK,OK,0,2,0,0,0
,7afa189e-9cf7-4818-b22f-8d746ab0812e,46198,Ecuador vs Germany,Ecuador vs Germany,Ecuador,Germany,Germany,0,2,Sarah Farrugia,Germany,25/06/2026_Ecuador vs Germany,25/06/2026_Ecuador vs Germany_Sarah Farrugia,OK,OK,OK,OK,OK,2,1,0,0,0
,30366be7-9487-4fb6-a457-4c0f52c2be93,46199,Tunisia vs Netherlands,Tunisia vs Netherlands,Tunisia,Netherlands,Netherlands,0,2,Sarah Farrugia,Germany,26/06/2026_Tunisia vs Netherlands,26/06/2026_Tunisia vs Netherlands_Sarah Farrugia,OK,OK,OK,OK,OK,1,3,3,0,3
,fae2407a-16b0-4c82-9b21-1acc28dfdf46,46199,Japan vs Sweden,Japan vs Sweden,Japan,Sweden,Japan,2,0,Sarah Farrugia,Germany,26/06/2026_Japan vs Sweden,26/06/2026_Japan vs Sweden_Sarah Farrugia,OK,OK,OK,OK,OK,1,1,0,0,0
,89edb971-f970-46b4-a4fd-2d8683536ad1,46199,Turkey vs United States,Turkey vs United States,Turkey,United States,Turkey,2,0,Sarah Farrugia,Germany,26/06/2026_Turkey vs United States,26/06/2026_Turkey vs United States_Sarah Farrugia,OK,OK,OK,OK,OK,3,2,3,0,3
,0e1fbe81-fca9-4bd0-bdd3-27eba9d2bc5a,46199,Paraguay vs Australia,Paraguay vs Australia,Paraguay,Australia,Paraguay,2,1,Sarah Farrugia,Germany,26/06/2026_Paraguay vs Australia,26/06/2026_Paraguay vs Australia_Sarah Farrugia,OK,OK,OK,OK,OK,0,0,0,0,0
,a5b15376-c031-4399-91cc-b3ec11aad454,46199,Norway vs France,Norway vs France,Norway,France,France,0,1,Sarah Farrugia,Germany,26/06/2026_Norway vs France,26/06/2026_Norway vs France_Sarah Farrugia,OK,OK,OK,OK,OK,1,4,3,0,3
,16094c87-f7d6-444d-b257-91161c462d8b,46199,Senegal vs Iraq,Senegal vs Iraq,Senegal,Iraq,Senegal,1,0,Sarah Farrugia,Germany,26/06/2026_Senegal vs Iraq,26/06/2026_Senegal vs Iraq_Sarah Farrugia,OK,OK,OK,OK,OK,5,0,3,0,3
,c1d8313b-e1bd-4c88-95b6-8c41ca24c64d,46200,Cape Verde Islands vs Saudi Arabia,Cape Verde Islands vs Saudi Arabia,Cape Verde Islands,Saudi Arabia,Tie,1,1,Sarah Farrugia,Germany,27/06/2026_Cape Verde Islands vs Saudi Arabia,27/06/2026_Cape Verde Islands vs Saudi Arabia_Sarah Farrugia,OK,OK,OK,OK,OK,0,0,3,0,3
,803796d4-8886-4857-baaf-cb83269aa5e5,46200,Uruguay vs Spain,Uruguay vs Spain,Uruguay,Spain,Uruguay,2,1,Sarah Farrugia,Germany,27/06/2026_Uruguay vs Spain,27/06/2026_Uruguay vs Spain_Sarah Farrugia,OK,OK,OK,OK,OK,0,1,0,0,0
,2fc7958b-848a-4d3d-a944-d21385a46bda,46200,New Zealand vs Belgium,New Zealand vs Belgium,New Zealand,Belgium,Tie,0,0,Sarah Farrugia,Germany,27/06/2026_New Zealand vs Belgium,27/06/2026_New Zealand vs Belgium_Sarah Farrugia,OK,OK,OK,OK,OK,1,5,0,0,0
,e46424d4-2e46-4872-8a86-fd8eba565349,46200,Egypt vs Iran,Egypt vs Iran,Egypt,Iran,Tie,1,1,Sarah Farrugia,Germany,27/06/2026_Egypt vs Iran,27/06/2026_Egypt vs Iran_Sarah Farrugia,OK,OK,OK,OK,OK,1,1,3,5,8
,bc1c5dfa-73b3-4981-a204-f7e978b3a944,46200,Panama vs England,Panama vs England,Panama,England,Panama,1,0,Sarah Farrugia,Germany,27/06/2026_Panama vs England,27/06/2026_Panama vs England_Sarah Farrugia,OK,OK,OK,OK,OK,0,2,0,0,0
,67edad4b-2810-4661-8e43-7e4fc128453f,46200,Croatia vs Ghana,Croatia vs Ghana,Croatia,Ghana,Tie,1,1,Sarah Farrugia,Germany,27/06/2026_Croatia vs Ghana,27/06/2026_Croatia vs Ghana_Sarah Farrugia,OK,OK,OK,OK,OK,2,1,0,0,0
,2ee753af-5493-4606-937f-b1685a5b115a,46201,Colombia vs Portugal,Colombia vs Portugal,Colombia,Portugal,Portugal,1,2,Sarah Farrugia,Germany,28/06/2026_Colombia vs Portugal,28/06/2026_Colombia vs Portugal_Sarah Farrugia,OK,OK,OK,OK,OK,0,0,0,0,0
,7b322030-f597-4e3f-abe0-f29e853c0b58,46201,Congo DR vs Uzbekistan,Congo DR vs Uzbekistan,Congo DR,Uzbekistan,Tie,2,2,Sarah Farrugia,Germany,28/06/2026_Congo DR vs Uzbekistan,28/06/2026_Congo DR vs Uzbekistan_Sarah Farrugia,OK,OK,OK,OK,OK,3,1,0,0,0
,b4a94e99-925d-4b24-a233-8d774302d62b,46201,Algeria vs Austria,Algeria vs Austria,Algeria,Austria,Tie,1,1,Sarah Farrugia,Germany,28/06/2026_Algeria vs Austria,28/06/2026_Algeria vs Austria_Sarah Farrugia,OK,OK,OK,OK,OK,3,3,3,0,3
,03a32426-78f3-4ee3-aed2-e5e5476a589f,46201,Jordan vs Argentina,Jordan vs Argentina,Jordan,Argentina,Argentina,0,3,Sarah Farrugia,Germany,28/06/2026_Jordan vs Argentina,28/06/2026_Jordan vs Argentina_Sarah Farrugia,OK,OK,OK,OK,OK,1,3,3,0,3
,b4097bcd-4739-4075-97ec-9ef31a634574,46201,South Africa vs Canada,South Africa vs Canada,South Africa,Canada,Canada,0,1,Alberto Tittoni,Spain,28/06/2026_South Africa vs Canada,28/06/2026_South Africa vs Canada_Alberto Tittoni,OK,OK,OK,OK,OK,0,1,3,5,8
,feb40868-ae7f-42a5-b348-f5ce3aa50b8e,46202,Germany vs Paraguay,Germany vs Paraguay,Germany,Paraguay,Germany,2,0,Alberto Tittoni,Spain,29/06/2026_Germany vs Paraguay,29/06/2026_Germany vs Paraguay_Alberto Tittoni,OK,OK,OK,OK,OK,1,1,0,0,0
,2d67d8d0-3fd0-4ee3-a71a-f77236147780,46202,Netherlands vs Morocco,Netherlands vs Morocco,Netherlands,Morocco,Netherlands,2,0,Alberto Tittoni,Spain,29/06/2026_Netherlands vs Morocco,29/06/2026_Netherlands vs Morocco_Alberto Tittoni,OK,OK,OK,OK,OK,1,1,0,0,0
,acd93873-a4d0-495d-bd7c-1ab64a2460a1,46202,Brazil vs Japan,Brazil vs Japan,Brazil,Japan,Brazil,2,0,Alberto Tittoni,Spain,29/06/2026_Brazil vs Japan,29/06/2026_Brazil vs Japan_Alberto Tittoni,OK,OK,OK,OK,OK,2,1,3,0,3
,4484a3cc-979f-4949-a587-6fa502e67d7c,46203,France vs Sweden,France vs Sweden,France,Sweden,France,2,0,Alberto Tittoni,Spain,30/06/2026_France vs Sweden,30/06/2026_France vs Sweden_Alberto Tittoni,OK,OK,OK,OK,OK,3,0,3,0,3
,4ee79ff1-0539-47c7-b06e-7b97053ad65d,46203,Ivory Coast vs Norway,Ivory Coast vs Norway,Ivory Coast,Norway,Norway,0,1,Alberto Tittoni,Spain,30/06/2026_Ivory Coast vs Norway,30/06/2026_Ivory Coast vs Norway_Alberto Tittoni,OK,OK,OK,OK,OK,1,2,3,0,3
,c1547229-7279-47a8-be3b-6df1c75508d5,46203,Mexico vs Ecuador,Mexico vs Ecuador,Mexico,Ecuador,Mexico,2,1,Alberto Tittoni,Spain,30/06/2026_Mexico vs Ecuador,30/06/2026_Mexico vs Ecuador_Alberto Tittoni,OK,OK,OK,OK,OK,2,0,3,0,3
,e88b5cec-817b-494e-b327-df97ef8d15e0,46204,England vs Congo DR,England vs Congo DR,England,Congo DR,England,2,0,Alberto Tittoni,Spain,01/07/2026_England vs Congo DR,01/07/2026_England vs Congo DR_Alberto Tittoni,OK,OK,OK,OK,OK,2,1,3,0,3
,62ea74d5-0413-47e1-a450-3bdca5b25b74,46204,United States vs Bosnia-Herzegovina,United States vs Bosnia-Herzegovina,United States,Bosnia-Herzegovina,United States,2,1,Alberto Tittoni,Spain,01/07/2026_United States vs Bosnia-Herzegovina,01/07/2026_United States vs Bosnia-Herzegovina_Alberto Tittoni,OK,OK,OK,OK,OK,2,0,3,0,3
,a4ecb7dc-b93d-49c5-8b1e-eeb207b3feba,46204,Belgium vs Senegal,Belgium vs Senegal,Belgium,Senegal,Belgium,2,0,Alberto Tittoni,Spain,01/07/2026_Belgium vs Senegal,01/07/2026_Belgium vs Senegal_Alberto Tittoni,OK,OK,OK,OK,OK,2,2,0,0,0
,b64ccae9-58d3-432a-b446-ac3e0eed3cb1,46205,Portugal vs Croatia,Portugal vs Croatia,Portugal,Croatia,Portugal,2,1,Alberto Tittoni,Spain,02/07/2026_Portugal vs Croatia,02/07/2026_Portugal vs Croatia_Alberto Tittoni,OK,OK,OK,OK,OK,2,1,3,5,8
,c8f4b465-7fe9-448d-9087-674acf71511f,46205,Spain vs Austria,Spain vs Austria,Spain,Austria,Spain,2,0,Alberto Tittoni,Spain,02/07/2026_Spain vs Austria,02/07/2026_Spain vs Austria_Alberto Tittoni,OK,OK,OK,OK,OK,3,0,3,0,3
,7a286023-8b3d-4960-8d78-8fe00f5fd99b,46205,Switzerland vs Algeria,Switzerland vs Algeria,Switzerland,Algeria,Switzerland,2,0,Alberto Tittoni,Spain,02/07/2026_Switzerland vs Algeria,02/07/2026_Switzerland vs Algeria_Alberto Tittoni,OK,OK,OK,OK,OK,2,0,3,5,8
,7fd4e472-9817-4f8b-b6ea-17ddce592c53,46206,Argentina vs Cape Verde Islands,Argentina vs Cape Verde Islands,Argentina,Cape Verde Islands,Argentina,2,0,Alberto Tittoni,Spain,03/07/2026_Argentina vs Cape Verde Islands,03/07/2026_Argentina vs Cape Verde Islands_Alberto Tittoni,OK,OK,OK,OK,OK,1,1,0,0,0
,86ecef47-af7f-4b20-b0e6-dcd749906636,46206,Colombia vs Ghana,Colombia vs Ghana,Colombia,Ghana,Colombia,2,1,Alberto Tittoni,Spain,03/07/2026_Colombia vs Ghana,03/07/2026_Colombia vs Ghana_Alberto Tittoni,OK,OK,OK,OK,OK,1,0,3,0,3
,4d2b3660-18f2-4bd1-8959-3fb502c04efe,46206,Australia vs Egypt,Australia vs Egypt,Australia,Egypt,Egypt,0,1,Alberto Tittoni,Spain,03/07/2026_Australia vs Egypt,03/07/2026_Australia vs Egypt_Alberto Tittoni,OK,OK,OK,OK,OK,1,1,0,0,0
,08f7a14d-1de4-4d92-bb25-ab688f3ff693,46207,Canada vs Morocco,Canada vs Morocco,Canada,Morocco,Morocco,0,1,Alberto Tittoni,Spain,04/07/2026_Canada vs Morocco,04/07/2026_Canada vs Morocco_Alberto Tittoni,OK,OK,OK,OK,OK,0,3,3,0,3
,2da6ef11-598f-4a6f-a104-bdfe45a7d48a,46207,Paraguay vs France,Paraguay vs France,Paraguay,France,France,0,2,Alberto Tittoni,Spain,04/07/2026_Paraguay vs France,04/07/2026_Paraguay vs France_Alberto Tittoni,OK,OK,OK,OK,OK,0,1,3,0,3
,45f18f2a-93e4-4887-aca2-95fe36d278f0,46208,Brazil vs Norway,Brazil vs Norway,Brazil,Norway,Brazil,2,0,Alberto Tittoni,Spain,05/07/2026_Brazil vs Norway,05/07/2026_Brazil vs Norway_Alberto Tittoni,OK,OK,OK,OK,OK,1,2,0,0,0
,cc2832c5-c48b-42a4-a761-e896bf01b964,46209,Mexico vs England,Mexico vs England,Mexico,England,England,0,1,Alberto Tittoni,Spain,06/07/2026_Mexico vs England,06/07/2026_Mexico vs England_Alberto Tittoni,OK,OK,OK,OK,OK,2,3,3,0,3
,1614206d-2b44-4386-b5ad-98a915e1bf9b,46209,Portugal vs Spain,Portugal vs Spain,Portugal,Spain,Tie,1,1,Alberto Tittoni,Spain,06/07/2026_Portugal vs Spain,06/07/2026_Portugal vs Spain_Alberto Tittoni,OK,OK,OK,OK,OK,0,1,0,0,0
,92d2060b-a2f0-47ca-bd1b-4c32513a01fe,46210,United States vs Belgium,United States vs Belgium,United States,Belgium,Tie,1,1,Alberto Tittoni,Spain,07/07/2026_United States vs Belgium,07/07/2026_United States vs Belgium_Alberto Tittoni,OK,OK,OK,OK,OK,1,4,0,0,0
,a1c2fb3d-6be2-45c5-939f-9a6b3a247c70,46210,Argentina vs Egypt,Argentina vs Egypt,Argentina,Egypt,Argentina,2,0,Alberto Tittoni,Spain,07/07/2026_Argentina vs Egypt,07/07/2026_Argentina vs Egypt_Alberto Tittoni,OK,OK,OK,OK,OK,3,2,3,0,3
,be024e7c-8bad-4758-9175-af28d16734b3,46210,Switzerland vs Colombia,Switzerland vs Colombia,Switzerland,Colombia,Colombia,0,1,Alberto Tittoni,Spain,07/07/2026_Switzerland vs Colombia,07/07/2026_Switzerland vs Colombia_Alberto Tittoni,OK,OK,OK,OK,OK,0,0,0,0,0
,977a0749-9f32-4081-87dc-0844380be65f,46212,France vs Morocco,France vs Morocco,France,Morocco,France,1,0,Alberto Tittoni,Spain,09/07/2026_France vs Morocco,09/07/2026_France vs Morocco_Alberto Tittoni,OK,OK,OK,OK,OK,2,0,3,0,3
,130b1a00-85ec-4222-846f-958ad6668997,46213,Spain vs Belgium,Spain vs Belgium,Spain,Belgium,Spain,2,0,Alberto Tittoni,Spain,10/07/2026_Spain vs Belgium,10/07/2026_Spain vs Belgium_Alberto Tittoni,OK,OK,OK,OK,OK,2,1,3,0,3
,f45bd1cd-5c46-475e-9e3c-4558a16bbcbf,46214,Norway vs England,Norway vs England,Norway,England,Tie,1,1,Alberto Tittoni,Spain,11/07/2026_Norway vs England,11/07/2026_Norway vs England_Alberto Tittoni,OK,OK,OK,OK,OK,1,1,3,5,8
,5919c989-7c0b-4595-b433-09cbcbb2d9d2,46215,Argentina vs Switzerland,Argentina vs Switzerland,Argentina,Switzerland,Argentina,2,1,Alberto Tittoni,Spain,12/07/2026_Argentina vs Switzerland,12/07/2026_Argentina vs Switzerland_Alberto Tittoni,OK,OK,OK,OK,OK,3,1,3,0,3
,e3a780c3-5dbb-4736-8713-93140065e797,46217,France vs Spain,France vs Spain,France,Spain,Spain,0,1,Alberto Tittoni,Spain,14/07/2026_France vs Spain,14/07/2026_France vs Spain_Alberto Tittoni,OK,OK,OK,OK,OK,0,2,3,0,3
,b85eedf7-af48-4849-9349-577147d2a448,46218,England vs Argentina,England vs Argentina,England,Argentina,Tie,1,1,Alberto Tittoni,Spain,15/07/2026_England vs Argentina,15/07/2026_England vs Argentina_Alberto Tittoni,OK,OK,OK,OK,OK,1,2,0,0,0
,c41828a7-13e5-4ebb-99c4-ddc11137ed21,46201,South Africa vs Canada,South Africa vs Canada,South Africa,Canada,Canada,1,3,Alessandro Rossi,Spain,28/06/2026_South Africa vs Canada,28/06/2026_South Africa vs Canada_Alessandro Rossi,OK,OK,OK,OK,OK,0,1,3,0,3
,d6ee74f1-502f-486f-90c2-baa52c1dc8f7,46202,Germany vs Paraguay,Germany vs Paraguay,Germany,Paraguay,Germany,3,0,Alessandro Rossi,Spain,29/06/2026_Germany vs Paraguay,29/06/2026_Germany vs Paraguay_Alessandro Rossi,OK,OK,OK,OK,OK,1,1,0,0,0
,5f2bfad4-1585-4de0-81c4-6da97041b743,46202,Netherlands vs Morocco,Netherlands vs Morocco,Netherlands,Morocco,Netherlands,2,1,Alessandro Rossi,Spain,29/06/2026_Netherlands vs Morocco,29/06/2026_Netherlands vs Morocco_Alessandro Rossi,OK,OK,OK,OK,OK,1,1,0,0,0
,87f62372-75a7-40f8-9017-4548f9e0cc40,46202,Brazil vs Japan,Brazil vs Japan,Brazil,Japan,Brazil,3,0,Alessandro Rossi,Spain,29/06/2026_Brazil vs Japan,29/06/2026_Brazil vs Japan_Alessandro Rossi,OK,OK,OK,OK,OK,2,1,3,0,3
,be01488b-1a27-41f9-ad2c-d1cd1559c79a,46203,France vs Sweden,France vs Sweden,France,Sweden,France,1,0,Alessandro Rossi,Spain,30/06/2026_France vs Sweden,30/06/2026_France vs Sweden_Alessandro Rossi,OK,OK,OK,OK,OK,3,0,3,0,3
,cc872dad-7b15-453f-abdf-9c19c5044fec,46203,Ivory Coast vs Norway,Ivory Coast vs Norway,Ivory Coast,Norway,Norway,0,1,Alessandro Rossi,Spain,30/06/2026_Ivory Coast vs Norway,30/06/2026_Ivory Coast vs Norway_Alessandro Rossi,OK,OK,OK,OK,OK,1,2,3,0,3
,3be8cf09-7c91-48c0-9651-f77b63bf5bc5,46203,Mexico vs Ecuador,Mexico vs Ecuador,Mexico,Ecuador,Mexico,1,0,Alessandro Rossi,Spain,30/06/2026_Mexico vs Ecuador,30/06/2026_Mexico vs Ecuador_Alessandro Rossi,OK,OK,OK,OK,OK,2,0,3,0,3
,8633b9ff-591a-47c3-aae5-7abdcc135ef5,46204,England vs Congo DR,England vs Congo DR,England,Congo DR,England,2,0,Alessandro Rossi,Spain,01/07/2026_England vs Congo DR,01/07/2026_England vs Congo DR_Alessandro Rossi,OK,OK,OK,OK,OK,2,1,3,0,3
,625ca6f4-3989-4ea6-b7e1-051007ee4b63,46204,United States vs Bosnia-Herzegovina,United States vs Bosnia-Herzegovina,United States,Bosnia-Herzegovina,United States,2,0,Alessandro Rossi,Spain,01/07/2026_United States vs Bosnia-Herzegovina,01/07/2026_United States vs Bosnia-Herzegovina_Alessandro Rossi,OK,OK,OK,OK,OK,2,0,3,5,8
,97f51cea-aa90-4209-892b-0449da28ec86,46204,Belgium vs Senegal,Belgium vs Senegal,Belgium,Senegal,Belgium,1,0,Alessandro Rossi,Spain,01/07/2026_Belgium vs Senegal,01/07/2026_Belgium vs Senegal_Alessandro Rossi,OK,OK,OK,OK,OK,2,2,0,0,0
,334a9e2a-8f36-48ba-8df6-a093af295828,46205,Portugal vs Croatia,Portugal vs Croatia,Portugal,Croatia,Portugal,2,0,Alessandro Rossi,Spain,02/07/2026_Portugal vs Croatia,02/07/2026_Portugal vs Croatia_Alessandro Rossi,OK,OK,OK,OK,OK,2,1,3,0,3
,acf1668b-8ec4-4d30-bfe5-7ff72ad259a3,46205,Spain vs Austria,Spain vs Austria,Spain,Austria,Spain,2,0,Alessandro Rossi,Spain,02/07/2026_Spain vs Austria,02/07/2026_Spain vs Austria_Alessandro Rossi,OK,OK,OK,OK,OK,3,0,3,0,3
,d29bcccc-711a-4261-941e-229350eb671d,46205,Switzerland vs Algeria,Switzerland vs Algeria,Switzerland,Algeria,Switzerland,1,0,Alessandro Rossi,Spain,02/07/2026_Switzerland vs Algeria,02/07/2026_Switzerland vs Algeria_Alessandro Rossi,OK,OK,OK,OK,OK,2,0,3,0,3
,b4f9722d-9d7e-456e-8568-b1abe5126c23,46206,Argentina vs Cape Verde Islands,Argentina vs Cape Verde Islands,Argentina,Cape Verde Islands,Argentina,3,0,Alessandro Rossi,Spain,03/07/2026_Argentina vs Cape Verde Islands,03/07/2026_Argentina vs Cape Verde Islands_Alessandro Rossi,OK,OK,OK,OK,OK,1,1,0,0,0
,7d8a666b-4358-4ec7-808c-d64610028ca8,46206,Colombia vs Ghana,Colombia vs Ghana,Colombia,Ghana,Colombia,1,0,Alessandro Rossi,Spain,03/07/2026_Colombia vs Ghana,03/07/2026_Colombia vs Ghana_Alessandro Rossi,OK,OK,OK,OK,OK,1,0,3,5,8
,e2a0bdc2-9ff7-44c1-9b7e-46c8224605fc,46206,Australia vs Egypt,Australia vs Egypt,Australia,Egypt,Australia,1,0,Alessandro Rossi,Spain,03/07/2026_Australia vs Egypt,03/07/2026_Australia vs Egypt_Alessandro Rossi,OK,OK,OK,OK,OK,1,1,0,0,0
,e1ceb57b-fb5a-4f5f-b25c-36f7ddf8ab33,46201,South Africa vs Canada,South Africa vs Canada,South Africa,Canada,Tie,9,9,Andrea Tinti,England,28/06/2026_South Africa vs Canada,28/06/2026_South Africa vs Canada_Andrea Tinti,OK,OK,OK,OK,OK,0,1,0,0,0
,1695840b-a57b-4846-aca8-e653dcae4033,46202,Germany vs Paraguay,Germany vs Paraguay,Germany,Paraguay,Germany,2,1,Andrea Tinti,England,29/06/2026_Germany vs Paraguay,29/06/2026_Germany vs Paraguay_Andrea Tinti,OK,OK,OK,OK,OK,1,1,0,0,0
,ff375236-7bb8-4c5f-b8b4-1e9f035f8881,46202,Netherlands vs Morocco,Netherlands vs Morocco,Netherlands,Morocco,Netherlands,1,0,Andrea Tinti,England,29/06/2026_Netherlands vs Morocco,29/06/2026_Netherlands vs Morocco_Andrea Tinti,OK,OK,OK,OK,OK,1,1,0,0,0
,ca8dfe0d-f2b5-4b5b-a774-e0b90109b5aa,46202,Brazil vs Japan,Brazil vs Japan,Brazil,Japan,Brazil,2,0,Andrea Tinti,England,29/06/2026_Brazil vs Japan,29/06/2026_Brazil vs Japan_Andrea Tinti,OK,OK,OK,OK,OK,2,1,3,0,3
,a900bd39-2fb0-40e7-998b-994dda8d255b,46203,France vs Sweden,France vs Sweden,France,Sweden,France,2,1,Andrea Tinti,England,30/06/2026_France vs Sweden,30/06/2026_France vs Sweden_Andrea Tinti,OK,OK,OK,OK,OK,3,0,3,0,3
,6a03a515-5837-4ee4-b41a-e91b31c55115,46203,Ivory Coast vs Norway,Ivory Coast vs Norway,Ivory Coast,Norway,Norway,1,2,Andrea Tinti,England,30/06/2026_Ivory Coast vs Norway,30/06/2026_Ivory Coast vs Norway_Andrea Tinti,OK,OK,OK,OK,OK,1,2,3,5,8
,e446be67-e226-47d2-bb97-44c78f7c5ae2,46203,Mexico vs Ecuador,Mexico vs Ecuador,Mexico,Ecuador,Mexico,2,0,Andrea Tinti,England,30/06/2026_Mexico vs Ecuador,30/06/2026_Mexico vs Ecuador_Andrea Tinti,OK,OK,OK,OK,OK,2,0,3,5,8
,39652921-abd6-457f-a83f-04ee4cf04ccf,46204,England vs Congo DR,England vs Congo DR,England,Congo DR,England,1,0,Andrea Tinti,England,01/07/2026_England vs Congo DR,01/07/2026_England vs Congo DR_Andrea Tinti,OK,OK,OK,OK,OK,2,1,3,0,3
,d8da0c93-331b-4309-b8fe-cf661a778946,46204,United States vs Bosnia-Herzegovina,United States vs Bosnia-Herzegovina,United States,Bosnia-Herzegovina,United States,2,1,Andrea Tinti,England,01/07/2026_United States vs Bosnia-Herzegovina,01/07/2026_United States vs Bosnia-Herzegovina_Andrea Tinti,OK,OK,OK,OK,OK,2,0,3,0,3
,af5b8adf-a461-48d2-bef7-78e66cb14430,46204,Belgium vs Senegal,Belgium vs Senegal,Belgium,Senegal,Belgium,1,0,Andrea Tinti,England,01/07/2026_Belgium vs Senegal,01/07/2026_Belgium vs Senegal_Andrea Tinti,OK,OK,OK,OK,OK,2,2,0,0,0
,bbf7fbfe-1560-4c26-86a5-5d197ad15b1f,46205,Portugal vs Croatia,Portugal vs Croatia,Portugal,Croatia,Portugal,2,0,Andrea Tinti,England,02/07/2026_Portugal vs Croatia,02/07/2026_Portugal vs Croatia_Andrea Tinti,OK,OK,OK,OK,OK,2,1,3,0,3
,708c45b5-7bbb-40c4-ac07-d5d45fd835a2,46205,Spain vs Austria,Spain vs Austria,Spain,Austria,Spain,3,1,Andrea Tinti,England,02/07/2026_Spain vs Austria,02/07/2026_Spain vs Austria_Andrea Tinti,OK,OK,OK,OK,OK,3,0,3,0,3
,13a646a3-7851-42e6-9f5e-a804f7cab702,46205,Switzerland vs Algeria,Switzerland vs Algeria,Switzerland,Algeria,Switzerland,1,0,Andrea Tinti,England,02/07/2026_Switzerland vs Algeria,02/07/2026_Switzerland vs Algeria_Andrea Tinti,OK,OK,OK,OK,OK,2,0,3,0,3
,d6114012-2259-4a56-8f1b-5484c1d65b99,46206,Argentina vs Cape Verde Islands,Argentina vs Cape Verde Islands,Argentina,Cape Verde Islands,Argentina,3,0,Andrea Tinti,England,03/07/2026_Argentina vs Cape Verde Islands,03/07/2026_Argentina vs Cape Verde Islands_Andrea Tinti,OK,OK,OK,OK,OK,1,1,0,0,0
,3fe0a29d-0eff-4678-b7e5-fdb2082d6726,46206,Colombia vs Ghana,Colombia vs Ghana,Colombia,Ghana,Colombia,1,0,Andrea Tinti,England,03/07/2026_Colombia vs Ghana,03/07/2026_Colombia vs Ghana_Andrea Tinti,OK,OK,OK,OK,OK,1,0,3,5,8
,0eb99d3e-2be3-4175-b446-37af7fc3c4f6,46206,Australia vs Egypt,Australia vs Egypt,Australia,Egypt,Egypt,0,1,Andrea Tinti,England,03/07/2026_Australia vs Egypt,03/07/2026_Australia vs Egypt_Andrea Tinti,OK,OK,OK,OK,OK,1,1,0,0,0
,7cf55db9-1c52-4d9e-b07a-4e9b33793fca,46201,South Africa vs Canada,South Africa vs Canada,South Africa,Canada,Tie,1,1,Andrea Vella,Brazil,28/06/2026_South Africa vs Canada,28/06/2026_South Africa vs Canada_Andrea Vella,OK,OK,OK,OK,OK,0,1,0,0,0
,2fae4975-eaf1-4868-b410-e094e9a5ebb9,46202,Germany vs Paraguay,Germany vs Paraguay,Germany,Paraguay,Germany,3,1,Andrea Vella,Brazil,29/06/2026_Germany vs Paraguay,29/06/2026_Germany vs Paraguay_Andrea Vella,OK,OK,OK,OK,OK,1,1,0,0,0
,aa4d5533-1c58-46a1-bf17-8a605d43baf2,46202,Netherlands vs Morocco,Netherlands vs Morocco,Netherlands,Morocco,Morocco,1,2,Andrea Vella,Brazil,29/06/2026_Netherlands vs Morocco,29/06/2026_Netherlands vs Morocco_Andrea Vella,OK,OK,OK,OK,OK,1,1,0,0,0
,60e1fefe-53ea-4d30-818c-e798f533fb61,46202,Brazil vs Japan,Brazil vs Japan,Brazil,Japan,Brazil,2,1,Andrea Vella,Brazil,29/06/2026_Brazil vs Japan,29/06/2026_Brazil vs Japan_Andrea Vella,OK,OK,OK,OK,OK,2,1,3,5,8
,9004d467-6c5c-4b97-8b3b-82e3fbc49db4,46203,France vs Sweden,France vs Sweden,France,Sweden,France,3,1,Andrea Vella,Brazil,30/06/2026_France vs Sweden,30/06/2026_France vs Sweden_Andrea Vella,OK,OK,OK,OK,OK,3,0,3,0,3
,de786b61-ec3e-480d-b3a7-4daed5c25b88,46203,Ivory Coast vs Norway,Ivory Coast vs Norway,Ivory Coast,Norway,Norway,1,2,Andrea Vella,Brazil,30/06/2026_Ivory Coast vs Norway,30/06/2026_Ivory Coast vs Norway_Andrea Vella,OK,OK,OK,OK,OK,1,2,3,5,8
,4d2bb26b-397e-42e2-a6b3-c3e3d662769b,46203,Mexico vs Ecuador,Mexico vs Ecuador,Mexico,Ecuador,Mexico,2,1,Andrea Vella,Brazil,30/06/2026_Mexico vs Ecuador,30/06/2026_Mexico vs Ecuador_Andrea Vella,OK,OK,OK,OK,OK,2,0,3,0,3
,a1910d94-1752-4a5f-ac11-4487961c07b4,46204,England vs Congo DR,England vs Congo DR,England,Congo DR,England,2,1,Andrea Vella,Brazil,01/07/2026_England vs Congo DR,01/07/2026_England vs Congo DR_Andrea Vella,OK,OK,OK,OK,OK,2,1,3,5,8
,4ec79bf3-89ca-4604-b2c1-b4fcc52f1a6c,46204,United States vs Bosnia-Herzegovina,United States vs Bosnia-Herzegovina,United States,Bosnia-Herzegovina,United States,2,1,Andrea Vella,Brazil,01/07/2026_United States vs Bosnia-Herzegovina,01/07/2026_United States vs Bosnia-Herzegovina_Andrea Vella,OK,OK,OK,OK,OK,2,0,3,0,3
,706412a5-46ed-4b53-bbd5-0dc76bf8c8a3,46204,Belgium vs Senegal,Belgium vs Senegal,Belgium,Senegal,Senegal,1,2,Andrea Vella,Brazil,01/07/2026_Belgium vs Senegal,01/07/2026_Belgium vs Senegal_Andrea Vella,OK,OK,OK,OK,OK,2,2,0,0,0
,8a9120d8-cb7e-451a-b55a-f5a07ef1893d,46205,Portugal vs Croatia,Portugal vs Croatia,Portugal,Croatia,Portugal,2,0,Andrea Vella,Brazil,02/07/2026_Portugal vs Croatia,02/07/2026_Portugal vs Croatia_Andrea Vella,OK,OK,OK,OK,OK,2,1,3,0,3
,466ff0db-dee3-46ce-98b6-4df38f8246b4,46205,Spain vs Austria,Spain vs Austria,Spain,Austria,Spain,3,0,Andrea Vella,Brazil,02/07/2026_Spain vs Austria,02/07/2026_Spain vs Austria_Andrea Vella,OK,OK,OK,OK,OK,3,0,3,5,8
,a1096833-f2da-4dbd-928d-b552da399c63,46205,Switzerland vs Algeria,Switzerland vs Algeria,Switzerland,Algeria,Switzerland,2,0,Andrea Vella,Brazil,02/07/2026_Switzerland vs Algeria,02/07/2026_Switzerland vs Algeria_Andrea Vella,OK,OK,OK,OK,OK,2,0,3,5,8
,b68e951b-b2b3-41e5-9a6f-53a3faf8ce5d,46206,Argentina vs Cape Verde Islands,Argentina vs Cape Verde Islands,Argentina,Cape Verde Islands,Argentina,3,0,Andrea Vella,Brazil,03/07/2026_Argentina vs Cape Verde Islands,03/07/2026_Argentina vs Cape Verde Islands_Andrea Vella,OK,OK,OK,OK,OK,1,1,0,0,0
,9b2eefdd-e54b-4cfe-bd1f-70a2232520b4,46206,Colombia vs Ghana,Colombia vs Ghana,Colombia,Ghana,Ghana,0,1,Andrea Vella,Brazil,03/07/2026_Colombia vs Ghana,03/07/2026_Colombia vs Ghana_Andrea Vella,OK,OK,OK,OK,OK,1,0,0,0,0
,250780d9-f106-4da7-bd78-998cbfddc64d,46206,Australia vs Egypt,Australia vs Egypt,Australia,Egypt,Egypt,1,2,Andrea Vella,Brazil,03/07/2026_Australia vs Egypt,03/07/2026_Australia vs Egypt_Andrea Vella,OK,OK,OK,OK,OK,1,1,0,0,0
,a520b142-95e3-44a2-8d42-4412c3abf579,46207,Canada vs Morocco,Canada vs Morocco,Canada,Morocco,Morocco,1,2,Andrea Vella,Brazil,04/07/2026_Canada vs Morocco,04/07/2026_Canada vs Morocco_Andrea Vella,OK,OK,OK,OK,OK,0,3,3,0,3
,8239ad63-8a62-44a2-b9ce-9fbba81a6db6,46207,Paraguay vs France,Paraguay vs France,Paraguay,France,France,1,2,Andrea Vella,Brazil,04/07/2026_Paraguay vs France,04/07/2026_Paraguay vs France_Andrea Vella,OK,OK,OK,OK,OK,0,1,3,0,3
,6f4fa05f-5068-49e3-9791-ac3c81d800ed,46208,Brazil vs Norway,Brazil vs Norway,Brazil,Norway,Brazil,2,1,Andrea Vella,Brazil,05/07/2026_Brazil vs Norway,05/07/2026_Brazil vs Norway_Andrea Vella,OK,OK,OK,OK,OK,1,2,0,0,0
,f0e4f366-c719-4ad8-8815-385b20187150,46209,Mexico vs England,Mexico vs England,Mexico,England,Tie,2,2,Andrea Vella,Brazil,06/07/2026_Mexico vs England,06/07/2026_Mexico vs England_Andrea Vella,OK,OK,OK,OK,OK,2,3,0,0,0
,de39c984-6e0b-456d-8fa1-49d26ff6a1c6,46209,Portugal vs Spain,Portugal vs Spain,Portugal,Spain,Tie,1,1,Andrea Vella,Brazil,06/07/2026_Portugal vs Spain,06/07/2026_Portugal vs Spain_Andrea Vella,OK,OK,OK,OK,OK,0,1,0,0,0
,6778ec56-9da2-4373-bf70-00c42e61c16b,46210,United States vs Belgium,United States vs Belgium,United States,Belgium,Tie,1,1,Andrea Vella,Brazil,07/07/2026_United States vs Belgium,07/07/2026_United States vs Belgium_Andrea Vella,OK,OK,OK,OK,OK,1,4,0,0,0
,f4f7b135-cf27-4bb1-ace9-e12506c52294,46210,Argentina vs Egypt,Argentina vs Egypt,Argentina,Egypt,Argentina,2,1,Andrea Vella,Brazil,07/07/2026_Argentina vs Egypt,07/07/2026_Argentina vs Egypt_Andrea Vella,OK,OK,OK,OK,OK,3,2,3,0,3
,c3967756-cb3a-40d2-b596-c67a782713e7,46210,Switzerland vs Colombia,Switzerland vs Colombia,Switzerland,Colombia,Tie,1,1,Andrea Vella,Brazil,07/07/2026_Switzerland vs Colombia,07/07/2026_Switzerland vs Colombia_Andrea Vella,OK,OK,OK,OK,OK,0,0,3,0,3
,476026ad-bb07-4ca5-b8dd-aa51bab9664e,46212,France vs Morocco,France vs Morocco,France,Morocco,Morocco,1,2,Andrea Vella,Brazil,09/07/2026_France vs Morocco,09/07/2026_France vs Morocco_Andrea Vella,OK,OK,OK,OK,OK,2,0,0,0,0
,16b8e6dc-9cf8-4996-8a41-c23447249dfc,46213,Spain vs Belgium,Spain vs Belgium,Spain,Belgium,Spain,2,1,Andrea Vella,Brazil,10/07/2026_Spain vs Belgium,10/07/2026_Spain vs Belgium_Andrea Vella,OK,OK,OK,OK,OK,2,1,3,5,8
,e4601d1a-0109-4529-9381-5f145e061fb4,46214,Norway vs England,Norway vs England,Norway,England,Tie,1,1,Andrea Vella,Brazil,11/07/2026_Norway vs England,11/07/2026_Norway vs England_Andrea Vella,OK,OK,OK,OK,OK,1,1,3,5,8
,b8b4e6f6-0560-4c1d-9ef6-683d68c16852,46215,Argentina vs Switzerland,Argentina vs Switzerland,Argentina,Switzerland,Argentina,2,1,Andrea Vella,Brazil,12/07/2026_Argentina vs Switzerland,12/07/2026_Argentina vs Switzerland_Andrea Vella,OK,OK,OK,OK,OK,3,1,3,0,3
,46ac6341-4352-49ca-bed5-30ad65cadeff,46201,South Africa vs Canada,South Africa vs Canada,South Africa,Canada,Canada,1,2,Brandon Galea,Spain,28/06/2026_South Africa vs Canada,28/06/2026_South Africa vs Canada_Brandon Galea,OK,OK,OK,OK,OK,0,1,3,0,3
,202c6e02-472a-4caf-b030-2774554ee040,46202,Germany vs Paraguay,Germany vs Paraguay,Germany,Paraguay,Germany,2,1,Brandon Galea,Spain,29/06/2026_Germany vs Paraguay,29/06/2026_Germany vs Paraguay_Brandon Galea,OK,OK,OK,OK,OK,1,1,0,0,0
,7f3a83d9-6e88-47e6-aff6-0ec160b01a90,46202,Netherlands vs Morocco,Netherlands vs Morocco,Netherlands,Morocco,Tie,2,2,Brandon Galea,Spain,29/06/2026_Netherlands vs Morocco,29/06/2026_Netherlands vs Morocco_Brandon Galea,OK,OK,OK,OK,OK,1,1,3,0,3
,8dacf7e1-6347-44e1-a0a2-5d68b0d73bd6,46202,Brazil vs Japan,Brazil vs Japan,Brazil,Japan,Brazil,2,1,Brandon Galea,Spain,29/06/2026_Brazil vs Japan,29/06/2026_Brazil vs Japan_Brandon Galea,OK,OK,OK,OK,OK,2,1,3,5,8
,e1043bf4-d9cb-4e01-a9f6-cb027162954b,46203,France vs Sweden,France vs Sweden,France,Sweden,France,2,1,Brandon Galea,Spain,30/06/2026_France vs Sweden,30/06/2026_France vs Sweden_Brandon Galea,OK,OK,OK,OK,OK,3,0,3,0,3
,6eba8380-4d85-45c1-b324-f4eb2e334c15,46203,Ivory Coast vs Norway,Ivory Coast vs Norway,Ivory Coast,Norway,Norway,0,2,Brandon Galea,Spain,30/06/2026_Ivory Coast vs Norway,30/06/2026_Ivory Coast vs Norway_Brandon Galea,OK,OK,OK,OK,OK,1,2,3,0,3
,2cd20c81-05c8-41f3-b531-b1aeed86a1f3,46203,Mexico vs Ecuador,Mexico vs Ecuador,Mexico,Ecuador,Mexico,1,0,Brandon Galea,Spain,30/06/2026_Mexico vs Ecuador,30/06/2026_Mexico vs Ecuador_Brandon Galea,OK,OK,OK,OK,OK,2,0,3,0,3
,e3ab09f1-f813-49d2-96a7-d5b06f2ac495,46204,England vs Congo DR,England vs Congo DR,England,Congo DR,England,2,1,Brandon Galea,Spain,01/07/2026_England vs Congo DR,01/07/2026_England vs Congo DR_Brandon Galea,OK,OK,OK,OK,OK,2,1,3,5,8
,98192e7d-1741-4e8e-89c4-44489d16f366,46204,United States vs Bosnia-Herzegovina,United States vs Bosnia-Herzegovina,United States,Bosnia-Herzegovina,United States,2,1,Brandon Galea,Spain,01/07/2026_United States vs Bosnia-Herzegovina,01/07/2026_United States vs Bosnia-Herzegovina_Brandon Galea,OK,OK,OK,OK,OK,2,0,3,0,3
,556338a6-4067-4051-bfaf-b8d356d39b4b,46204,Belgium vs Senegal,Belgium vs Senegal,Belgium,Senegal,Tie,1,1,Brandon Galea,Spain,01/07/2026_Belgium vs Senegal,01/07/2026_Belgium vs Senegal_Brandon Galea,OK,OK,OK,OK,OK,2,2,3,0,3
,344c2984-1b10-407c-ab2c-e7ff49772088,46205,Portugal vs Croatia,Portugal vs Croatia,Portugal,Croatia,Tie,2,2,Brandon Galea,Spain,02/07/2026_Portugal vs Croatia,02/07/2026_Portugal vs Croatia_Brandon Galea,OK,OK,OK,OK,OK,2,1,0,0,0
,f6af4fdf-c5b8-4f09-9b1b-ed3924f56081,46205,Spain vs Austria,Spain vs Austria,Spain,Austria,Spain,2,1,Brandon Galea,Spain,02/07/2026_Spain vs Austria,02/07/2026_Spain vs Austria_Brandon Galea,OK,OK,OK,OK,OK,3,0,3,0,3
,c05038b9-755d-4e45-b30b-7ca9772c74f4,46205,Switzerland vs Algeria,Switzerland vs Algeria,Switzerland,Algeria,Switzerland,2,1,Brandon Galea,Spain,02/07/2026_Switzerland vs Algeria,02/07/2026_Switzerland vs Algeria_Brandon Galea,OK,OK,OK,OK,OK,2,0,3,0,3
,a1f7df32-36e9-4711-b823-fa7d3dd0609b,46206,Argentina vs Cape Verde Islands,Argentina vs Cape Verde Islands,Argentina,Cape Verde Islands,Argentina,3,0,Brandon Galea,Spain,03/07/2026_Argentina vs Cape Verde Islands,03/07/2026_Argentina vs Cape Verde Islands_Brandon Galea,OK,OK,OK,OK,OK,1,1,0,0,0
,aab013a0-a4c0-47f8-b55a-3ecd392c8030,46206,Colombia vs Ghana,Colombia vs Ghana,Colombia,Ghana,Colombia,2,0,Brandon Galea,Spain,03/07/2026_Colombia vs Ghana,03/07/2026_Colombia vs Ghana_Brandon Galea,OK,OK,OK,OK,OK,1,0,3,0,3
,ea1c76f1-91ca-4b38-acc7-83a300aa1cdb,46206,Australia vs Egypt,Australia vs Egypt,Australia,Egypt,Egypt,0,2,Brandon Galea,Spain,03/07/2026_Australia vs Egypt,03/07/2026_Australia vs Egypt_Brandon Galea,OK,OK,OK,OK,OK,1,1,0,0,0
,d6384b5d-dadd-4ebc-9a70-c6a947c0dd36,46207,Canada vs Morocco,Canada vs Morocco,Canada,Morocco,Morocco,1,2,Brandon Galea,Spain,04/07/2026_Canada vs Morocco,04/07/2026_Canada vs Morocco_Brandon Galea,OK,OK,OK,OK,OK,0,3,3,0,3
,4bff32d0-d11c-4e3c-b6ea-88a46a59d26d,46207,Paraguay vs France,Paraguay vs France,Paraguay,France,France,0,3,Brandon Galea,Spain,04/07/2026_Paraguay vs France,04/07/2026_Paraguay vs France_Brandon Galea,OK,OK,OK,OK,OK,0,1,3,0,3
,7366e4b8-6217-46ea-883d-802fcd01bcc7,46208,Brazil vs Norway,Brazil vs Norway,Brazil,Norway,Tie,1,1,Brandon Galea,Spain,05/07/2026_Brazil vs Norway,05/07/2026_Brazil vs Norway_Brandon Galea,OK,OK,OK,OK,OK,1,2,0,0,0
,b5d2afd9-8179-4554-89d7-0fb5e3963083,46209,Mexico vs England,Mexico vs England,Mexico,England,Tie,1,1,Brandon Galea,Spain,06/07/2026_Mexico vs England,06/07/2026_Mexico vs England_Brandon Galea,OK,OK,OK,OK,OK,2,3,0,0,0
,fd49e5c0-5e94-4c26-8a49-7391a495f29d,46209,Portugal vs Spain,Portugal vs Spain,Portugal,Spain,Spain,1,2,Brandon Galea,Spain,06/07/2026_Portugal vs Spain,06/07/2026_Portugal vs Spain_Brandon Galea,OK,OK,OK,OK,OK,0,1,3,0,3
,ebd33794-dc2c-484c-9866-fb260df1852e,46210,United States vs Belgium,United States vs Belgium,United States,Belgium,Tie,1,1,Brandon Galea,Spain,07/07/2026_United States vs Belgium,07/07/2026_United States vs Belgium_Brandon Galea,OK,OK,OK,OK,OK,1,4,0,0,0
,04d71aee-e10a-4f95-8d46-28525e532b58,46210,Argentina vs Egypt,Argentina vs Egypt,Argentina,Egypt,Argentina,2,0,Brandon Galea,Spain,07/07/2026_Argentina vs Egypt,07/07/2026_Argentina vs Egypt_Brandon Galea,OK,OK,OK,OK,OK,3,2,3,0,3
,ae77d1a2-88da-4f2e-a1d6-130267d83935,46210,Switzerland vs Colombia,Switzerland vs Colombia,Switzerland,Colombia,Tie,1,1,Brandon Galea,Spain,07/07/2026_Switzerland vs Colombia,07/07/2026_Switzerland vs Colombia_Brandon Galea,OK,OK,OK,OK,OK,0,0,3,0,3
,be1e48b0-9688-4357-9c99-0019f47a8414,46212,France vs Morocco,France vs Morocco,France,Morocco,France,3,1,Brandon Galea,Spain,09/07/2026_France vs Morocco,09/07/2026_France vs Morocco_Brandon Galea,OK,OK,OK,OK,OK,2,0,3,0,3
,5b258584-db0a-445c-8b1d-fc8e5fb65abc,46213,Spain vs Belgium,Spain vs Belgium,Spain,Belgium,Spain,2,1,Brandon Galea,Spain,10/07/2026_Spain vs Belgium,10/07/2026_Spain vs Belgium_Brandon Galea,OK,OK,OK,OK,OK,2,1,3,5,8
,b22b8a8b-7b7c-4784-8313-74820e242583,46214,Norway vs England,Norway vs England,Norway,England,Tie,1,1,Brandon Galea,Spain,11/07/2026_Norway vs England,11/07/2026_Norway vs England_Brandon Galea,OK,OK,OK,OK,OK,1,1,3,5,8
,3c3e5bc2-6720-427d-9585-ae3eb02ea051,46215,Argentina vs Switzerland,Argentina vs Switzerland,Argentina,Switzerland,Argentina,2,1,Brandon Galea,Spain,12/07/2026_Argentina vs Switzerland,12/07/2026_Argentina vs Switzerland_Brandon Galea,OK,OK,OK,OK,OK,3,1,3,0,3
,7eef097d-301d-4aab-bd73-45e4d8dea4f2,46217,France vs Spain,France vs Spain,France,Spain,Tie,1,1,Brandon Galea,Spain,14/07/2026_France vs Spain,14/07/2026_France vs Spain_Brandon Galea,OK,OK,OK,OK,OK,0,2,0,0,0
,d028586e-9d51-4401-8182-c8b0b56ea777,46218,England vs Argentina,England vs Argentina,England,Argentina,Tie,1,1,Brandon Galea,Spain,15/07/2026_England vs Argentina,15/07/2026_England vs Argentina_Brandon Galea,OK,OK,OK,OK,OK,1,2,0,0,0
,53915fd2-9832-4568-9198-348bf8a2090e,46201,South Africa vs Canada,South Africa vs Canada,South Africa,Canada,Canada,0,2,Christian Manicaro,Brazil,28/06/2026_South Africa vs Canada,28/06/2026_South Africa vs Canada_Christian Manicaro,OK,OK,OK,OK,OK,0,1,3,0,3
,f93f885a-6cd7-4b37-baea-ef66a1a27474,46202,Germany vs Paraguay,Germany vs Paraguay,Germany,Paraguay,Germany,2,0,Christian Manicaro,Brazil,29/06/2026_Germany vs Paraguay,29/06/2026_Germany vs Paraguay_Christian Manicaro,OK,OK,OK,OK,OK,1,1,0,0,0
,0c735e52-e8ed-4254-a8f6-a733af88755f,46202,Netherlands vs Morocco,Netherlands vs Morocco,Netherlands,Morocco,Netherlands,1,0,Christian Manicaro,Brazil,29/06/2026_Netherlands vs Morocco,29/06/2026_Netherlands vs Morocco_Christian Manicaro,OK,OK,OK,OK,OK,1,1,0,0,0
,cfa909d4-b7cf-490c-9a69-f142936fea69,46202,Brazil vs Japan,Brazil vs Japan,Brazil,Japan,Brazil,2,0,Christian Manicaro,Brazil,29/06/2026_Brazil vs Japan,29/06/2026_Brazil vs Japan_Christian Manicaro,OK,OK,OK,OK,OK,2,1,3,0,3
,61a0410f-31dc-4d96-84d3-b88cb6229aea,46203,France vs Sweden,France vs Sweden,France,Sweden,France,2,0,Christian Manicaro,Brazil,30/06/2026_France vs Sweden,30/06/2026_France vs Sweden_Christian Manicaro,OK,OK,OK,OK,OK,3,0,3,0,3
,1eee91dc-98b4-405f-9676-7a66dc6e346a,46203,Ivory Coast vs Norway,Ivory Coast vs Norway,Ivory Coast,Norway,Norway,1,3,Christian Manicaro,Brazil,30/06/2026_Ivory Coast vs Norway,30/06/2026_Ivory Coast vs Norway_Christian Manicaro,OK,OK,OK,OK,OK,1,2,3,0,3
,b0885b0d-2163-4cff-96b6-2ce25a725aa0,46203,Mexico vs Ecuador,Mexico vs Ecuador,Mexico,Ecuador,Mexico,2,1,Christian Manicaro,Brazil,30/06/2026_Mexico vs Ecuador,30/06/2026_Mexico vs Ecuador_Christian Manicaro,OK,OK,OK,OK,OK,2,0,3,0,3
,374096e7-5c4d-4419-a833-fefc4e3f4ac8,46204,England vs Congo DR,England vs Congo DR,England,Congo DR,England,3,0,Christian Manicaro,Brazil,01/07/2026_England vs Congo DR,01/07/2026_England vs Congo DR_Christian Manicaro,OK,OK,OK,OK,OK,2,1,3,0,3
,b04adf13-a9a1-4d73-a2e1-d7c53c0b1e37,46204,United States vs Bosnia-Herzegovina,United States vs Bosnia-Herzegovina,United States,Bosnia-Herzegovina,United States,1,0,Christian Manicaro,Brazil,01/07/2026_United States vs Bosnia-Herzegovina,01/07/2026_United States vs Bosnia-Herzegovina_Christian Manicaro,OK,OK,OK,OK,OK,2,0,3,0,3
,2351ccb7-39d0-4e6d-b23e-3de0620301af,46204,Belgium vs Senegal,Belgium vs Senegal,Belgium,Senegal,Belgium,1,0,Christian Manicaro,Brazil,01/07/2026_Belgium vs Senegal,01/07/2026_Belgium vs Senegal_Christian Manicaro,OK,OK,OK,OK,OK,2,2,0,0,0
,340c7f47-55e6-4738-8f13-dc6670f6f6db,46205,Portugal vs Croatia,Portugal vs Croatia,Portugal,Croatia,Portugal,2,1,Christian Manicaro,Brazil,02/07/2026_Portugal vs Croatia,02/07/2026_Portugal vs Croatia_Christian Manicaro,OK,OK,OK,OK,OK,2,1,3,5,8
,23a5a209-12e8-4e7b-872e-7f693107124f,46205,Spain vs Austria,Spain vs Austria,Spain,Austria,Spain,3,0,Christian Manicaro,Brazil,02/07/2026_Spain vs Austria,02/07/2026_Spain vs Austria_Christian Manicaro,OK,OK,OK,OK,OK,3,0,3,5,8
,8eef13fc-3b88-4d69-be31-a7868f5b8269,46205,Switzerland vs Algeria,Switzerland vs Algeria,Switzerland,Algeria,Switzerland,2,0,Christian Manicaro,Brazil,02/07/2026_Switzerland vs Algeria,02/07/2026_Switzerland vs Algeria_Christian Manicaro,OK,OK,OK,OK,OK,2,0,3,5,8
,9f72cfa0-7f64-4dc5-b62f-c60bcffc0886,46206,Argentina vs Cape Verde Islands,Argentina vs Cape Verde Islands,Argentina,Cape Verde Islands,Argentina,2,0,Christian Manicaro,Brazil,03/07/2026_Argentina vs Cape Verde Islands,03/07/2026_Argentina vs Cape Verde Islands_Christian Manicaro,OK,OK,OK,OK,OK,1,1,0,0,0
,2bbce43b-2be1-4728-b3be-e651e9e388ef,46206,Colombia vs Ghana,Colombia vs Ghana,Colombia,Ghana,Colombia,2,0,Christian Manicaro,Brazil,03/07/2026_Colombia vs Ghana,03/07/2026_Colombia vs Ghana_Christian Manicaro,OK,OK,OK,OK,OK,1,0,3,0,3
,1645d6bf-2bd5-442a-bd12-e82c23b77b5b,46206,Australia vs Egypt,Australia vs Egypt,Australia,Egypt,Egypt,1,2,Christian Manicaro,Brazil,03/07/2026_Australia vs Egypt,03/07/2026_Australia vs Egypt_Christian Manicaro,OK,OK,OK,OK,OK,1,1,0,0,0
,e7f4fb59-63fe-4730-add1-49c83ec87c7b,46207,Canada vs Morocco,Canada vs Morocco,Canada,Morocco,Morocco,0,1,Christian Manicaro,Brazil,04/07/2026_Canada vs Morocco,04/07/2026_Canada vs Morocco_Christian Manicaro,OK,OK,OK,OK,OK,0,3,3,0,3
,a09de589-4261-499c-8492-b8f99c1a1ac7,46207,Paraguay vs France,Paraguay vs France,Paraguay,France,France,0,2,Christian Manicaro,Brazil,04/07/2026_Paraguay vs France,04/07/2026_Paraguay vs France_Christian Manicaro,OK,OK,OK,OK,OK,0,1,3,0,3
,410a5ce6-4527-4463-97d9-79a0c221afba,46208,Brazil vs Norway,Brazil vs Norway,Brazil,Norway,Brazil,1,0,Christian Manicaro,Brazil,05/07/2026_Brazil vs Norway,05/07/2026_Brazil vs Norway_Christian Manicaro,OK,OK,OK,OK,OK,1,2,0,0,0
,439ee095-8ac7-4cb8-9cd8-69f39d50e4aa,46209,Mexico vs England,Mexico vs England,Mexico,England,Mexico,1,0,Christian Manicaro,Brazil,06/07/2026_Mexico vs England,06/07/2026_Mexico vs England_Christian Manicaro,OK,OK,OK,OK,OK,2,3,0,0,0
,710c5c1a-8edf-451b-97cc-a83355929d07,46209,Portugal vs Spain,Portugal vs Spain,Portugal,Spain,Tie,1,1,Christian Manicaro,Brazil,06/07/2026_Portugal vs Spain,06/07/2026_Portugal vs Spain_Christian Manicaro,OK,OK,OK,OK,OK,0,1,0,0,0
,1d57e74d-6ae5-49ac-9424-d4bb1f4e7d3e,46210,United States vs Belgium,United States vs Belgium,United States,Belgium,Tie,1,1,Christian Manicaro,Brazil,07/07/2026_United States vs Belgium,07/07/2026_United States vs Belgium_Christian Manicaro,OK,OK,OK,OK,OK,1,4,0,0,0
,6d788f7b-8db0-40a4-a8b8-81cee309b7d7,46210,Argentina vs Egypt,Argentina vs Egypt,Argentina,Egypt,Argentina,1,0,Christian Manicaro,Brazil,07/07/2026_Argentina vs Egypt,07/07/2026_Argentina vs Egypt_Christian Manicaro,OK,OK,OK,OK,OK,3,2,3,0,3
,22529ab2-10cd-4e9f-be86-1025c0624b46,46210,Switzerland vs Colombia,Switzerland vs Colombia,Switzerland,Colombia,Colombia,0,1,Christian Manicaro,Brazil,07/07/2026_Switzerland vs Colombia,07/07/2026_Switzerland vs Colombia_Christian Manicaro,OK,OK,OK,OK,OK,0,0,0,0,0
,0f1cce6b-1741-4880-b04f-b387b38155cf,46201,South Africa vs Canada,South Africa vs Canada,South Africa,Canada,Canada,1,3,Doreen Micallef,France,28/06/2026_South Africa vs Canada,28/06/2026_South Africa vs Canada_Doreen Micallef,OK,OK,OK,OK,OK,0,1,3,0,3
,9246e08d-65f6-4182-a8aa-8a62a3339229,46202,Germany vs Paraguay,Germany vs Paraguay,Germany,Paraguay,Germany,3,0,Doreen Micallef,France,29/06/2026_Germany vs Paraguay,29/06/2026_Germany vs Paraguay_Doreen Micallef,OK,OK,OK,OK,OK,1,1,0,0,0
,bf8676be-d747-4801-be6b-4905a3485e4f,46202,Netherlands vs Morocco,Netherlands vs Morocco,Netherlands,Morocco,Tie,2,2,Doreen Micallef,France,29/06/2026_Netherlands vs Morocco,29/06/2026_Netherlands vs Morocco_Doreen Micallef,OK,OK,OK,OK,OK,1,1,3,0,3
,d93212e9-46dd-4e08-9273-10d42860150c,46202,Brazil vs Japan,Brazil vs Japan,Brazil,Japan,Brazil,5,2,Doreen Micallef,France,29/06/2026_Brazil vs Japan,29/06/2026_Brazil vs Japan_Doreen Micallef,OK,OK,OK,OK,OK,2,1,3,0,3
,d2bf8695-371e-4fb0-9cfc-0d1b63e089ba,46203,France vs Sweden,France vs Sweden,France,Sweden,France,4,2,Doreen Micallef,France,30/06/2026_France vs Sweden,30/06/2026_France vs Sweden_Doreen Micallef,OK,OK,OK,OK,OK,3,0,3,0,3
,45d41f90-01c0-4971-808e-562c80d68aa9,46203,Ivory Coast vs Norway,Ivory Coast vs Norway,Ivory Coast,Norway,Norway,1,5,Doreen Micallef,France,30/06/2026_Ivory Coast vs Norway,30/06/2026_Ivory Coast vs Norway_Doreen Micallef,OK,OK,OK,OK,OK,1,2,3,0,3
,38df6454-0207-47f3-90bc-371cbe3db36f,46203,Mexico vs Ecuador,Mexico vs Ecuador,Mexico,Ecuador,Tie,1,1,Doreen Micallef,France,30/06/2026_Mexico vs Ecuador,30/06/2026_Mexico vs Ecuador_Doreen Micallef,OK,OK,OK,OK,OK,2,0,0,0,0
,5bbd5ab9-6532-4154-b224-b982c1045eb1,46204,England vs Congo DR,England vs Congo DR,England,Congo DR,England,3,1,Doreen Micallef,France,01/07/2026_England vs Congo DR,01/07/2026_England vs Congo DR_Doreen Micallef,OK,OK,OK,OK,OK,2,1,3,0,3
,bcff4c30-c2de-43fe-8617-65133f193bff,46204,United States vs Bosnia-Herzegovina,United States vs Bosnia-Herzegovina,United States,Bosnia-Herzegovina,United States,2,1,Doreen Micallef,France,01/07/2026_United States vs Bosnia-Herzegovina,01/07/2026_United States vs Bosnia-Herzegovina_Doreen Micallef,OK,OK,OK,OK,OK,2,0,3,0,3
,ad40324e-ad4c-4617-a5be-b9f050c42ff6,46204,Belgium vs Senegal,Belgium vs Senegal,Belgium,Senegal,Senegal,1,2,Doreen Micallef,France,01/07/2026_Belgium vs Senegal,01/07/2026_Belgium vs Senegal_Doreen Micallef,OK,OK,OK,OK,OK,2,2,0,0,0
,1d70e724-0d42-49c2-bcbc-86acb870a2b7,46205,Portugal vs Croatia,Portugal vs Croatia,Portugal,Croatia,Tie,1,1,Doreen Micallef,France,02/07/2026_Portugal vs Croatia,02/07/2026_Portugal vs Croatia_Doreen Micallef,OK,OK,OK,OK,OK,2,1,0,0,0
,a216559e-a030-468a-9f1b-5c1350d6f5dd,46205,Spain vs Austria,Spain vs Austria,Spain,Austria,Spain,4,0,Doreen Micallef,France,02/07/2026_Spain vs Austria,02/07/2026_Spain vs Austria_Doreen Micallef,OK,OK,OK,OK,OK,3,0,3,0,3
,e91edee6-d2b2-498b-aca4-3f63629c8989,46205,Switzerland vs Algeria,Switzerland vs Algeria,Switzerland,Algeria,Algeria,1,2,Doreen Micallef,France,02/07/2026_Switzerland vs Algeria,02/07/2026_Switzerland vs Algeria_Doreen Micallef,OK,OK,OK,OK,OK,2,0,0,0,0
,f2dba766-d484-40cc-ac23-f35d90544a9a,46206,Argentina vs Cape Verde Islands,Argentina vs Cape Verde Islands,Argentina,Cape Verde Islands,Argentina,3,2,Doreen Micallef,France,03/07/2026_Argentina vs Cape Verde Islands,03/07/2026_Argentina vs Cape Verde Islands_Doreen Micallef,OK,OK,OK,OK,OK,1,1,0,0,0
,e1fa9d97-b8a2-4a4c-9d5a-6955385ff0ed,46206,Colombia vs Ghana,Colombia vs Ghana,Colombia,Ghana,Colombia,2,0,Doreen Micallef,France,03/07/2026_Colombia vs Ghana,03/07/2026_Colombia vs Ghana_Doreen Micallef,OK,OK,OK,OK,OK,1,0,3,0,3
,6c10273c-f26f-4335-952b-b19e32ce4374,46206,Australia vs Egypt,Australia vs Egypt,Australia,Egypt,Egypt,0,1,Doreen Micallef,France,03/07/2026_Australia vs Egypt,03/07/2026_Australia vs Egypt_Doreen Micallef,OK,OK,OK,OK,OK,1,1,0,0,0
,c70b835b-b8b9-4515-b4dd-6b2defc6c826,46207,Canada vs Morocco,Canada vs Morocco,Canada,Morocco,Morocco,1,2,Doreen Micallef,France,04/07/2026_Canada vs Morocco,04/07/2026_Canada vs Morocco_Doreen Micallef,OK,OK,OK,OK,OK,0,3,3,0,3
,c21ee0be-a103-410c-bc54-e513d3a26107,46207,Paraguay vs France,Paraguay vs France,Paraguay,France,France,1,3,Doreen Micallef,France,04/07/2026_Paraguay vs France,04/07/2026_Paraguay vs France_Doreen Micallef,OK,OK,OK,OK,OK,0,1,3,0,3
,66276420-703e-42ff-b0e6-4ef89b65add9,46208,Brazil vs Norway,Brazil vs Norway,Brazil,Norway,Brazil,2,0,Doreen Micallef,France,05/07/2026_Brazil vs Norway,05/07/2026_Brazil vs Norway_Doreen Micallef,OK,OK,OK,OK,OK,1,2,0,0,0
,4e924363-4bb7-4094-ae7a-61a4bdb07c5b,46209,Mexico vs England,Mexico vs England,Mexico,England,England,1,2,Doreen Micallef,France,06/07/2026_Mexico vs England,06/07/2026_Mexico vs England_Doreen Micallef,OK,OK,OK,OK,OK,2,3,3,0,3
,9d31950b-9df9-48b2-af82-8448e7462eac,46209,Portugal vs Spain,Portugal vs Spain,Portugal,Spain,Spain,1,2,Doreen Micallef,France,06/07/2026_Portugal vs Spain,06/07/2026_Portugal vs Spain_Doreen Micallef,OK,OK,OK,OK,OK,0,1,3,0,3
,fcdddc1b-9a77-4c51-a26d-264c41394dbc,46210,United States vs Belgium,United States vs Belgium,United States,Belgium,Belgium,1,2,Doreen Micallef,France,07/07/2026_United States vs Belgium,07/07/2026_United States vs Belgium_Doreen Micallef,OK,OK,OK,OK,OK,1,4,3,0,3
,097bc689-8dca-4106-a7ed-6b42e662ebf2,46210,Argentina vs Egypt,Argentina vs Egypt,Argentina,Egypt,Argentina,3,1,Doreen Micallef,France,07/07/2026_Argentina vs Egypt,07/07/2026_Argentina vs Egypt_Doreen Micallef,OK,OK,OK,OK,OK,3,2,3,0,3
,6b0c3e03-f906-4767-a04d-2dcea5a29b89,46210,Switzerland vs Colombia,Switzerland vs Colombia,Switzerland,Colombia,Colombia,0,1,Doreen Micallef,France,07/07/2026_Switzerland vs Colombia,07/07/2026_Switzerland vs Colombia_Doreen Micallef,OK,OK,OK,OK,OK,0,0,0,0,0
,4415df0d-f60f-41d2-9ca0-600280554b6c,46212,France vs Morocco,France vs Morocco,France,Morocco,France,2,1,Doreen Micallef,France,09/07/2026_France vs Morocco,09/07/2026_France vs Morocco_Doreen Micallef,OK,OK,OK,OK,OK,2,0,3,0,3
,e89bb2d8-aa70-486d-8514-2bfb5d51157e,46213,Spain vs Belgium,Spain vs Belgium,Spain,Belgium,Spain,3,1,Doreen Micallef,France,10/07/2026_Spain vs Belgium,10/07/2026_Spain vs Belgium_Doreen Micallef,OK,OK,OK,OK,OK,2,1,3,0,3
,181fe565-ab3c-4d1e-af33-e8eafbd0d258,46214,Norway vs England,Norway vs England,Norway,England,Tie,2,2,Doreen Micallef,France,11/07/2026_Norway vs England,11/07/2026_Norway vs England_Doreen Micallef,OK,OK,OK,OK,OK,1,1,3,0,3
,857f294f-bea9-4b7a-855d-8a640cf90dd3,46215,Argentina vs Switzerland,Argentina vs Switzerland,Argentina,Switzerland,Argentina,2,1,Doreen Micallef,France,12/07/2026_Argentina vs Switzerland,12/07/2026_Argentina vs Switzerland_Doreen Micallef,OK,OK,OK,OK,OK,3,1,3,0,3
,03f532ec-9824-417d-b47a-3a46c821a7df,46217,France vs Spain,France vs Spain,France,Spain,France,1,0,Doreen Micallef,France,14/07/2026_France vs Spain,14/07/2026_France vs Spain_Doreen Micallef,OK,OK,OK,OK,OK,0,2,0,0,0
,eaa57004-4b33-4305-bf25-bdd5e7e0ac8b,46218,England vs Argentina,England vs Argentina,England,Argentina,England,2,1,Doreen Micallef,France,15/07/2026_England vs Argentina,15/07/2026_England vs Argentina_Doreen Micallef,OK,OK,OK,OK,OK,1,2,0,0,0
,cd9450f9-4c5a-4bd1-886a-01fcc1972417,46201,South Africa vs Canada,South Africa vs Canada,South Africa,Canada,Tie,1,1,Elaine Bonnici,Spain,28/06/2026_South Africa vs Canada,28/06/2026_South Africa vs Canada_Elaine Bonnici,OK,OK,OK,OK,OK,0,1,0,0,0
,20820e5a-2b4b-44fe-ac9d-9ed9d7475902,46202,Germany vs Paraguay,Germany vs Paraguay,Germany,Paraguay,Germany,2,0,Elaine Bonnici,Spain,29/06/2026_Germany vs Paraguay,29/06/2026_Germany vs Paraguay_Elaine Bonnici,OK,OK,OK,OK,OK,1,1,0,0,0
,7f578352-faa5-4e2c-b2ce-4b48f79be740,46202,Netherlands vs Morocco,Netherlands vs Morocco,Netherlands,Morocco,Netherlands,2,1,Elaine Bonnici,Spain,29/06/2026_Netherlands vs Morocco,29/06/2026_Netherlands vs Morocco_Elaine Bonnici,OK,OK,OK,OK,OK,1,1,0,0,0
,c62b4f32-33ef-4e1a-8b80-4803120fac53,46202,Brazil vs Japan,Brazil vs Japan,Brazil,Japan,Brazil,2,1,Elaine Bonnici,Spain,29/06/2026_Brazil vs Japan,29/06/2026_Brazil vs Japan_Elaine Bonnici,OK,OK,OK,OK,OK,2,1,3,5,8
,318db614-b89f-485f-8334-3f4930b7fa72,46203,France vs Sweden,France vs Sweden,France,Sweden,France,2,0,Elaine Bonnici,Spain,30/06/2026_France vs Sweden,30/06/2026_France vs Sweden_Elaine Bonnici,OK,OK,OK,OK,OK,3,0,3,0,3
,5f2871dd-4ea4-4519-85ec-f7dc68f31736,46203,Ivory Coast vs Norway,Ivory Coast vs Norway,Ivory Coast,Norway,Tie,1,1,Elaine Bonnici,Spain,30/06/2026_Ivory Coast vs Norway,30/06/2026_Ivory Coast vs Norway_Elaine Bonnici,OK,OK,OK,OK,OK,1,2,0,0,0
,37513fc5-dfd8-4d03-bd89-fdae89f6c7f1,46203,Mexico vs Ecuador,Mexico vs Ecuador,Mexico,Ecuador,Mexico,1,0,Elaine Bonnici,Spain,30/06/2026_Mexico vs Ecuador,30/06/2026_Mexico vs Ecuador_Elaine Bonnici,OK,OK,OK,OK,OK,2,0,3,0,3
,87b0b1e5-2371-4209-a2fe-0ece3fcbcc95,46204,England vs Congo DR,England vs Congo DR,England,Congo DR,England,2,0,Elaine Bonnici,Spain,01/07/2026_England vs Congo DR,01/07/2026_England vs Congo DR_Elaine Bonnici,OK,OK,OK,OK,OK,2,1,3,0,3
,96dedbfd-052d-4451-9d62-469fa7fe34fb,46204,United States vs Bosnia-Herzegovina,United States vs Bosnia-Herzegovina,United States,Bosnia-Herzegovina,Tie,1,1,Elaine Bonnici,Spain,01/07/2026_United States vs Bosnia-Herzegovina,01/07/2026_United States vs Bosnia-Herzegovina_Elaine Bonnici,OK,OK,OK,OK,OK,2,0,0,0,0
,b6b367ac-1bfd-4f3d-9d0e-4bbae7241a94,46204,Belgium vs Senegal,Belgium vs Senegal,Belgium,Senegal,Belgium,2,1,Elaine Bonnici,Spain,01/07/2026_Belgium vs Senegal,01/07/2026_Belgium vs Senegal_Elaine Bonnici,OK,OK,OK,OK,OK,2,2,0,0,0
,bd969da0-75f6-48e9-9375-7ae0d3c32ba1,46205,Portugal vs Croatia,Portugal vs Croatia,Portugal,Croatia,Tie,1,1,Elaine Bonnici,Spain,02/07/2026_Portugal vs Croatia,02/07/2026_Portugal vs Croatia_Elaine Bonnici,OK,OK,OK,OK,OK,2,1,0,0,0
,68484631-ea63-494b-96aa-723fb8a6f1d5,46205,Spain vs Austria,Spain vs Austria,Spain,Austria,Spain,2,0,Elaine Bonnici,Spain,02/07/2026_Spain vs Austria,02/07/2026_Spain vs Austria_Elaine Bonnici,OK,OK,OK,OK,OK,3,0,3,0,3
,99940a64-d890-4880-9dd1-73883dd412a5,46205,Switzerland vs Algeria,Switzerland vs Algeria,Switzerland,Algeria,Switzerland,1,0,Elaine Bonnici,Spain,02/07/2026_Switzerland vs Algeria,02/07/2026_Switzerland vs Algeria_Elaine Bonnici,OK,OK,OK,OK,OK,2,0,3,0,3
,5f16256b-4db0-431f-8cf5-122821b94e56,46206,Argentina vs Cape Verde Islands,Argentina vs Cape Verde Islands,Argentina,Cape Verde Islands,Argentina,2,1,Elaine Bonnici,Spain,03/07/2026_Argentina vs Cape Verde Islands,03/07/2026_Argentina vs Cape Verde Islands_Elaine Bonnici,OK,OK,OK,OK,OK,1,1,0,0,0
,5cc33c8c-4b9f-455d-82eb-9332ccdb4d5f,46206,Colombia vs Ghana,Colombia vs Ghana,Colombia,Ghana,Colombia,2,0,Elaine Bonnici,Spain,03/07/2026_Colombia vs Ghana,03/07/2026_Colombia vs Ghana_Elaine Bonnici,OK,OK,OK,OK,OK,1,0,3,0,3
,9b8f584c-be04-4408-8d89-dcf71f319c71,46206,Australia vs Egypt,Australia vs Egypt,Australia,Egypt,Tie,1,1,Elaine Bonnici,Spain,03/07/2026_Australia vs Egypt,03/07/2026_Australia vs Egypt_Elaine Bonnici,OK,OK,OK,OK,OK,1,1,3,5,8
,947018fd-8226-48ef-8c67-dd71ee1a1c89,46207,Canada vs Morocco,Canada vs Morocco,Canada,Morocco,Tie,1,1,Elaine Bonnici,Spain,04/07/2026_Canada vs Morocco,04/07/2026_Canada vs Morocco_Elaine Bonnici,OK,OK,OK,OK,OK,0,3,0,0,0
,4cd9a2a8-4050-42af-88eb-f292c1bda589,46207,Paraguay vs France,Paraguay vs France,Paraguay,France,France,0,3,Elaine Bonnici,Spain,04/07/2026_Paraguay vs France,04/07/2026_Paraguay vs France_Elaine Bonnici,OK,OK,OK,OK,OK,0,1,3,0,3
,17a35c8d-6a0f-400b-be7f-fc01a02ede16,46208,Brazil vs Norway,Brazil vs Norway,Brazil,Norway,Brazil,2,0,Elaine Bonnici,Spain,05/07/2026_Brazil vs Norway,05/07/2026_Brazil vs Norway_Elaine Bonnici,OK,OK,OK,OK,OK,1,2,0,0,0
,31d53f8a-0391-4b8e-9e05-17caa054e962,46209,Mexico vs England,Mexico vs England,Mexico,England,Tie,1,1,Elaine Bonnici,Spain,06/07/2026_Mexico vs England,06/07/2026_Mexico vs England_Elaine Bonnici,OK,OK,OK,OK,OK,2,3,0,0,0
,40bb7319-547e-49d9-a2d4-24a6eafef0d5,46209,Portugal vs Spain,Portugal vs Spain,Portugal,Spain,Tie,1,1,Elaine Bonnici,Spain,06/07/2026_Portugal vs Spain,06/07/2026_Portugal vs Spain_Elaine Bonnici,OK,OK,OK,OK,OK,0,1,0,0,0
,a9d3ce7a-ffd4-4b7c-9b14-ba63aabc09d8,46210,United States vs Belgium,United States vs Belgium,United States,Belgium,Belgium,1,2,Elaine Bonnici,Spain,07/07/2026_United States vs Belgium,07/07/2026_United States vs Belgium_Elaine Bonnici,OK,OK,OK,OK,OK,1,4,3,0,3
,511cb901-bf30-4f85-b8d4-7cd0f0fa5f82,46210,Argentina vs Egypt,Argentina vs Egypt,Argentina,Egypt,Argentina,2,0,Elaine Bonnici,Spain,07/07/2026_Argentina vs Egypt,07/07/2026_Argentina vs Egypt_Elaine Bonnici,OK,OK,OK,OK,OK,3,2,3,0,3
,b1fb8fa8-a09f-4c16-8aad-24023022f62f,46210,Switzerland vs Colombia,Switzerland vs Colombia,Switzerland,Colombia,Colombia,1,2,Elaine Bonnici,Spain,07/07/2026_Switzerland vs Colombia,07/07/2026_Switzerland vs Colombia_Elaine Bonnici,OK,OK,OK,OK,OK,0,0,0,0,0
,442b65e0-a026-4a2a-a2d0-6c4bb722fac6,46212,France vs Morocco,France vs Morocco,France,Morocco,France,1,0,Elaine Bonnici,Spain,09/07/2026_France vs Morocco,09/07/2026_France vs Morocco_Elaine Bonnici,OK,OK,OK,OK,OK,2,0,3,0,3
,9eaa221f-a999-4365-b0b7-f8e78b3eb31a,46213,Spain vs Belgium,Spain vs Belgium,Spain,Belgium,Spain,1,0,Elaine Bonnici,Spain,10/07/2026_Spain vs Belgium,10/07/2026_Spain vs Belgium_Elaine Bonnici,OK,OK,OK,OK,OK,2,1,3,0,3
,ef01273f-45bb-429c-95c8-0d4257671596,46214,Norway vs England,Norway vs England,Norway,England,Norway,1,0,Elaine Bonnici,Spain,11/07/2026_Norway vs England,11/07/2026_Norway vs England_Elaine Bonnici,OK,OK,OK,OK,OK,1,1,0,0,0
,96778fad-f52e-4f06-9652-a12e5bca8dc2,46215,Argentina vs Switzerland,Argentina vs Switzerland,Argentina,Switzerland,Argentina,1,0,Elaine Bonnici,Spain,12/07/2026_Argentina vs Switzerland,12/07/2026_Argentina vs Switzerland_Elaine Bonnici,OK,OK,OK,OK,OK,3,1,3,0,3
,1de101ec-b467-4669-8b28-987beba65228,46217,France vs Spain,France vs Spain,France,Spain,Spain,1,2,Elaine Bonnici,Spain,14/07/2026_France vs Spain,14/07/2026_France vs Spain_Elaine Bonnici,OK,OK,OK,OK,OK,0,2,3,0,3
,f75951ec-f5a5-4567-b555-66e0c3cfa56b,46218,England vs Argentina,England vs Argentina,England,Argentina,Argentina,1,2,Elaine Bonnici,Spain,15/07/2026_England vs Argentina,15/07/2026_England vs Argentina_Elaine Bonnici,OK,OK,OK,OK,OK,1,2,3,5,8
,c0639a62-10b8-4308-a6d4-6b410c93028b,46201,South Africa vs Canada,South Africa vs Canada,South Africa,Canada,Tie,1,1,Francesca Gauci,France,28/06/2026_South Africa vs Canada,28/06/2026_South Africa vs Canada_Francesca Gauci,OK,OK,OK,OK,OK,0,1,0,0,0
,cf46bd8a-ea5b-4ec9-8c31-838161776a0d,46202,Germany vs Paraguay,Germany vs Paraguay,Germany,Paraguay,Tie,0,0,Francesca Gauci,France,29/06/2026_Germany vs Paraguay,29/06/2026_Germany vs Paraguay_Francesca Gauci,OK,OK,OK,OK,OK,1,1,3,0,3
,7d4fb930-6b5c-4d45-a18e-28bf66a62890,46202,Netherlands vs Morocco,Netherlands vs Morocco,Netherlands,Morocco,Morocco,1,2,Francesca Gauci,France,29/06/2026_Netherlands vs Morocco,29/06/2026_Netherlands vs Morocco_Francesca Gauci,OK,OK,OK,OK,OK,1,1,0,0,0
,478eeea6-5a0f-4c8b-a5b7-019d6d4b4d1e,46202,Brazil vs Japan,Brazil vs Japan,Brazil,Japan,Tie,1,1,Francesca Gauci,France,29/06/2026_Brazil vs Japan,29/06/2026_Brazil vs Japan_Francesca Gauci,OK,OK,OK,OK,OK,2,1,0,0,0
,dd996393-202b-426e-9d41-12748b4a3807,46203,France vs Sweden,France vs Sweden,France,Sweden,Tie,1,1,Francesca Gauci,France,30/06/2026_France vs Sweden,30/06/2026_France vs Sweden_Francesca Gauci,OK,OK,OK,OK,OK,3,0,0,0,0
,39ff567b-fd84-4477-9b02-5ec44984f02b,46203,Ivory Coast vs Norway,Ivory Coast vs Norway,Ivory Coast,Norway,Ivory Coast,2,1,Francesca Gauci,France,30/06/2026_Ivory Coast vs Norway,30/06/2026_Ivory Coast vs Norway_Francesca Gauci,OK,OK,OK,OK,OK,1,2,0,0,0
,05249279-d713-4e7d-93d1-993b50c675a5,46203,Mexico vs Ecuador,Mexico vs Ecuador,Mexico,Ecuador,Ecuador,0,1,Francesca Gauci,France,30/06/2026_Mexico vs Ecuador,30/06/2026_Mexico vs Ecuador_Francesca Gauci,OK,OK,OK,OK,OK,2,0,0,0,0
,05d72d27-f77d-4f67-94e4-13eb8180b733,46204,England vs Congo DR,England vs Congo DR,England,Congo DR,Tie,1,1,Francesca Gauci,France,01/07/2026_England vs Congo DR,01/07/2026_England vs Congo DR_Francesca Gauci,OK,OK,OK,OK,OK,2,1,0,0,0
,10462c2a-7b77-4911-b374-eab1452fb6c7,46204,United States vs Bosnia-Herzegovina,United States vs Bosnia-Herzegovina,United States,Bosnia-Herzegovina,Tie,1,1,Francesca Gauci,France,01/07/2026_United States vs Bosnia-Herzegovina,01/07/2026_United States vs Bosnia-Herzegovina_Francesca Gauci,OK,OK,OK,OK,OK,2,0,0,0,0
,d848d18a-6d4b-49e0-882e-661f25350a03,46204,Belgium vs Senegal,Belgium vs Senegal,Belgium,Senegal,Senegal,1,2,Francesca Gauci,France,01/07/2026_Belgium vs Senegal,01/07/2026_Belgium vs Senegal_Francesca Gauci,OK,OK,OK,OK,OK,2,2,0,0,0
,f7ebf44c-a31d-4e68-b0cf-ecd25a44edfe,46205,Portugal vs Croatia,Portugal vs Croatia,Portugal,Croatia,Croatia,0,1,Francesca Gauci,France,02/07/2026_Portugal vs Croatia,02/07/2026_Portugal vs Croatia_Francesca Gauci,OK,OK,OK,OK,OK,2,1,0,0,0
,be601877-d572-4f93-be3b-33f57d5256bc,46205,Spain vs Austria,Spain vs Austria,Spain,Austria,Tie,1,1,Francesca Gauci,France,02/07/2026_Spain vs Austria,02/07/2026_Spain vs Austria_Francesca Gauci,OK,OK,OK,OK,OK,3,0,0,0,0
,26b4df8c-5721-4cc0-9ffc-bad5564effdf,46205,Switzerland vs Algeria,Switzerland vs Algeria,Switzerland,Algeria,Tie,0,0,Francesca Gauci,France,02/07/2026_Switzerland vs Algeria,02/07/2026_Switzerland vs Algeria_Francesca Gauci,OK,OK,OK,OK,OK,2,0,0,0,0
,1abbc378-e656-4316-a696-3f7e950e4e0e,46206,Argentina vs Cape Verde Islands,Argentina vs Cape Verde Islands,Argentina,Cape Verde Islands,Tie,1,1,Francesca Gauci,France,03/07/2026_Argentina vs Cape Verde Islands,03/07/2026_Argentina vs Cape Verde Islands_Francesca Gauci,OK,OK,OK,OK,OK,1,1,3,5,8
,a684a287-034d-4e90-8e6e-9a64ac4dc9f1,46206,Colombia vs Ghana,Colombia vs Ghana,Colombia,Ghana,Tie,1,1,Francesca Gauci,France,03/07/2026_Colombia vs Ghana,03/07/2026_Colombia vs Ghana_Francesca Gauci,OK,OK,OK,OK,OK,1,0,0,0,0
,37784131-e75a-4f8a-af53-e6e2b9b94411,46206,Australia vs Egypt,Australia vs Egypt,Australia,Egypt,Australia,1,0,Francesca Gauci,France,03/07/2026_Australia vs Egypt,03/07/2026_Australia vs Egypt_Francesca Gauci,OK,OK,OK,OK,OK,1,1,0,0,0
,00e3201b-7aa0-49e0-a250-4fab5de2dd06,46207,Canada vs Morocco,Canada vs Morocco,Canada,Morocco,Tie,1,1,Francesca Gauci,France,04/07/2026_Canada vs Morocco,04/07/2026_Canada vs Morocco_Francesca Gauci,OK,OK,OK,OK,OK,0,3,0,0,0
,845f175d-0210-4b27-8d0f-83c4a99764be,46207,Paraguay vs France,Paraguay vs France,Paraguay,France,Tie,0,0,Francesca Gauci,France,04/07/2026_Paraguay vs France,04/07/2026_Paraguay vs France_Francesca Gauci,OK,OK,OK,OK,OK,0,1,0,0,0
,784fc33c-6b7f-4339-bed1-0096733812c3,46208,Brazil vs Norway,Brazil vs Norway,Brazil,Norway,Tie,1,1,Francesca Gauci,France,05/07/2026_Brazil vs Norway,05/07/2026_Brazil vs Norway_Francesca Gauci,OK,OK,OK,OK,OK,1,2,0,0,0
,607b26e9-8237-4d62-9dfe-c348f1c62d4e,46209,Mexico vs England,Mexico vs England,Mexico,England,Mexico,2,1,Francesca Gauci,France,06/07/2026_Mexico vs England,06/07/2026_Mexico vs England_Francesca Gauci,OK,OK,OK,OK,OK,2,3,0,0,0
,b766d942-bbad-45a3-804b-869f62e83b82,46209,Portugal vs Spain,Portugal vs Spain,Portugal,Spain,Portugal,1,0,Francesca Gauci,France,06/07/2026_Portugal vs Spain,06/07/2026_Portugal vs Spain_Francesca Gauci,OK,OK,OK,OK,OK,0,1,0,0,0
,6674aa10-e644-466d-ba04-f0a597fa0611,46210,United States vs Belgium,United States vs Belgium,United States,Belgium,United States,1,0,Francesca Gauci,France,07/07/2026_United States vs Belgium,07/07/2026_United States vs Belgium_Francesca Gauci,OK,OK,OK,OK,OK,1,4,0,0,0
,2383748a-8980-40c1-bfb9-73f9a864272a,46210,Argentina vs Egypt,Argentina vs Egypt,Argentina,Egypt,Tie,0,0,Francesca Gauci,France,07/07/2026_Argentina vs Egypt,07/07/2026_Argentina vs Egypt_Francesca Gauci,OK,OK,OK,OK,OK,3,2,0,0,0
,ade67c2b-20ae-4a76-a610-c8a160dc313f,46210,Switzerland vs Colombia,Switzerland vs Colombia,Switzerland,Colombia,Tie,1,1,Francesca Gauci,France,07/07/2026_Switzerland vs Colombia,07/07/2026_Switzerland vs Colombia_Francesca Gauci,OK,OK,OK,OK,OK,0,0,3,0,3
,56ca19f1-1127-4536-8b2b-88eb2e690e13,46212,France vs Morocco,France vs Morocco,France,Morocco,Tie,0,0,Francesca Gauci,France,09/07/2026_France vs Morocco,09/07/2026_France vs Morocco_Francesca Gauci,OK,OK,OK,OK,OK,2,0,0,0,0
,a5803220-d168-471c-9a26-2f09d766003f,46213,Spain vs Belgium,Spain vs Belgium,Spain,Belgium,Belgium,1,2,Francesca Gauci,France,10/07/2026_Spain vs Belgium,10/07/2026_Spain vs Belgium_Francesca Gauci,OK,OK,OK,OK,OK,2,1,0,0,0
,1332ff6a-0ed0-4478-800a-cb213c3456d4,46214,Norway vs England,Norway vs England,Norway,England,Norway,2,1,Francesca Gauci,France,11/07/2026_Norway vs England,11/07/2026_Norway vs England_Francesca Gauci,OK,OK,OK,OK,OK,1,1,0,0,0
,68db821c-cb80-418d-87ab-5e23e3b20f5e,46215,Argentina vs Switzerland,Argentina vs Switzerland,Argentina,Switzerland,Switzerland,0,1,Francesca Gauci,France,12/07/2026_Argentina vs Switzerland,12/07/2026_Argentina vs Switzerland_Francesca Gauci,OK,OK,OK,OK,OK,3,1,0,0,0
,9ea09870-7120-4fd2-bcbf-c2de9ff7db59,46201,South Africa vs Canada,South Africa vs Canada,South Africa,Canada,Tie,1,1,Giovanni Pierucci,France,28/06/2026_South Africa vs Canada,28/06/2026_South Africa vs Canada_Giovanni Pierucci,OK,OK,OK,OK,OK,0,1,0,0,0
,8d487391-01c7-44d0-8571-60afe33012a2,46202,Germany vs Paraguay,Germany vs Paraguay,Germany,Paraguay,Germany,2,0,Giovanni Pierucci,France,29/06/2026_Germany vs Paraguay,29/06/2026_Germany vs Paraguay_Giovanni Pierucci,OK,OK,OK,OK,OK,1,1,0,0,0
,cdd0372e-e900-4c90-bd94-38413c0275f5,46202,Netherlands vs Morocco,Netherlands vs Morocco,Netherlands,Morocco,Netherlands,2,1,Giovanni Pierucci,France,29/06/2026_Netherlands vs Morocco,29/06/2026_Netherlands vs Morocco_Giovanni Pierucci,OK,OK,OK,OK,OK,1,1,0,0,0
,841c8104-5198-45c8-a547-306d682e71b6,46202,Brazil vs Japan,Brazil vs Japan,Brazil,Japan,Tie,1,1,Giovanni Pierucci,France,29/06/2026_Brazil vs Japan,29/06/2026_Brazil vs Japan_Giovanni Pierucci,OK,OK,OK,OK,OK,2,1,0,0,0
,0914f881-da88-467b-aaa1-76b82b2ef830,46203,France vs Sweden,France vs Sweden,France,Sweden,France,4,1,Giovanni Pierucci,France,30/06/2026_France vs Sweden,30/06/2026_France vs Sweden_Giovanni Pierucci,OK,OK,OK,OK,OK,3,0,3,0,3
,524c0e90-2a16-4c55-997b-1141ba90ab5c,46203,Ivory Coast vs Norway,Ivory Coast vs Norway,Ivory Coast,Norway,Norway,1,3,Giovanni Pierucci,France,30/06/2026_Ivory Coast vs Norway,30/06/2026_Ivory Coast vs Norway_Giovanni Pierucci,OK,OK,OK,OK,OK,1,2,3,0,3
,60f197fd-1a61-49b4-98b9-2cc5a6738b72,46203,Mexico vs Ecuador,Mexico vs Ecuador,Mexico,Ecuador,,,,Giovanni Pierucci,France,30/06/2026_Mexico vs Ecuador,30/06/2026_Mexico vs Ecuador_Giovanni Pierucci,OK,OK,OK,OK,OK,2,0,0,0,0
,8317c74d-a26e-43d5-8a00-1cc1d7becdaa,46204,England vs Congo DR,England vs Congo DR,England,Congo DR,,,,Giovanni Pierucci,France,01/07/2026_England vs Congo DR,01/07/2026_England vs Congo DR_Giovanni Pierucci,OK,OK,OK,OK,OK,2,1,0,0,0
,63ac7309-6035-43a3-8fc2-c05a566a386c,46204,United States vs Bosnia-Herzegovina,United States vs Bosnia-Herzegovina,United States,Bosnia-Herzegovina,,,,Giovanni Pierucci,France,01/07/2026_United States vs Bosnia-Herzegovina,01/07/2026_United States vs Bosnia-Herzegovina_Giovanni Pierucci,OK,OK,OK,OK,OK,2,0,0,0,0
,05fafea6-eb1b-4250-983c-5e80d3587abb,46204,Belgium vs Senegal,Belgium vs Senegal,Belgium,Senegal,,,,Giovanni Pierucci,France,01/07/2026_Belgium vs Senegal,01/07/2026_Belgium vs Senegal_Giovanni Pierucci,OK,OK,OK,OK,OK,2,2,0,0,0
,278f664a-d2e5-47ed-bbc4-d28279018d2c,46205,Portugal vs Croatia,Portugal vs Croatia,Portugal,Croatia,,,,Giovanni Pierucci,France,02/07/2026_Portugal vs Croatia,02/07/2026_Portugal vs Croatia_Giovanni Pierucci,OK,OK,OK,OK,OK,2,1,0,0,0
,6a030747-8d98-4772-b268-6ad76da1fc1b,46205,Spain vs Austria,Spain vs Austria,Spain,Austria,,,,Giovanni Pierucci,France,02/07/2026_Spain vs Austria,02/07/2026_Spain vs Austria_Giovanni Pierucci,OK,OK,OK,OK,OK,3,0,0,0,0
,f6f60080-7005-4f12-8d76-097af1f805cb,46205,Switzerland vs Algeria,Switzerland vs Algeria,Switzerland,Algeria,,,,Giovanni Pierucci,France,02/07/2026_Switzerland vs Algeria,02/07/2026_Switzerland vs Algeria_Giovanni Pierucci,OK,OK,OK,OK,OK,2,0,0,0,0
,49925d17-29f1-4cc4-9521-c82b46d478d5,46206,Argentina vs Cape Verde Islands,Argentina vs Cape Verde Islands,Argentina,Cape Verde Islands,,,,Giovanni Pierucci,France,03/07/2026_Argentina vs Cape Verde Islands,03/07/2026_Argentina vs Cape Verde Islands_Giovanni Pierucci,OK,OK,OK,OK,OK,1,1,0,0,0
,edb7cc19-c8a1-4678-8821-d6b77eb33eeb,46206,Colombia vs Ghana,Colombia vs Ghana,Colombia,Ghana,,,,Giovanni Pierucci,France,03/07/2026_Colombia vs Ghana,03/07/2026_Colombia vs Ghana_Giovanni Pierucci,OK,OK,OK,OK,OK,1,0,0,0,0
,ca0ab45b-b789-46d2-bda4-10a6eb4accae,46206,Australia vs Egypt,Australia vs Egypt,Australia,Egypt,,,,Giovanni Pierucci,France,03/07/2026_Australia vs Egypt,03/07/2026_Australia vs Egypt_Giovanni Pierucci,OK,OK,OK,OK,OK,1,1,0,0,0
,e17a6cf5-58ff-43f1-aad6-e01014a76ab9,46201,South Africa vs Canada,South Africa vs Canada,South Africa,Canada,Canada,1,2,Glorianne Gatt,Spain,28/06/2026_South Africa vs Canada,28/06/2026_South Africa vs Canada_Glorianne Gatt,OK,OK,OK,OK,OK,0,1,3,0,3
,f5e45c3a-92bb-4565-a953-1cfbda37e506,46202,Germany vs Paraguay,Germany vs Paraguay,Germany,Paraguay,Germany,2,0,Glorianne Gatt,Spain,29/06/2026_Germany vs Paraguay,29/06/2026_Germany vs Paraguay_Glorianne Gatt,OK,OK,OK,OK,OK,1,1,0,0,0
,13229bdc-d861-4a12-88ac-b0d00059596a,46202,Netherlands vs Morocco,Netherlands vs Morocco,Netherlands,Morocco,Tie,2,2,Glorianne Gatt,Spain,29/06/2026_Netherlands vs Morocco,29/06/2026_Netherlands vs Morocco_Glorianne Gatt,OK,OK,OK,OK,OK,1,1,3,0,3
,cb497838-45cd-49c8-bce1-06382062dbd3,46202,Brazil vs Japan,Brazil vs Japan,Brazil,Japan,Brazil,2,0,Glorianne Gatt,Spain,29/06/2026_Brazil vs Japan,29/06/2026_Brazil vs Japan_Glorianne Gatt,OK,OK,OK,OK,OK,2,1,3,0,3
,cd12f1ce-e409-4a37-9e4f-3bde9e04d04a,46203,France vs Sweden,France vs Sweden,France,Sweden,France,3,1,Glorianne Gatt,Spain,30/06/2026_France vs Sweden,30/06/2026_France vs Sweden_Glorianne Gatt,OK,OK,OK,OK,OK,3,0,3,0,3
,2c7ef1b7-223a-4b6e-804c-34c6051dc8c1,46203,Ivory Coast vs Norway,Ivory Coast vs Norway,Ivory Coast,Norway,Norway,0,2,Glorianne Gatt,Spain,30/06/2026_Ivory Coast vs Norway,30/06/2026_Ivory Coast vs Norway_Glorianne Gatt,OK,OK,OK,OK,OK,1,2,3,0,3
,dc997f5d-0561-4588-a6fa-2486802e97d2,46203,Mexico vs Ecuador,Mexico vs Ecuador,Mexico,Ecuador,Tie,1,1,Glorianne Gatt,Spain,30/06/2026_Mexico vs Ecuador,30/06/2026_Mexico vs Ecuador_Glorianne Gatt,OK,OK,OK,OK,OK,2,0,0,0,0
,1bc2df94-037c-4395-a1e7-0db0568b761e,46204,England vs Congo DR,England vs Congo DR,England,Congo DR,England,2,0,Glorianne Gatt,Spain,01/07/2026_England vs Congo DR,01/07/2026_England vs Congo DR_Glorianne Gatt,OK,OK,OK,OK,OK,2,1,3,0,3
,e13b7916-3ca2-4bfd-9fb8-8bc99085c4db,46204,United States vs Bosnia-Herzegovina,United States vs Bosnia-Herzegovina,United States,Bosnia-Herzegovina,United States,2,1,Glorianne Gatt,Spain,01/07/2026_United States vs Bosnia-Herzegovina,01/07/2026_United States vs Bosnia-Herzegovina_Glorianne Gatt,OK,OK,OK,OK,OK,2,0,3,0,3
,1471eeaf-051a-4431-bff0-b0c62ef09bb4,46204,Belgium vs Senegal,Belgium vs Senegal,Belgium,Senegal,Belgium,2,1,Glorianne Gatt,Spain,01/07/2026_Belgium vs Senegal,01/07/2026_Belgium vs Senegal_Glorianne Gatt,OK,OK,OK,OK,OK,2,2,0,0,0
,163ce694-c144-4141-8d7c-0ae0fbe22b1a,46205,Portugal vs Croatia,Portugal vs Croatia,Portugal,Croatia,Tie,1,1,Glorianne Gatt,Spain,02/07/2026_Portugal vs Croatia,02/07/2026_Portugal vs Croatia_Glorianne Gatt,OK,OK,OK,OK,OK,2,1,0,0,0
,d22e1b4c-154a-46a1-95ec-38d6c2ba4073,46205,Spain vs Austria,Spain vs Austria,Spain,Austria,Spain,2,0,Glorianne Gatt,Spain,02/07/2026_Spain vs Austria,02/07/2026_Spain vs Austria_Glorianne Gatt,OK,OK,OK,OK,OK,3,0,3,0,3
,f799cd4d-ad81-47c7-afa5-1758332bc6ce,46205,Switzerland vs Algeria,Switzerland vs Algeria,Switzerland,Algeria,Switzerland,2,0,Glorianne Gatt,Spain,02/07/2026_Switzerland vs Algeria,02/07/2026_Switzerland vs Algeria_Glorianne Gatt,OK,OK,OK,OK,OK,2,0,3,5,8
,8da67c28-89ee-4dd6-9661-cbb038b483a2,46206,Argentina vs Cape Verde Islands,Argentina vs Cape Verde Islands,Argentina,Cape Verde Islands,Argentina,3,0,Glorianne Gatt,Spain,03/07/2026_Argentina vs Cape Verde Islands,03/07/2026_Argentina vs Cape Verde Islands_Glorianne Gatt,OK,OK,OK,OK,OK,1,1,0,0,0
,010c527c-aa66-40dd-9b75-2d67ab18dede,46206,Colombia vs Ghana,Colombia vs Ghana,Colombia,Ghana,Colombia,2,1,Glorianne Gatt,Spain,03/07/2026_Colombia vs Ghana,03/07/2026_Colombia vs Ghana_Glorianne Gatt,OK,OK,OK,OK,OK,1,0,3,0,3
,52fe84b6-c724-41b0-a7f1-86395544a099,46206,Australia vs Egypt,Australia vs Egypt,Australia,Egypt,Egypt,1,2,Glorianne Gatt,Spain,03/07/2026_Australia vs Egypt,03/07/2026_Australia vs Egypt_Glorianne Gatt,OK,OK,OK,OK,OK,1,1,0,0,0
,2481ff22-9726-407e-8235-24d38d5485c4,46207,Canada vs Morocco,Canada vs Morocco,Canada,Morocco,Morocco,1,2,Glorianne Gatt,Spain,04/07/2026_Canada vs Morocco,04/07/2026_Canada vs Morocco_Glorianne Gatt,OK,OK,OK,OK,OK,0,3,3,0,3
,4556c700-ee66-4c74-9c28-e1b9f3e9e15e,46207,Paraguay vs France,Paraguay vs France,Paraguay,France,France,0,2,Glorianne Gatt,Spain,04/07/2026_Paraguay vs France,04/07/2026_Paraguay vs France_Glorianne Gatt,OK,OK,OK,OK,OK,0,1,3,0,3
,37425fa6-d799-4649-936f-afd4e86db01a,46208,Brazil vs Norway,Brazil vs Norway,Brazil,Norway,Tie,1,1,Glorianne Gatt,Spain,05/07/2026_Brazil vs Norway,05/07/2026_Brazil vs Norway_Glorianne Gatt,OK,OK,OK,OK,OK,1,2,0,0,0
,f88ae40a-a6c7-423a-876e-931ae1f6ba79,46209,Mexico vs England,Mexico vs England,Mexico,England,Tie,1,1,Glorianne Gatt,Spain,06/07/2026_Mexico vs England,06/07/2026_Mexico vs England_Glorianne Gatt,OK,OK,OK,OK,OK,2,3,0,0,0
,01d8160e-3c25-4341-992a-149ff9ee8724,46209,Portugal vs Spain,Portugal vs Spain,Portugal,Spain,Spain,0,2,Glorianne Gatt,Spain,06/07/2026_Portugal vs Spain,06/07/2026_Portugal vs Spain_Glorianne Gatt,OK,OK,OK,OK,OK,0,1,3,0,3
,3bcdd26f-b77c-40b1-9e7b-a163142cfcf7,46210,United States vs Belgium,United States vs Belgium,United States,Belgium,United States,2,1,Glorianne Gatt,Spain,07/07/2026_United States vs Belgium,07/07/2026_United States vs Belgium_Glorianne Gatt,OK,OK,OK,OK,OK,1,4,0,0,0
,653ffd75-1fd8-4987-bc2e-e8dc9e77dd8c,46210,Argentina vs Egypt,Argentina vs Egypt,Argentina,Egypt,Argentina,2,0,Glorianne Gatt,Spain,07/07/2026_Argentina vs Egypt,07/07/2026_Argentina vs Egypt_Glorianne Gatt,OK,OK,OK,OK,OK,3,2,3,0,3
,b3c40ec8-0f15-4646-92e9-d7222f02e53e,46210,Switzerland vs Colombia,Switzerland vs Colombia,Switzerland,Colombia,Tie,1,1,Glorianne Gatt,Spain,07/07/2026_Switzerland vs Colombia,07/07/2026_Switzerland vs Colombia_Glorianne Gatt,OK,OK,OK,OK,OK,0,0,3,0,3
,c2b7e312-3e5c-4c09-9c29-e0c733d86e62,46212,France vs Morocco,France vs Morocco,France,Morocco,France,2,0,Glorianne Gatt,Spain,09/07/2026_France vs Morocco,09/07/2026_France vs Morocco_Glorianne Gatt,OK,OK,OK,OK,OK,2,0,3,5,8
,1d2b6619-3837-47d2-ac85-27e8af2215ec,46213,Spain vs Belgium,Spain vs Belgium,Spain,Belgium,Spain,2,1,Glorianne Gatt,Spain,10/07/2026_Spain vs Belgium,10/07/2026_Spain vs Belgium_Glorianne Gatt,OK,OK,OK,OK,OK,2,1,3,5,8
,ffa1c7ab-86b5-4a54-a978-7debca9f156e,46214,Norway vs England,Norway vs England,Norway,England,England,1,2,Glorianne Gatt,Spain,11/07/2026_Norway vs England,11/07/2026_Norway vs England_Glorianne Gatt,OK,OK,OK,OK,OK,1,1,0,0,0
,b07ccf5b-c439-490e-b427-d0fb4544d451,46215,Argentina vs Switzerland,Argentina vs Switzerland,Argentina,Switzerland,Argentina,2,0,Glorianne Gatt,Spain,12/07/2026_Argentina vs Switzerland,12/07/2026_Argentina vs Switzerland_Glorianne Gatt,OK,OK,OK,OK,OK,3,1,3,0,3
,343fff1c-5b47-4822-8f8b-d1b4e4220c02,46217,France vs Spain,France vs Spain,France,Spain,Tie,2,2,Glorianne Gatt,Spain,14/07/2026_France vs Spain,14/07/2026_France vs Spain_Glorianne Gatt,OK,OK,OK,OK,OK,0,2,0,0,0
,f0fbf615-60cd-439b-9927-ce827836b38b,46218,England vs Argentina,England vs Argentina,England,Argentina,England,2,1,Glorianne Gatt,Spain,15/07/2026_England vs Argentina,15/07/2026_England vs Argentina_Glorianne Gatt,OK,OK,OK,OK,OK,1,2,0,0,0
,619e8bae-e54b-40ca-815a-6bf714f102fb,46201,South Africa vs Canada,South Africa vs Canada,South Africa,Canada,Canada,1,2,Jessica Curmi,France,28/06/2026_South Africa vs Canada,28/06/2026_South Africa vs Canada_Jessica Curmi,OK,OK,OK,OK,OK,0,1,3,0,3
,4d23990c-dd5c-4d93-8ed4-4f2f8cb6bf59,46202,Germany vs Paraguay,Germany vs Paraguay,Germany,Paraguay,Germany,3,0,Jessica Curmi,France,29/06/2026_Germany vs Paraguay,29/06/2026_Germany vs Paraguay_Jessica Curmi,OK,OK,OK,OK,OK,1,1,0,0,0
,7705b1cc-8519-4f96-84ce-b68ee4285783,46202,Netherlands vs Morocco,Netherlands vs Morocco,Netherlands,Morocco,Tie,1,1,Jessica Curmi,France,29/06/2026_Netherlands vs Morocco,29/06/2026_Netherlands vs Morocco_Jessica Curmi,OK,OK,OK,OK,OK,1,1,3,5,8
,b763d030-b1c6-4f5a-ac5c-0c6b20d63e9a,46202,Brazil vs Japan,Brazil vs Japan,Brazil,Japan,Brazil,3,1,Jessica Curmi,France,29/06/2026_Brazil vs Japan,29/06/2026_Brazil vs Japan_Jessica Curmi,OK,OK,OK,OK,OK,2,1,3,0,3
,4a9dcdd1-2cba-4d80-8127-cb8def96b636,46203,France vs Sweden,France vs Sweden,France,Sweden,France,2,0,Jessica Curmi,France,30/06/2026_France vs Sweden,30/06/2026_France vs Sweden_Jessica Curmi,OK,OK,OK,OK,OK,3,0,3,0,3
,8ac17372-f1a4-4cfb-8efc-6e1c6892e21f,46203,Ivory Coast vs Norway,Ivory Coast vs Norway,Ivory Coast,Norway,Norway,1,2,Jessica Curmi,France,30/06/2026_Ivory Coast vs Norway,30/06/2026_Ivory Coast vs Norway_Jessica Curmi,OK,OK,OK,OK,OK,1,2,3,5,8
,8cc46c58-16e9-4708-ab3f-8acdef5c85fb,46203,Mexico vs Ecuador,Mexico vs Ecuador,Mexico,Ecuador,Tie,1,1,Jessica Curmi,France,30/06/2026_Mexico vs Ecuador,30/06/2026_Mexico vs Ecuador_Jessica Curmi,OK,OK,OK,OK,OK,2,0,0,0,0
,e0bc1701-a373-485c-9d9c-31c7eb8c47be,46204,England vs Congo DR,England vs Congo DR,England,Congo DR,England,3,0,Jessica Curmi,France,01/07/2026_England vs Congo DR,01/07/2026_England vs Congo DR_Jessica Curmi,OK,OK,OK,OK,OK,2,1,3,0,3
,626fa85b-96f0-42a3-b6f7-e33c15770e0f,46204,United States vs Bosnia-Herzegovina,United States vs Bosnia-Herzegovina,United States,Bosnia-Herzegovina,United States,2,1,Jessica Curmi,France,01/07/2026_United States vs Bosnia-Herzegovina,01/07/2026_United States vs Bosnia-Herzegovina_Jessica Curmi,OK,OK,OK,OK,OK,2,0,3,0,3
,1fe67a34-99e5-4d98-a421-b95d48e948a8,46204,Belgium vs Senegal,Belgium vs Senegal,Belgium,Senegal,Belgium,2,1,Jessica Curmi,France,01/07/2026_Belgium vs Senegal,01/07/2026_Belgium vs Senegal_Jessica Curmi,OK,OK,OK,OK,OK,2,2,0,0,0
,35ed249f-2f8d-4203-8917-8d8905b8bf31,46205,Portugal vs Croatia,Portugal vs Croatia,Portugal,Croatia,Portugal,2,1,Jessica Curmi,France,02/07/2026_Portugal vs Croatia,02/07/2026_Portugal vs Croatia_Jessica Curmi,OK,OK,OK,OK,OK,2,1,3,5,8
,0163ec33-883e-4645-8b5c-68d097edf9b0,46205,Spain vs Austria,Spain vs Austria,Spain,Austria,Spain,2,0,Jessica Curmi,France,02/07/2026_Spain vs Austria,02/07/2026_Spain vs Austria_Jessica Curmi,OK,OK,OK,OK,OK,3,0,3,0,3
,c255c5a0-79e0-49dc-a6b5-1bba8a9126c4,46205,Switzerland vs Algeria,Switzerland vs Algeria,Switzerland,Algeria,Switzerland,2,0,Jessica Curmi,France,02/07/2026_Switzerland vs Algeria,02/07/2026_Switzerland vs Algeria_Jessica Curmi,OK,OK,OK,OK,OK,2,0,3,5,8
,aaada41e-fb80-4889-9aff-847b3ead1239,46206,Argentina vs Cape Verde Islands,Argentina vs Cape Verde Islands,Argentina,Cape Verde Islands,Argentina,4,0,Jessica Curmi,France,03/07/2026_Argentina vs Cape Verde Islands,03/07/2026_Argentina vs Cape Verde Islands_Jessica Curmi,OK,OK,OK,OK,OK,1,1,0,0,0
,f27b2ea7-9060-471e-9cdc-a0d483fb6a59,46206,Colombia vs Ghana,Colombia vs Ghana,Colombia,Ghana,Colombia,2,1,Jessica Curmi,France,03/07/2026_Colombia vs Ghana,03/07/2026_Colombia vs Ghana_Jessica Curmi,OK,OK,OK,OK,OK,1,0,3,0,3
,a3d58439-2b01-4866-a879-f4efc7053255,46206,Australia vs Egypt,Australia vs Egypt,Australia,Egypt,Tie,1,1,Jessica Curmi,France,03/07/2026_Australia vs Egypt,03/07/2026_Australia vs Egypt_Jessica Curmi,OK,OK,OK,OK,OK,1,1,3,5,8
,f2d601d4-71df-4153-ae97-6620c8cce290,46207,Canada vs Morocco,Canada vs Morocco,Canada,Morocco,Morocco,1,2,Jessica Curmi,France,04/07/2026_Canada vs Morocco,04/07/2026_Canada vs Morocco_Jessica Curmi,OK,OK,OK,OK,OK,0,3,3,0,3
,ee74c5e7-badb-4d7e-9a94-30221de60310,46207,Paraguay vs France,Paraguay vs France,Paraguay,France,France,0,2,Jessica Curmi,France,04/07/2026_Paraguay vs France,04/07/2026_Paraguay vs France_Jessica Curmi,OK,OK,OK,OK,OK,0,1,3,0,3
,b037e110-a434-4a70-9a55-cfaae68144ac,46208,Brazil vs Norway,Brazil vs Norway,Brazil,Norway,Brazil,1,0,Jessica Curmi,France,05/07/2026_Brazil vs Norway,05/07/2026_Brazil vs Norway_Jessica Curmi,OK,OK,OK,OK,OK,1,2,0,0,0
,c8af0d01-6847-4594-b52c-6269ec5f4e87,46209,Mexico vs England,Mexico vs England,Mexico,England,Tie,1,1,Jessica Curmi,France,06/07/2026_Mexico vs England,06/07/2026_Mexico vs England_Jessica Curmi,OK,OK,OK,OK,OK,2,3,0,0,0
,9957557d-399d-4ccb-80a3-9664b396caf9,46209,Portugal vs Spain,Portugal vs Spain,Portugal,Spain,Tie,1,1,Jessica Curmi,France,06/07/2026_Portugal vs Spain,06/07/2026_Portugal vs Spain_Jessica Curmi,OK,OK,OK,OK,OK,0,1,0,0,0
,91d4d041-6220-4458-a367-9de7c1713b90,46210,United States vs Belgium,United States vs Belgium,United States,Belgium,Tie,1,1,Jessica Curmi,France,07/07/2026_United States vs Belgium,07/07/2026_United States vs Belgium_Jessica Curmi,OK,OK,OK,OK,OK,1,4,0,0,0
,45b4448f-7bbf-46f3-9af6-2d20c0b06755,46210,Argentina vs Egypt,Argentina vs Egypt,Argentina,Egypt,Argentina,2,0,Jessica Curmi,France,07/07/2026_Argentina vs Egypt,07/07/2026_Argentina vs Egypt_Jessica Curmi,OK,OK,OK,OK,OK,3,2,3,0,3
,1ebf36ca-b6f2-4e16-8253-0379c9ca6b03,46210,Switzerland vs Colombia,Switzerland vs Colombia,Switzerland,Colombia,Tie,1,1,Jessica Curmi,France,07/07/2026_Switzerland vs Colombia,07/07/2026_Switzerland vs Colombia_Jessica Curmi,OK,OK,OK,OK,OK,0,0,3,0,3
,a9adbcb6-3d99-4d35-ab2d-964ebcbfb3fe,46212,France vs Morocco,France vs Morocco,France,Morocco,France,3,1,Jessica Curmi,France,09/07/2026_France vs Morocco,09/07/2026_France vs Morocco_Jessica Curmi,OK,OK,OK,OK,OK,2,0,3,0,3
,fa34aadd-ea14-43db-84a3-d68628cda68f,46213,Spain vs Belgium,Spain vs Belgium,Spain,Belgium,Spain,2,0,Jessica Curmi,France,10/07/2026_Spain vs Belgium,10/07/2026_Spain vs Belgium_Jessica Curmi,OK,OK,OK,OK,OK,2,1,3,0,3
,c38e63a2-3823-43a0-a717-6d80a50eac30,46214,Norway vs England,Norway vs England,Norway,England,Tie,1,1,Jessica Curmi,France,11/07/2026_Norway vs England,11/07/2026_Norway vs England_Jessica Curmi,OK,OK,OK,OK,OK,1,1,3,5,8
,b057bfa0-f994-4981-9d9d-3c2f5926e815,46215,Argentina vs Switzerland,Argentina vs Switzerland,Argentina,Switzerland,Tie,1,1,Jessica Curmi,France,12/07/2026_Argentina vs Switzerland,12/07/2026_Argentina vs Switzerland_Jessica Curmi,OK,OK,OK,OK,OK,3,1,0,0,0
,27e045dd-fa02-40d6-bdd8-5255c8f14c64,46217,France vs Spain,France vs Spain,France,Spain,Tie,1,1,Jessica Curmi,France,14/07/2026_France vs Spain,14/07/2026_France vs Spain_Jessica Curmi,OK,OK,OK,OK,OK,0,2,0,0,0
,cb876011-1053-406a-b39d-9cacd0a8d7ec,46218,England vs Argentina,England vs Argentina,England,Argentina,Tie,1,1,Jessica Curmi,France,15/07/2026_England vs Argentina,15/07/2026_England vs Argentina_Jessica Curmi,OK,OK,OK,OK,OK,1,2,0,0,0
,0a121879-34f3-4ed1-9752-f01e1db72f3e,46201,South Africa vs Canada,South Africa vs Canada,South Africa,Canada,Tie,9,9,Jessica Scicluna,Brazil,28/06/2026_South Africa vs Canada,28/06/2026_South Africa vs Canada_Jessica Scicluna,OK,OK,OK,OK,OK,0,1,0,0,0
,036d37ca-daf5-49b5-8b19-55280bd1bbff,46202,Germany vs Paraguay,Germany vs Paraguay,Germany,Paraguay,Paraguay,8,9,Jessica Scicluna,Brazil,29/06/2026_Germany vs Paraguay,29/06/2026_Germany vs Paraguay_Jessica Scicluna,OK,OK,OK,OK,OK,1,1,0,0,0
,2030f8de-8c4c-4575-adc1-a76d7688c026,46202,Netherlands vs Morocco,Netherlands vs Morocco,Netherlands,Morocco,Morocco,8,9,Jessica Scicluna,Brazil,29/06/2026_Netherlands vs Morocco,29/06/2026_Netherlands vs Morocco_Jessica Scicluna,OK,OK,OK,OK,OK,1,1,0,0,0
,f99092fa-fa10-4b99-a682-a319674f7f2a,46202,Brazil vs Japan,Brazil vs Japan,Brazil,Japan,Tie,9,9,Jessica Scicluna,Brazil,29/06/2026_Brazil vs Japan,29/06/2026_Brazil vs Japan_Jessica Scicluna,OK,OK,OK,OK,OK,2,1,0,0,0
,d5428f1a-4740-44a4-8177-6bc70d755488,46203,France vs Sweden,France vs Sweden,France,Sweden,France,3,0,Jessica Scicluna,Brazil,30/06/2026_France vs Sweden,30/06/2026_France vs Sweden_Jessica Scicluna,OK,OK,OK,OK,OK,3,0,3,5,8
,7f960b4a-e5b8-4cd9-baa6-fb40a9e207e0,46203,Ivory Coast vs Norway,Ivory Coast vs Norway,Ivory Coast,Norway,Norway,1,2,Jessica Scicluna,Brazil,30/06/2026_Ivory Coast vs Norway,30/06/2026_Ivory Coast vs Norway_Jessica Scicluna,OK,OK,OK,OK,OK,1,2,3,5,8
,905df292-5a1f-4698-b661-bf368dd5bf69,46203,Mexico vs Ecuador,Mexico vs Ecuador,Mexico,Ecuador,Tie,1,1,Jessica Scicluna,Brazil,30/06/2026_Mexico vs Ecuador,30/06/2026_Mexico vs Ecuador_Jessica Scicluna,OK,OK,OK,OK,OK,2,0,0,0,0
,41c30f2d-4294-4763-bf24-ce664b721d8e,46204,England vs Congo DR,England vs Congo DR,England,Congo DR,England,3,0,Jessica Scicluna,Brazil,01/07/2026_England vs Congo DR,01/07/2026_England vs Congo DR_Jessica Scicluna,OK,OK,OK,OK,OK,2,1,3,0,3
,2c51d615-935d-4b96-b505-f1574fcafc76,46204,United States vs Bosnia-Herzegovina,United States vs Bosnia-Herzegovina,United States,Bosnia-Herzegovina,United States,2,0,Jessica Scicluna,Brazil,01/07/2026_United States vs Bosnia-Herzegovina,01/07/2026_United States vs Bosnia-Herzegovina_Jessica Scicluna,OK,OK,OK,OK,OK,2,0,3,5,8
,5f05c540-15ce-4663-9cfb-7ba3f69f4586,46204,Belgium vs Senegal,Belgium vs Senegal,Belgium,Senegal,Belgium,2,1,Jessica Scicluna,Brazil,01/07/2026_Belgium vs Senegal,01/07/2026_Belgium vs Senegal_Jessica Scicluna,OK,OK,OK,OK,OK,2,2,0,0,0
,562f7b12-32b4-4034-ae81-9cc22c247e2e,46205,Portugal vs Croatia,Portugal vs Croatia,Portugal,Croatia,Portugal,2,1,Jessica Scicluna,Brazil,02/07/2026_Portugal vs Croatia,02/07/2026_Portugal vs Croatia_Jessica Scicluna,OK,OK,OK,OK,OK,2,1,3,5,8
,33fdf307-13a2-4dcf-9303-9032a386c231,46205,Spain vs Austria,Spain vs Austria,Spain,Austria,Spain,3,1,Jessica Scicluna,Brazil,02/07/2026_Spain vs Austria,02/07/2026_Spain vs Austria_Jessica Scicluna,OK,OK,OK,OK,OK,3,0,3,0,3
,db8e7f82-3660-4ab5-ac57-b9ef11c3e6d4,46205,Switzerland vs Algeria,Switzerland vs Algeria,Switzerland,Algeria,Switzerland,2,1,Jessica Scicluna,Brazil,02/07/2026_Switzerland vs Algeria,02/07/2026_Switzerland vs Algeria_Jessica Scicluna,OK,OK,OK,OK,OK,2,0,3,0,3
,0b6aea4a-1e08-4ff7-8301-115e28bcab8d,46206,Argentina vs Cape Verde Islands,Argentina vs Cape Verde Islands,Argentina,Cape Verde Islands,Argentina,3,0,Jessica Scicluna,Brazil,03/07/2026_Argentina vs Cape Verde Islands,03/07/2026_Argentina vs Cape Verde Islands_Jessica Scicluna,OK,OK,OK,OK,OK,1,1,0,0,0
,d8a58a91-6532-43f4-939b-ffa5670b7164,46206,Colombia vs Ghana,Colombia vs Ghana,Colombia,Ghana,Colombia,1,0,Jessica Scicluna,Brazil,03/07/2026_Colombia vs Ghana,03/07/2026_Colombia vs Ghana_Jessica Scicluna,OK,OK,OK,OK,OK,1,0,3,5,8
,304e326a-6821-4724-a562-912680ba76c5,46206,Australia vs Egypt,Australia vs Egypt,Australia,Egypt,Egypt,1,2,Jessica Scicluna,Brazil,03/07/2026_Australia vs Egypt,03/07/2026_Australia vs Egypt_Jessica Scicluna,OK,OK,OK,OK,OK,1,1,0,0,0
,f836bb84-3330-4b35-8862-cac467c339fc,46207,Canada vs Morocco,Canada vs Morocco,Canada,Morocco,Morocco,0,1,Jessica Scicluna,Brazil,04/07/2026_Canada vs Morocco,04/07/2026_Canada vs Morocco_Jessica Scicluna,OK,OK,OK,OK,OK,0,3,3,0,3
,2119fcbe-a9d0-4747-a670-927a7136c5f9,46207,Paraguay vs France,Paraguay vs France,Paraguay,France,France,0,4,Jessica Scicluna,Brazil,04/07/2026_Paraguay vs France,04/07/2026_Paraguay vs France_Jessica Scicluna,OK,OK,OK,OK,OK,0,1,3,0,3
,a2fd5e0e-e370-4787-8b0d-bb64d5b3f3e6,46208,Brazil vs Norway,Brazil vs Norway,Brazil,Norway,Brazil,2,1,Jessica Scicluna,Brazil,05/07/2026_Brazil vs Norway,05/07/2026_Brazil vs Norway_Jessica Scicluna,OK,OK,OK,OK,OK,1,2,0,0,0
,a5b708a4-927a-410e-9fc4-0150813c2f3c,46209,Mexico vs England,Mexico vs England,Mexico,England,England,1,2,Jessica Scicluna,Brazil,06/07/2026_Mexico vs England,06/07/2026_Mexico vs England_Jessica Scicluna,OK,OK,OK,OK,OK,2,3,3,0,3
,3dfcb07f-77c2-4df4-8cf3-aef3f50f3df6,46209,Portugal vs Spain,Portugal vs Spain,Portugal,Spain,Spain,1,2,Jessica Scicluna,Brazil,06/07/2026_Portugal vs Spain,06/07/2026_Portugal vs Spain_Jessica Scicluna,OK,OK,OK,OK,OK,0,1,3,0,3
,ce3cf549-b847-4512-a705-6ebbf7b3adca,46210,United States vs Belgium,United States vs Belgium,United States,Belgium,Tie,1,1,Jessica Scicluna,Brazil,07/07/2026_United States vs Belgium,07/07/2026_United States vs Belgium_Jessica Scicluna,OK,OK,OK,OK,OK,1,4,0,0,0
,f5f60a5f-6e6b-4140-93c2-20e6649a1a57,46210,Argentina vs Egypt,Argentina vs Egypt,Argentina,Egypt,Argentina,3,0,Jessica Scicluna,Brazil,07/07/2026_Argentina vs Egypt,07/07/2026_Argentina vs Egypt_Jessica Scicluna,OK,OK,OK,OK,OK,3,2,3,0,3
,8fa59808-f99d-4664-a74c-0afd973ade4d,46210,Switzerland vs Colombia,Switzerland vs Colombia,Switzerland,Colombia,Colombia,1,2,Jessica Scicluna,Brazil,07/07/2026_Switzerland vs Colombia,07/07/2026_Switzerland vs Colombia_Jessica Scicluna,OK,OK,OK,OK,OK,0,0,0,0,0
,9327b055-11be-4467-b426-d8ab501cf083,46212,France vs Morocco,France vs Morocco,France,Morocco,France,2,0,Jessica Scicluna,Brazil,09/07/2026_France vs Morocco,09/07/2026_France vs Morocco_Jessica Scicluna,OK,OK,OK,OK,OK,2,0,3,5,8
,fa4f5324-e743-437d-9d92-34d47eebba09,46213,Spain vs Belgium,Spain vs Belgium,Spain,Belgium,Spain,2,1,Jessica Scicluna,Brazil,10/07/2026_Spain vs Belgium,10/07/2026_Spain vs Belgium_Jessica Scicluna,OK,OK,OK,OK,OK,2,1,3,5,8
,579e4b9f-3647-4bd8-8d7d-91b3fc39bd2b,46214,Norway vs England,Norway vs England,Norway,England,England,1,2,Jessica Scicluna,Brazil,11/07/2026_Norway vs England,11/07/2026_Norway vs England_Jessica Scicluna,OK,OK,OK,OK,OK,1,1,0,0,0
,a65dfb02-cdf6-4e25-9dc8-8b18c91e0f5d,46215,Argentina vs Switzerland,Argentina vs Switzerland,Argentina,Switzerland,Argentina,2,0,Jessica Scicluna,Brazil,12/07/2026_Argentina vs Switzerland,12/07/2026_Argentina vs Switzerland_Jessica Scicluna,OK,OK,OK,OK,OK,3,1,3,0,3
,17999043-7194-4753-9c9f-d329de900555,46217,France vs Spain,France vs Spain,France,Spain,France,2,1,Jessica Scicluna,Brazil,14/07/2026_France vs Spain,14/07/2026_France vs Spain_Jessica Scicluna,OK,OK,OK,OK,OK,0,2,0,0,0
,ecb23883-5c48-47f8-9629-549c178abbc7,46218,England vs Argentina,England vs Argentina,England,Argentina,Tie,1,1,Jessica Scicluna,Brazil,15/07/2026_England vs Argentina,15/07/2026_England vs Argentina_Jessica Scicluna,OK,OK,OK,OK,OK,1,2,0,0,0
,084075c8-59b3-4b80-9a98-25accff061f9,46201,South Africa vs Canada,South Africa vs Canada,South Africa,Canada,Canada,0,1,Jonathan Sammut,France,28/06/2026_South Africa vs Canada,28/06/2026_South Africa vs Canada_Jonathan Sammut,OK,OK,OK,OK,OK,0,1,3,5,8
,cd094272-9627-4870-a975-a5c2083ae1d5,46202,Germany vs Paraguay,Germany vs Paraguay,Germany,Paraguay,Germany,2,0,Jonathan Sammut,France,29/06/2026_Germany vs Paraguay,29/06/2026_Germany vs Paraguay_Jonathan Sammut,OK,OK,OK,OK,OK,1,1,0,0,0
,4243c8ce-a29d-46aa-9279-a9e013e531a8,46202,Netherlands vs Morocco,Netherlands vs Morocco,Netherlands,Morocco,Tie,1,1,Jonathan Sammut,France,29/06/2026_Netherlands vs Morocco,29/06/2026_Netherlands vs Morocco_Jonathan Sammut,OK,OK,OK,OK,OK,1,1,3,5,8
,459a034a-6fc9-4ab0-b24f-6b17de48dc10,46202,Brazil vs Japan,Brazil vs Japan,Brazil,Japan,Tie,2,2,Jonathan Sammut,France,29/06/2026_Brazil vs Japan,29/06/2026_Brazil vs Japan_Jonathan Sammut,OK,OK,OK,OK,OK,2,1,0,0,0
,4e2bf44a-e631-4752-84ce-59b600614b66,46203,France vs Sweden,France vs Sweden,France,Sweden,France,2,0,Jonathan Sammut,France,30/06/2026_France vs Sweden,30/06/2026_France vs Sweden_Jonathan Sammut,OK,OK,OK,OK,OK,3,0,3,0,3
,1e43672d-a9f9-419b-a5f2-4a4e6635a228,46203,Ivory Coast vs Norway,Ivory Coast vs Norway,Ivory Coast,Norway,Norway,1,2,Jonathan Sammut,France,30/06/2026_Ivory Coast vs Norway,30/06/2026_Ivory Coast vs Norway_Jonathan Sammut,OK,OK,OK,OK,OK,1,2,3,5,8
,0fbc9d2e-05ea-4886-9f12-49f68bd633a0,46203,Mexico vs Ecuador,Mexico vs Ecuador,Mexico,Ecuador,Tie,1,1,Jonathan Sammut,France,30/06/2026_Mexico vs Ecuador,30/06/2026_Mexico vs Ecuador_Jonathan Sammut,OK,OK,OK,OK,OK,2,0,0,0,0
,3d806809-df1d-4c5c-918d-b445cfe58303,46204,England vs Congo DR,England vs Congo DR,England,Congo DR,England,3,0,Jonathan Sammut,France,01/07/2026_England vs Congo DR,01/07/2026_England vs Congo DR_Jonathan Sammut,OK,OK,OK,OK,OK,2,1,3,0,3
,d39daac8-ea5a-413d-8a2d-6dc16725e3fe,46204,United States vs Bosnia-Herzegovina,United States vs Bosnia-Herzegovina,United States,Bosnia-Herzegovina,United States,2,1,Jonathan Sammut,France,01/07/2026_United States vs Bosnia-Herzegovina,01/07/2026_United States vs Bosnia-Herzegovina_Jonathan Sammut,OK,OK,OK,OK,OK,2,0,3,0,3
,0c453541-f1c8-4316-bb8c-5d5ca89d6c1c,46204,Belgium vs Senegal,Belgium vs Senegal,Belgium,Senegal,Senegal,0,2,Jonathan Sammut,France,01/07/2026_Belgium vs Senegal,01/07/2026_Belgium vs Senegal_Jonathan Sammut,OK,OK,OK,OK,OK,2,2,0,0,0
,c29267e6-394a-4eab-92e5-c71157b8c0f4,46205,Portugal vs Croatia,Portugal vs Croatia,Portugal,Croatia,Croatia,1,2,Jonathan Sammut,France,02/07/2026_Portugal vs Croatia,02/07/2026_Portugal vs Croatia_Jonathan Sammut,OK,OK,OK,OK,OK,2,1,0,0,0
,cc42044e-5716-4f09-a22d-4ecf6b01cc15,46205,Spain vs Austria,Spain vs Austria,Spain,Austria,Spain,3,1,Jonathan Sammut,France,02/07/2026_Spain vs Austria,02/07/2026_Spain vs Austria_Jonathan Sammut,OK,OK,OK,OK,OK,3,0,3,0,3
,14b2b977-321c-4d5c-97c7-924a28bd00ad,46205,Switzerland vs Algeria,Switzerland vs Algeria,Switzerland,Algeria,Switzerland,2,0,Jonathan Sammut,France,02/07/2026_Switzerland vs Algeria,02/07/2026_Switzerland vs Algeria_Jonathan Sammut,OK,OK,OK,OK,OK,2,0,3,5,8
,e8b7dd46-2591-4157-a08d-1739a95c2431,46206,Argentina vs Cape Verde Islands,Argentina vs Cape Verde Islands,Argentina,Cape Verde Islands,Argentina,3,0,Jonathan Sammut,France,03/07/2026_Argentina vs Cape Verde Islands,03/07/2026_Argentina vs Cape Verde Islands_Jonathan Sammut,OK,OK,OK,OK,OK,1,1,0,0,0
,f5d523a6-2fac-4c65-a3a4-051b2bdf4d5d,46206,Colombia vs Ghana,Colombia vs Ghana,Colombia,Ghana,Ghana,0,1,Jonathan Sammut,France,03/07/2026_Colombia vs Ghana,03/07/2026_Colombia vs Ghana_Jonathan Sammut,OK,OK,OK,OK,OK,1,0,0,0,0
,dd5d81b8-da39-41f7-af73-402ac52c8b96,46206,Australia vs Egypt,Australia vs Egypt,Australia,Egypt,Egypt,1,2,Jonathan Sammut,France,03/07/2026_Australia vs Egypt,03/07/2026_Australia vs Egypt_Jonathan Sammut,OK,OK,OK,OK,OK,1,1,0,0,0
,f8088b00-9741-4404-af74-b4ee3375b2e6,46207,Canada vs Morocco,Canada vs Morocco,Canada,Morocco,Tie,9,9,Jonathan Sammut,France,04/07/2026_Canada vs Morocco,04/07/2026_Canada vs Morocco_Jonathan Sammut,OK,OK,OK,OK,OK,0,3,0,0,0
,b42f2871-67c0-465a-91e6-cab919e6e93f,46207,Paraguay vs France,Paraguay vs France,Paraguay,France,France,0,3,Jonathan Sammut,France,04/07/2026_Paraguay vs France,04/07/2026_Paraguay vs France_Jonathan Sammut,OK,OK,OK,OK,OK,0,1,3,0,3
,f37dc358-3306-4d6c-863b-f9ea2fb96ec3,46208,Brazil vs Norway,Brazil vs Norway,Brazil,Norway,Brazil,2,0,Jonathan Sammut,France,05/07/2026_Brazil vs Norway,05/07/2026_Brazil vs Norway_Jonathan Sammut,OK,OK,OK,OK,OK,1,2,0,0,0
,bb79109f-862a-4720-91fd-f0c94d0853e0,46209,Mexico vs England,Mexico vs England,Mexico,England,England,0,1,Jonathan Sammut,France,06/07/2026_Mexico vs England,06/07/2026_Mexico vs England_Jonathan Sammut,OK,OK,OK,OK,OK,2,3,3,0,3
,aa75e648-c68c-4a82-8fcf-28a167b94a18,46209,Portugal vs Spain,Portugal vs Spain,Portugal,Spain,Tie,1,1,Jonathan Sammut,France,06/07/2026_Portugal vs Spain,06/07/2026_Portugal vs Spain_Jonathan Sammut,OK,OK,OK,OK,OK,0,1,0,0,0
,0c006bd9-3574-4a1e-8363-586154f87e50,46210,United States vs Belgium,United States vs Belgium,United States,Belgium,United States,1,0,Jonathan Sammut,France,07/07/2026_United States vs Belgium,07/07/2026_United States vs Belgium_Jonathan Sammut,OK,OK,OK,OK,OK,1,4,0,0,0
,71830342-59ed-42a5-ac76-51b9a3e90166,46210,Argentina vs Egypt,Argentina vs Egypt,Argentina,Egypt,Argentina,2,1,Jonathan Sammut,France,07/07/2026_Argentina vs Egypt,07/07/2026_Argentina vs Egypt_Jonathan Sammut,OK,OK,OK,OK,OK,3,2,3,0,3
,2a6e384b-01b8-45ed-b7b8-e9c6df18611a,46210,Switzerland vs Colombia,Switzerland vs Colombia,Switzerland,Colombia,Colombia,0,1,Jonathan Sammut,France,07/07/2026_Switzerland vs Colombia,07/07/2026_Switzerland vs Colombia_Jonathan Sammut,OK,OK,OK,OK,OK,0,0,0,0,0
,508fb254-cfc7-437f-81ec-9162f37b31b2,46201,South Africa vs Canada,South Africa vs Canada,South Africa,Canada,Tie,9,9,Kevin D'Ugo,Brazil,28/06/2026_South Africa vs Canada,28/06/2026_South Africa vs Canada_Kevin D'Ugo,OK,OK,OK,OK,OK,0,1,0,0,0
,69734b62-aa3e-43f4-994f-57877d9d33fc,46202,Germany vs Paraguay,Germany vs Paraguay,Germany,Paraguay,Germany,2,0,Kevin D'Ugo,Brazil,29/06/2026_Germany vs Paraguay,29/06/2026_Germany vs Paraguay_Kevin D'Ugo,OK,OK,OK,OK,OK,1,1,0,0,0
,fe4060eb-7742-4808-8135-8cf36d362498,46202,Netherlands vs Morocco,Netherlands vs Morocco,Netherlands,Morocco,Tie,2,2,Kevin D'Ugo,Brazil,29/06/2026_Netherlands vs Morocco,29/06/2026_Netherlands vs Morocco_Kevin D'Ugo,OK,OK,OK,OK,OK,1,1,3,0,3
,87389df7-d2cb-440e-986c-e0dc8a5b37ff,46202,Brazil vs Japan,Brazil vs Japan,Brazil,Japan,Brazil,3,1,Kevin D'Ugo,Brazil,29/06/2026_Brazil vs Japan,29/06/2026_Brazil vs Japan_Kevin D'Ugo,OK,OK,OK,OK,OK,2,1,3,0,3
,725a597f-8740-49b9-bc87-5e08d93c8b6a,46203,France vs Sweden,France vs Sweden,France,Sweden,France,3,0,Kevin D'Ugo,Brazil,30/06/2026_France vs Sweden,30/06/2026_France vs Sweden_Kevin D'Ugo,OK,OK,OK,OK,OK,3,0,3,5,8
,99706bf7-722a-4c1d-abb5-8e071837bdad,46203,Ivory Coast vs Norway,Ivory Coast vs Norway,Ivory Coast,Norway,Norway,0,2,Kevin D'Ugo,Brazil,30/06/2026_Ivory Coast vs Norway,30/06/2026_Ivory Coast vs Norway_Kevin D'Ugo,OK,OK,OK,OK,OK,1,2,3,0,3
,d195d975-72dd-4d7d-a31d-0128330de567,46203,Mexico vs Ecuador,Mexico vs Ecuador,Mexico,Ecuador,Mexico,2,0,Kevin D'Ugo,Brazil,30/06/2026_Mexico vs Ecuador,30/06/2026_Mexico vs Ecuador_Kevin D'Ugo,OK,OK,OK,OK,OK,2,0,3,5,8
,c6ab80fa-7022-4660-9361-c839c54f18c5,46204,England vs Congo DR,England vs Congo DR,England,Congo DR,England,2,0,Kevin D'Ugo,Brazil,01/07/2026_England vs Congo DR,01/07/2026_England vs Congo DR_Kevin D'Ugo,OK,OK,OK,OK,OK,2,1,3,0,3
,9f9016e1-a3f8-4d2a-b840-bc20aed32529,46204,United States vs Bosnia-Herzegovina,United States vs Bosnia-Herzegovina,United States,Bosnia-Herzegovina,United States,2,1,Kevin D'Ugo,Brazil,01/07/2026_United States vs Bosnia-Herzegovina,01/07/2026_United States vs Bosnia-Herzegovina_Kevin D'Ugo,OK,OK,OK,OK,OK,2,0,3,0,3
,a1f55b21-36f7-4af2-9aad-31a7a67d5e6f,46204,Belgium vs Senegal,Belgium vs Senegal,Belgium,Senegal,Tie,1,1,Kevin D'Ugo,Brazil,01/07/2026_Belgium vs Senegal,01/07/2026_Belgium vs Senegal_Kevin D'Ugo,OK,OK,OK,OK,OK,2,2,3,0,3
,3d839600-54fc-4111-b188-a7803b0b9362,46205,Portugal vs Croatia,Portugal vs Croatia,Portugal,Croatia,Tie,1,1,Kevin D'Ugo,Brazil,02/07/2026_Portugal vs Croatia,02/07/2026_Portugal vs Croatia_Kevin D'Ugo,OK,OK,OK,OK,OK,2,1,0,0,0
,c2a6dd0a-ba63-44fb-aae8-a8ab8e5a822d,46205,Spain vs Austria,Spain vs Austria,Spain,Austria,Spain,3,0,Kevin D'Ugo,Brazil,02/07/2026_Spain vs Austria,02/07/2026_Spain vs Austria_Kevin D'Ugo,OK,OK,OK,OK,OK,3,0,3,5,8
,6112f8bc-ae59-4bca-bcba-e5625c354993,46205,Switzerland vs Algeria,Switzerland vs Algeria,Switzerland,Algeria,Algeria,0,2,Kevin D'Ugo,Brazil,02/07/2026_Switzerland vs Algeria,02/07/2026_Switzerland vs Algeria_Kevin D'Ugo,OK,OK,OK,OK,OK,2,0,0,0,0
,19cce7b2-f2cc-42a5-b617-17db02299ae6,46206,Argentina vs Cape Verde Islands,Argentina vs Cape Verde Islands,Argentina,Cape Verde Islands,Argentina,3,0,Kevin D'Ugo,Brazil,03/07/2026_Argentina vs Cape Verde Islands,03/07/2026_Argentina vs Cape Verde Islands_Kevin D'Ugo,OK,OK,OK,OK,OK,1,1,0,0,0
,d6b5020e-af2a-46bd-b055-0194bad7ef3f,46206,Colombia vs Ghana,Colombia vs Ghana,Colombia,Ghana,Tie,1,1,Kevin D'Ugo,Brazil,03/07/2026_Colombia vs Ghana,03/07/2026_Colombia vs Ghana_Kevin D'Ugo,OK,OK,OK,OK,OK,1,0,0,0,0
,20b98db9-5ef7-4402-8d6c-a30105a58b80,46206,Australia vs Egypt,Australia vs Egypt,Australia,Egypt,Egypt,1,2,Kevin D'Ugo,Brazil,03/07/2026_Australia vs Egypt,03/07/2026_Australia vs Egypt_Kevin D'Ugo,OK,OK,OK,OK,OK,1,1,0,0,0
,a84f9b74-da96-441a-9fa3-4f6be20adf34,46207,Canada vs Morocco,Canada vs Morocco,Canada,Morocco,Morocco,0,2,Kevin D'Ugo,Brazil,04/07/2026_Canada vs Morocco,04/07/2026_Canada vs Morocco_Kevin D'Ugo,OK,OK,OK,OK,OK,0,3,3,0,3
,e91fcfb9-a29e-4bfa-bd5a-d83e6c9cc932,46207,Paraguay vs France,Paraguay vs France,Paraguay,France,France,0,2,Kevin D'Ugo,Brazil,04/07/2026_Paraguay vs France,04/07/2026_Paraguay vs France_Kevin D'Ugo,OK,OK,OK,OK,OK,0,1,3,0,3
,d522b5b0-4ca4-44b1-8176-918758bbaaf8,46208,Brazil vs Norway,Brazil vs Norway,Brazil,Norway,brazil,2,1,Kevin D'Ugo,Brazil,05/07/2026_Brazil vs Norway,05/07/2026_Brazil vs Norway_Kevin D'Ugo,OK,OK,OK,OK,OK,1,2,0,0,0
,17755a31-277a-4094-b745-0b3f45d8fd4f,46209,Mexico vs England,Mexico vs England,Mexico,England,Tie,1,1,Kevin D'Ugo,Brazil,06/07/2026_Mexico vs England,06/07/2026_Mexico vs England_Kevin D'Ugo,OK,OK,OK,OK,OK,2,3,0,0,0
,04216bbb-8ae9-47f6-86ea-6a4f433f9c1e,46209,Portugal vs Spain,Portugal vs Spain,Portugal,Spain,Spain,0,2,Kevin D'Ugo,Brazil,06/07/2026_Portugal vs Spain,06/07/2026_Portugal vs Spain_Kevin D'Ugo,OK,OK,OK,OK,OK,0,1,3,0,3
,bc166842-f8ed-4183-abdd-a86018470fc5,46210,United States vs Belgium,United States vs Belgium,United States,Belgium,Tie,2,2,Kevin D'Ugo,Brazil,07/07/2026_United States vs Belgium,07/07/2026_United States vs Belgium_Kevin D'Ugo,OK,OK,OK,OK,OK,1,4,0,0,0
,fa2bb262-9bbd-4148-ad61-f2529f507c89,46210,Argentina vs Egypt,Argentina vs Egypt,Argentina,Egypt,Argentina,2,0,Kevin D'Ugo,Brazil,07/07/2026_Argentina vs Egypt,07/07/2026_Argentina vs Egypt_Kevin D'Ugo,OK,OK,OK,OK,OK,3,2,3,0,3
,69b319bb-bda1-43ec-ba7e-3d8a63b485e3,46210,Switzerland vs Colombia,Switzerland vs Colombia,Switzerland,Colombia,Colombia,1,2,Kevin D'Ugo,Brazil,07/07/2026_Switzerland vs Colombia,07/07/2026_Switzerland vs Colombia_Kevin D'Ugo,OK,OK,OK,OK,OK,0,0,0,0,0
,e8a00528-1d66-489d-9abc-1d87c2a843c6,46212,France vs Morocco,France vs Morocco,France,Morocco,France,2,1,Kevin D'Ugo,Brazil,09/07/2026_France vs Morocco,09/07/2026_France vs Morocco_Kevin D'Ugo,OK,OK,OK,OK,OK,2,0,3,0,3
,5ae28177-497c-40f9-8c3b-94fede528eb7,46213,Spain vs Belgium,Spain vs Belgium,Spain,Belgium,Spain,1,0,Kevin D'Ugo,Brazil,10/07/2026_Spain vs Belgium,10/07/2026_Spain vs Belgium_Kevin D'Ugo,OK,OK,OK,OK,OK,2,1,3,0,3
,fd92d403-6144-4cf6-892e-0bd5b582b1d1,46214,Norway vs England,Norway vs England,Norway,England,England,1,2,Kevin D'Ugo,Brazil,11/07/2026_Norway vs England,11/07/2026_Norway vs England_Kevin D'Ugo,OK,OK,OK,OK,OK,1,1,0,0,0
,3b4f7164-9f10-41b6-aa74-8144d13c966b,46215,Argentina vs Switzerland,Argentina vs Switzerland,Argentina,Switzerland,Argentina,2,0,Kevin D'Ugo,Brazil,12/07/2026_Argentina vs Switzerland,12/07/2026_Argentina vs Switzerland_Kevin D'Ugo,OK,OK,OK,OK,OK,3,1,3,0,3
,706547f9-e744-45e8-bfcc-493d5b059402,46217,France vs Spain,France vs Spain,France,Spain,France,1,0,Kevin D'Ugo,Brazil,14/07/2026_France vs Spain,14/07/2026_France vs Spain_Kevin D'Ugo,OK,OK,OK,OK,OK,0,2,0,0,0
,33ad7fc6-394e-47b9-b638-7520bfea878b,46218,England vs Argentina,England vs Argentina,England,Argentina,England,2,1,Kevin D'Ugo,Brazil,15/07/2026_England vs Argentina,15/07/2026_England vs Argentina_Kevin D'Ugo,OK,OK,OK,OK,OK,1,2,0,0,0
,8856306f-1dbd-46ef-b42f-f3d9caf727d2,46201,South Africa vs Canada,South Africa vs Canada,South Africa,Canada,Canada,0,1,Kurt Camilleri,France,28/06/2026_South Africa vs Canada,28/06/2026_South Africa vs Canada_Kurt Camilleri,OK,OK,OK,OK,OK,0,1,3,5,8
,07dccbdb-4e0c-44ee-9bb9-23d7ee04d3da,46202,Germany vs Paraguay,Germany vs Paraguay,Germany,Paraguay,Germany,2,0,Kurt Camilleri,France,29/06/2026_Germany vs Paraguay,29/06/2026_Germany vs Paraguay_Kurt Camilleri,OK,OK,OK,OK,OK,1,1,0,0,0
,fad32213-9189-4012-b151-26b223ca01b9,46202,Netherlands vs Morocco,Netherlands vs Morocco,Netherlands,Morocco,Tie,1,1,Kurt Camilleri,France,29/06/2026_Netherlands vs Morocco,29/06/2026_Netherlands vs Morocco_Kurt Camilleri,OK,OK,OK,OK,OK,1,1,3,5,8
,1b7f98b9-4bd1-4a7d-9a9e-275d848398d2,46202,Brazil vs Japan,Brazil vs Japan,Brazil,Japan,Brazil,1,0,Kurt Camilleri,France,29/06/2026_Brazil vs Japan,29/06/2026_Brazil vs Japan_Kurt Camilleri,OK,OK,OK,OK,OK,2,1,3,0,3
,0ddc58a9-64c5-4801-8a47-bcb2ceba2d31,46203,France vs Sweden,France vs Sweden,France,Sweden,France,2,0,Kurt Camilleri,France,30/06/2026_France vs Sweden,30/06/2026_France vs Sweden_Kurt Camilleri,OK,OK,OK,OK,OK,3,0,3,0,3
,a17546b6-525f-40b6-90c8-8fdc547b452b,46203,Ivory Coast vs Norway,Ivory Coast vs Norway,Ivory Coast,Norway,Tie,1,1,Kurt Camilleri,France,30/06/2026_Ivory Coast vs Norway,30/06/2026_Ivory Coast vs Norway_Kurt Camilleri,OK,OK,OK,OK,OK,1,2,0,0,0
,2b96755c-ac5e-4743-ba1e-9b713293c718,46203,Mexico vs Ecuador,Mexico vs Ecuador,Mexico,Ecuador,Mexico,1,0,Kurt Camilleri,France,30/06/2026_Mexico vs Ecuador,30/06/2026_Mexico vs Ecuador_Kurt Camilleri,OK,OK,OK,OK,OK,2,0,3,0,3
,77ebec14-46a4-4282-81a1-a8027b40f6e0,46204,England vs Congo DR,England vs Congo DR,England,Congo DR,England,2,0,Kurt Camilleri,France,01/07/2026_England vs Congo DR,01/07/2026_England vs Congo DR_Kurt Camilleri,OK,OK,OK,OK,OK,2,1,3,0,3
,7602fc67-ba8d-4245-9b0b-5957a00e5d95,46204,United States vs Bosnia-Herzegovina,United States vs Bosnia-Herzegovina,United States,Bosnia-Herzegovina,United States,2,0,Kurt Camilleri,France,01/07/2026_United States vs Bosnia-Herzegovina,01/07/2026_United States vs Bosnia-Herzegovina_Kurt Camilleri,OK,OK,OK,OK,OK,2,0,3,5,8
,9c3725f0-cd43-46d2-9cf5-50bd07b150d1,46204,Belgium vs Senegal,Belgium vs Senegal,Belgium,Senegal,Tie,1,1,Kurt Camilleri,France,01/07/2026_Belgium vs Senegal,01/07/2026_Belgium vs Senegal_Kurt Camilleri,OK,OK,OK,OK,OK,2,2,3,0,3
,4451a120-e93f-482c-ad90-937bb6c37be0,46205,Portugal vs Croatia,Portugal vs Croatia,Portugal,Croatia,Tie,1,1,Kurt Camilleri,France,02/07/2026_Portugal vs Croatia,02/07/2026_Portugal vs Croatia_Kurt Camilleri,OK,OK,OK,OK,OK,2,1,0,0,0
,5e96bd71-a89c-49a0-8dbe-3f390e2d0866,46205,Spain vs Austria,Spain vs Austria,Spain,Austria,Spain,2,0,Kurt Camilleri,France,02/07/2026_Spain vs Austria,02/07/2026_Spain vs Austria_Kurt Camilleri,OK,OK,OK,OK,OK,3,0,3,0,3
,305c0fde-c282-4429-aa09-7e8999cc18ce,46205,Switzerland vs Algeria,Switzerland vs Algeria,Switzerland,Algeria,Tie,1,1,Kurt Camilleri,France,02/07/2026_Switzerland vs Algeria,02/07/2026_Switzerland vs Algeria_Kurt Camilleri,OK,OK,OK,OK,OK,2,0,0,0,0
,fe332a8a-63be-4937-87c6-b2c42b48e827,46206,Argentina vs Cape Verde Islands,Argentina vs Cape Verde Islands,Argentina,Cape Verde Islands,Argentina,2,0,Kurt Camilleri,France,03/07/2026_Argentina vs Cape Verde Islands,03/07/2026_Argentina vs Cape Verde Islands_Kurt Camilleri,OK,OK,OK,OK,OK,1,1,0,0,0
,b7bd0054-98e2-4a58-bbc7-9ab7d17f0127,46206,Colombia vs Ghana,Colombia vs Ghana,Colombia,Ghana,Colombia,1,0,Kurt Camilleri,France,03/07/2026_Colombia vs Ghana,03/07/2026_Colombia vs Ghana_Kurt Camilleri,OK,OK,OK,OK,OK,1,0,3,5,8
,412566fe-f165-41d4-9bd9-30a4410d002c,46206,Australia vs Egypt,Australia vs Egypt,Australia,Egypt,Egypt,0,1,Kurt Camilleri,France,03/07/2026_Australia vs Egypt,03/07/2026_Australia vs Egypt_Kurt Camilleri,OK,OK,OK,OK,OK,1,1,0,0,0
,a3f31867-07db-4c2c-b519-c016a39b8fe2,46207,Canada vs Morocco,Canada vs Morocco,Canada,Morocco,Tie,1,1,Kurt Camilleri,France,04/07/2026_Canada vs Morocco,04/07/2026_Canada vs Morocco_Kurt Camilleri,OK,OK,OK,OK,OK,0,3,0,0,0
,c4e84094-97eb-41e8-8bc3-5f661534dbd9,46207,Paraguay vs France,Paraguay vs France,Paraguay,France,France,1,3,Kurt Camilleri,France,04/07/2026_Paraguay vs France,04/07/2026_Paraguay vs France_Kurt Camilleri,OK,OK,OK,OK,OK,0,1,3,0,3
,055a35dd-ba23-47e4-aafd-ee3edbde6830,46208,Brazil vs Norway,Brazil vs Norway,Brazil,Norway,Brazil,2,1,Kurt Camilleri,France,05/07/2026_Brazil vs Norway,05/07/2026_Brazil vs Norway_Kurt Camilleri,OK,OK,OK,OK,OK,1,2,0,0,0
,e010faa4-5b8b-4ae2-a35b-a26f18e20048,46209,Mexico vs England,Mexico vs England,Mexico,England,Mexico,2,1,Kurt Camilleri,France,06/07/2026_Mexico vs England,06/07/2026_Mexico vs England_Kurt Camilleri,OK,OK,OK,OK,OK,2,3,0,0,0
,a11197f5-7c8b-465f-a391-953240fca151,46209,Portugal vs Spain,Portugal vs Spain,Portugal,Spain,Tie,1,1,Kurt Camilleri,France,06/07/2026_Portugal vs Spain,06/07/2026_Portugal vs Spain_Kurt Camilleri,OK,OK,OK,OK,OK,0,1,0,0,0
,5cf9a520-c882-4ac8-9ec1-c5e891d7f95c,46210,United States vs Belgium,United States vs Belgium,United States,Belgium,Tie,1,1,Kurt Camilleri,France,07/07/2026_United States vs Belgium,07/07/2026_United States vs Belgium_Kurt Camilleri,OK,OK,OK,OK,OK,1,4,0,0,0
,d67a3e88-9e8d-4d79-b9a9-af6b62c51021,46210,Argentina vs Egypt,Argentina vs Egypt,Argentina,Egypt,Argentina,3,1,Kurt Camilleri,France,07/07/2026_Argentina vs Egypt,07/07/2026_Argentina vs Egypt_Kurt Camilleri,OK,OK,OK,OK,OK,3,2,3,0,3
,c246b54a-9896-44a9-844b-be351640686f,46210,Switzerland vs Colombia,Switzerland vs Colombia,Switzerland,Colombia,Colombia,1,2,Kurt Camilleri,France,07/07/2026_Switzerland vs Colombia,07/07/2026_Switzerland vs Colombia_Kurt Camilleri,OK,OK,OK,OK,OK,0,0,0,0,0
,33e7e316-8c5d-49a9-8e03-b0401950a372,46212,France vs Morocco,France vs Morocco,France,Morocco,France,2,1,Kurt Camilleri,France,09/07/2026_France vs Morocco,09/07/2026_France vs Morocco_Kurt Camilleri,OK,OK,OK,OK,OK,2,0,3,0,3
,a742e836-0e75-49d1-9bea-fa0cc2be9824,46213,Spain vs Belgium,Spain vs Belgium,Spain,Belgium,Spain,2,0,Kurt Camilleri,France,10/07/2026_Spain vs Belgium,10/07/2026_Spain vs Belgium_Kurt Camilleri,OK,OK,OK,OK,OK,2,1,3,0,3
,066f4527-515c-47e8-9c6e-2125631762c7,46214,Norway vs England,Norway vs England,Norway,England,Norway,2,1,Kurt Camilleri,France,11/07/2026_Norway vs England,11/07/2026_Norway vs England_Kurt Camilleri,OK,OK,OK,OK,OK,1,1,0,0,0
,f1ded9c7-7ccd-4c92-b881-589009b8434b,46215,Argentina vs Switzerland,Argentina vs Switzerland,Argentina,Switzerland,Argentina,3,0,Kurt Camilleri,France,12/07/2026_Argentina vs Switzerland,12/07/2026_Argentina vs Switzerland_Kurt Camilleri,OK,OK,OK,OK,OK,3,1,3,0,3
,4ac517d8-a2ea-4994-9852-92e1170a87ea,46217,France vs Spain,France vs Spain,France,Spain,France,2,0,Kurt Camilleri,France,14/07/2026_France vs Spain,14/07/2026_France vs Spain_Kurt Camilleri,OK,OK,OK,OK,OK,0,2,0,0,0
,023b9261-8a63-41a4-93c2-9c55129d1b9d,46218,England vs Argentina,England vs Argentina,England,Argentina,Argentina,1,2,Kurt Camilleri,France,15/07/2026_England vs Argentina,15/07/2026_England vs Argentina_Kurt Camilleri,OK,OK,OK,OK,OK,1,2,3,5,8
,3c5c4bec-63a8-4bf1-8dc1-8827f5e57318,46201,South Africa vs Canada,South Africa vs Canada,South Africa,Canada,Canada,1,2,Lianne Zahra,France,28/06/2026_South Africa vs Canada,28/06/2026_South Africa vs Canada_Lianne Zahra,OK,OK,OK,OK,OK,0,1,3,0,3
,884a732b-2317-4791-8e15-10076a9bb336,46202,Germany vs Paraguay,Germany vs Paraguay,Germany,Paraguay,Germany,2,0,Lianne Zahra,France,29/06/2026_Germany vs Paraguay,29/06/2026_Germany vs Paraguay_Lianne Zahra,OK,OK,OK,OK,OK,1,1,0,0,0
,a0902eb7-417a-4907-95a0-7baac65c9061,46202,Netherlands vs Morocco,Netherlands vs Morocco,Netherlands,Morocco,Tie,1,1,Lianne Zahra,France,29/06/2026_Netherlands vs Morocco,29/06/2026_Netherlands vs Morocco_Lianne Zahra,OK,OK,OK,OK,OK,1,1,3,5,8
,17f16ef0-d59b-4932-b448-2e4ac40f6f80,46202,Brazil vs Japan,Brazil vs Japan,Brazil,Japan,Brazil,2,1,Lianne Zahra,France,29/06/2026_Brazil vs Japan,29/06/2026_Brazil vs Japan_Lianne Zahra,OK,OK,OK,OK,OK,2,1,3,5,8
,cbe4ea30-05a2-4df1-87b7-eddb7a0439ee,46203,France vs Sweden,France vs Sweden,France,Sweden,France,3,1,Lianne Zahra,France,30/06/2026_France vs Sweden,30/06/2026_France vs Sweden_Lianne Zahra,OK,OK,OK,OK,OK,3,0,3,0,3
,2aad5549-6aa1-482c-83fa-89f92f19cfdf,46203,Ivory Coast vs Norway,Ivory Coast vs Norway,Ivory Coast,Norway,Norway,1,2,Lianne Zahra,France,30/06/2026_Ivory Coast vs Norway,30/06/2026_Ivory Coast vs Norway_Lianne Zahra,OK,OK,OK,OK,OK,1,2,3,5,8
,7a8b0048-4ae6-4fe5-9fa7-2dec4a8c34e6,46203,Mexico vs Ecuador,Mexico vs Ecuador,Mexico,Ecuador,Tie,1,1,Lianne Zahra,France,30/06/2026_Mexico vs Ecuador,30/06/2026_Mexico vs Ecuador_Lianne Zahra,OK,OK,OK,OK,OK,2,0,0,0,0
,1b5db0f7-4d3d-4b9c-9737-0ff5951b7c3a,46204,England vs Congo DR,England vs Congo DR,England,Congo DR,England,2,0,Lianne Zahra,France,01/07/2026_England vs Congo DR,01/07/2026_England vs Congo DR_Lianne Zahra,OK,OK,OK,OK,OK,2,1,3,0,3
,aae08078-6019-4050-849d-96a2167b6853,46204,United States vs Bosnia-Herzegovina,United States vs Bosnia-Herzegovina,United States,Bosnia-Herzegovina,United States,2,1,Lianne Zahra,France,01/07/2026_United States vs Bosnia-Herzegovina,01/07/2026_United States vs Bosnia-Herzegovina_Lianne Zahra,OK,OK,OK,OK,OK,2,0,3,0,3
,c5790660-11cf-464b-a215-11e8878f5574,46204,Belgium vs Senegal,Belgium vs Senegal,Belgium,Senegal,Tie,1,1,Lianne Zahra,France,01/07/2026_Belgium vs Senegal,01/07/2026_Belgium vs Senegal_Lianne Zahra,OK,OK,OK,OK,OK,2,2,3,0,3
,848249de-746e-49f3-922e-1801d9acaa3a,46205,Portugal vs Croatia,Portugal vs Croatia,Portugal,Croatia,Portugal,2,1,Lianne Zahra,France,02/07/2026_Portugal vs Croatia,02/07/2026_Portugal vs Croatia_Lianne Zahra,OK,OK,OK,OK,OK,2,1,3,5,8
,a7504425-6bbc-4017-a57c-06c6e966fec1,46205,Spain vs Austria,Spain vs Austria,Spain,Austria,Spain,2,1,Lianne Zahra,France,02/07/2026_Spain vs Austria,02/07/2026_Spain vs Austria_Lianne Zahra,OK,OK,OK,OK,OK,3,0,3,0,3
,6b52f5e8-4df7-4b2b-949a-71df9899379b,46205,Switzerland vs Algeria,Switzerland vs Algeria,Switzerland,Algeria,Switzerland,2,1,Lianne Zahra,France,02/07/2026_Switzerland vs Algeria,02/07/2026_Switzerland vs Algeria_Lianne Zahra,OK,OK,OK,OK,OK,2,0,3,0,3
,2e902dae-3879-4287-8172-e1c007f2d48a,46206,Argentina vs Cape Verde Islands,Argentina vs Cape Verde Islands,Argentina,Cape Verde Islands,Argentina,2,0,Lianne Zahra,France,03/07/2026_Argentina vs Cape Verde Islands,03/07/2026_Argentina vs Cape Verde Islands_Lianne Zahra,OK,OK,OK,OK,OK,1,1,0,0,0
,b0958753-6c06-410c-a4f8-1a1c68587d16,46206,Colombia vs Ghana,Colombia vs Ghana,Colombia,Ghana,Colombia,1,0,Lianne Zahra,France,03/07/2026_Colombia vs Ghana,03/07/2026_Colombia vs Ghana_Lianne Zahra,OK,OK,OK,OK,OK,1,0,3,5,8
,17330c2a-d681-41e5-8934-1261ec37660f,46206,Australia vs Egypt,Australia vs Egypt,Australia,Egypt,Egypt,1,2,Lianne Zahra,France,03/07/2026_Australia vs Egypt,03/07/2026_Australia vs Egypt_Lianne Zahra,OK,OK,OK,OK,OK,1,1,0,0,0
,dd71c6c7-132c-4c07-a846-ed553f290606,46207,Canada vs Morocco,Canada vs Morocco,Canada,Morocco,Tie,1,1,Lianne Zahra,France,04/07/2026_Canada vs Morocco,04/07/2026_Canada vs Morocco_Lianne Zahra,OK,OK,OK,OK,OK,0,3,0,0,0
,a706874a-9b16-42be-a47b-e0ab3a11996b,46207,Paraguay vs France,Paraguay vs France,Paraguay,France,France,0,3,Lianne Zahra,France,04/07/2026_Paraguay vs France,04/07/2026_Paraguay vs France_Lianne Zahra,OK,OK,OK,OK,OK,0,1,3,0,3
,270ef32f-8cf9-4f23-828a-64af1f6d7be6,46208,Brazil vs Norway,Brazil vs Norway,Brazil,Norway,Tie,1,1,Lianne Zahra,France,05/07/2026_Brazil vs Norway,05/07/2026_Brazil vs Norway_Lianne Zahra,OK,OK,OK,OK,OK,1,2,0,0,0
,3d2b0448-5b40-432a-9c40-d807d06a20ff,46209,Mexico vs England,Mexico vs England,Mexico,England,Tie,1,1,Lianne Zahra,France,06/07/2026_Mexico vs England,06/07/2026_Mexico vs England_Lianne Zahra,OK,OK,OK,OK,OK,2,3,0,0,0
,4ffa5576-c935-462f-a677-bd1a9d198a3d,46209,Portugal vs Spain,Portugal vs Spain,Portugal,Spain,Spain,1,2,Lianne Zahra,France,06/07/2026_Portugal vs Spain,06/07/2026_Portugal vs Spain_Lianne Zahra,OK,OK,OK,OK,OK,0,1,3,0,3
,504849b2-a499-4ce5-a59d-b3c614ad0c71,46210,United States vs Belgium,United States vs Belgium,United States,Belgium,United States,2,1,Lianne Zahra,France,07/07/2026_United States vs Belgium,07/07/2026_United States vs Belgium_Lianne Zahra,OK,OK,OK,OK,OK,1,4,0,0,0
,85ac3e86-5722-4b63-b957-6916b253eb37,46210,Argentina vs Egypt,Argentina vs Egypt,Argentina,Egypt,Argentina,2,0,Lianne Zahra,France,07/07/2026_Argentina vs Egypt,07/07/2026_Argentina vs Egypt_Lianne Zahra,OK,OK,OK,OK,OK,3,2,3,0,3
,f30308e3-59e6-47ad-bada-4909d166e7be,46210,Switzerland vs Colombia,Switzerland vs Colombia,Switzerland,Colombia,Tie,1,1,Lianne Zahra,France,07/07/2026_Switzerland vs Colombia,07/07/2026_Switzerland vs Colombia_Lianne Zahra,OK,OK,OK,OK,OK,0,0,3,0,3
,e5e28b23-3761-497b-808a-b1d7d0af1339,46212,France vs Morocco,France vs Morocco,France,Morocco,France,2,1,Lianne Zahra,France,09/07/2026_France vs Morocco,09/07/2026_France vs Morocco_Lianne Zahra,OK,OK,OK,OK,OK,2,0,3,0,3
,7b6ebe90-fe9f-4093-b78f-706ba221c59a,46213,Spain vs Belgium,Spain vs Belgium,Spain,Belgium,Spain,1,0,Lianne Zahra,France,10/07/2026_Spain vs Belgium,10/07/2026_Spain vs Belgium_Lianne Zahra,OK,OK,OK,OK,OK,2,1,3,0,3
,4d34dcf2-e901-44f6-8c8e-22d5c250b819,46214,Norway vs England,Norway vs England,Norway,England,Tie,1,1,Lianne Zahra,France,11/07/2026_Norway vs England,11/07/2026_Norway vs England_Lianne Zahra,OK,OK,OK,OK,OK,1,1,3,5,8
,44c510d0-9495-492c-8825-5e1895bffc88,46215,Argentina vs Switzerland,Argentina vs Switzerland,Argentina,Switzerland,Argentina,2,0,Lianne Zahra,France,12/07/2026_Argentina vs Switzerland,12/07/2026_Argentina vs Switzerland_Lianne Zahra,OK,OK,OK,OK,OK,3,1,3,0,3
,80a08b5d-2b20-4fa4-8c98-333fb9614a19,46217,France vs Spain,France vs Spain,France,Spain,France,2,1,Lianne Zahra,France,14/07/2026_France vs Spain,14/07/2026_France vs Spain_Lianne Zahra,OK,OK,OK,OK,OK,0,2,0,0,0
,6fbc3f32-ab9b-4a23-a485-2d7edc5b89be,46218,England vs Argentina,England vs Argentina,England,Argentina,Tie,1,1,Lianne Zahra,France,15/07/2026_England vs Argentina,15/07/2026_England vs Argentina_Lianne Zahra,OK,OK,OK,OK,OK,1,2,0,0,0
,48c897c4-6d16-4d49-9963-018e2e3131f4,46201,South Africa vs Canada,South Africa vs Canada,South Africa,Canada,South Africa,1,0,Marc Micallef,France,28/06/2026_South Africa vs Canada,28/06/2026_South Africa vs Canada_Marc Micallef,OK,OK,OK,OK,OK,0,1,0,0,0
,c286654f-c818-41a3-a839-5aa3c05aef77,46202,Germany vs Paraguay,Germany vs Paraguay,Germany,Paraguay,Germany,4,1,Marc Micallef,France,29/06/2026_Germany vs Paraguay,29/06/2026_Germany vs Paraguay_Marc Micallef,OK,OK,OK,OK,OK,1,1,0,0,0
,8845458f-893a-4400-bae3-bf8103956fd7,46202,Netherlands vs Morocco,Netherlands vs Morocco,Netherlands,Morocco,Netherlands,2,1,Marc Micallef,France,29/06/2026_Netherlands vs Morocco,29/06/2026_Netherlands vs Morocco_Marc Micallef,OK,OK,OK,OK,OK,1,1,0,0,0
,5f1f5559-b6e2-49b8-a5be-c0c44a324c5e,46202,Brazil vs Japan,Brazil vs Japan,Brazil,Japan,Brazil,3,1,Marc Micallef,France,29/06/2026_Brazil vs Japan,29/06/2026_Brazil vs Japan_Marc Micallef,OK,OK,OK,OK,OK,2,1,3,0,3
,7c93e5f8-359d-4c5c-9bb7-ae56cd0d6871,46203,France vs Sweden,France vs Sweden,France,Sweden,France,4,2,Marc Micallef,France,30/06/2026_France vs Sweden,30/06/2026_France vs Sweden_Marc Micallef,OK,OK,OK,OK,OK,3,0,3,0,3
,fc10e207-9c6d-4790-8cf9-b67cdadbc81c,46203,Ivory Coast vs Norway,Ivory Coast vs Norway,Ivory Coast,Norway,Ivory Coast,3,2,Marc Micallef,France,30/06/2026_Ivory Coast vs Norway,30/06/2026_Ivory Coast vs Norway_Marc Micallef,OK,OK,OK,OK,OK,1,2,0,0,0
,98de43a6-4cc7-4fab-b071-d5156a8a285f,46203,Mexico vs Ecuador,Mexico vs Ecuador,Mexico,Ecuador,Mexico,3,1,Marc Micallef,France,30/06/2026_Mexico vs Ecuador,30/06/2026_Mexico vs Ecuador_Marc Micallef,OK,OK,OK,OK,OK,2,0,3,0,3
,0e5738f7-7455-435c-aa4e-67740f6e317d,46204,England vs Congo DR,England vs Congo DR,England,Congo DR,England,3,0,Marc Micallef,France,01/07/2026_England vs Congo DR,01/07/2026_England vs Congo DR_Marc Micallef,OK,OK,OK,OK,OK,2,1,3,0,3
,296d0636-1615-499f-a731-a5b9abda844d,46204,United States vs Bosnia-Herzegovina,United States vs Bosnia-Herzegovina,United States,Bosnia-Herzegovina,United States,2,1,Marc Micallef,France,01/07/2026_United States vs Bosnia-Herzegovina,01/07/2026_United States vs Bosnia-Herzegovina_Marc Micallef,OK,OK,OK,OK,OK,2,0,3,0,3
,c04ed959-6fb5-4806-89d7-5d0838c5dcd6,46204,Belgium vs Senegal,Belgium vs Senegal,Belgium,Senegal,Belgium,3,2,Marc Micallef,France,01/07/2026_Belgium vs Senegal,01/07/2026_Belgium vs Senegal_Marc Micallef,OK,OK,OK,OK,OK,2,2,0,0,0
,c6d6d59f-7d1d-4a3f-aa72-0699d43a75c5,46205,Portugal vs Croatia,Portugal vs Croatia,Portugal,Croatia,Portugal,2,1,Marc Micallef,France,02/07/2026_Portugal vs Croatia,02/07/2026_Portugal vs Croatia_Marc Micallef,OK,OK,OK,OK,OK,2,1,3,5,8
,a87c318f-f315-4e0d-8b46-e822413edd00,46205,Spain vs Austria,Spain vs Austria,Spain,Austria,Spain,3,0,Marc Micallef,France,02/07/2026_Spain vs Austria,02/07/2026_Spain vs Austria_Marc Micallef,OK,OK,OK,OK,OK,3,0,3,5,8
,e333643b-4a1e-4de5-a0bc-4f88a595fb3c,46205,Switzerland vs Algeria,Switzerland vs Algeria,Switzerland,Algeria,Switzerland,3,1,Marc Micallef,France,02/07/2026_Switzerland vs Algeria,02/07/2026_Switzerland vs Algeria_Marc Micallef,OK,OK,OK,OK,OK,2,0,3,0,3
,562e3614-e10c-45e6-ba73-f31c0130f22c,46206,Argentina vs Cape Verde Islands,Argentina vs Cape Verde Islands,Argentina,Cape Verde Islands,Argentina,3,1,Marc Micallef,France,03/07/2026_Argentina vs Cape Verde Islands,03/07/2026_Argentina vs Cape Verde Islands_Marc Micallef,OK,OK,OK,OK,OK,1,1,0,0,0
,7f581cef-f00a-4c28-8d80-0fa5dcab7f57,46206,Colombia vs Ghana,Colombia vs Ghana,Colombia,Ghana,Colombia,1,0,Marc Micallef,France,03/07/2026_Colombia vs Ghana,03/07/2026_Colombia vs Ghana_Marc Micallef,OK,OK,OK,OK,OK,1,0,3,5,8
,4162dec8-2055-4952-a882-558217f7899b,46206,Australia vs Egypt,Australia vs Egypt,Australia,Egypt,Egypt,1,2,Marc Micallef,France,03/07/2026_Australia vs Egypt,03/07/2026_Australia vs Egypt_Marc Micallef,OK,OK,OK,OK,OK,1,1,0,0,0
,8afd94ff-3389-4522-933e-e1e3521fe035,46207,Canada vs Morocco,Canada vs Morocco,Canada,Morocco,Tie,1,1,Marc Micallef,France,04/07/2026_Canada vs Morocco,04/07/2026_Canada vs Morocco_Marc Micallef,OK,OK,OK,OK,OK,0,3,0,0,0
,46648f24-1437-41b7-8fcc-a5c36d88e256,46207,Paraguay vs France,Paraguay vs France,Paraguay,France,France,0,2,Marc Micallef,France,04/07/2026_Paraguay vs France,04/07/2026_Paraguay vs France_Marc Micallef,OK,OK,OK,OK,OK,0,1,3,0,3
,5a45cd70-6e5a-4376-a072-ee492357af18,46208,Brazil vs Norway,Brazil vs Norway,Brazil,Norway,Tie,1,1,Marc Micallef,France,05/07/2026_Brazil vs Norway,05/07/2026_Brazil vs Norway_Marc Micallef,OK,OK,OK,OK,OK,1,2,0,0,0
,2426e531-034e-4882-bb39-c2df3597c912,46209,Mexico vs England,Mexico vs England,Mexico,England,Tie,1,1,Marc Micallef,France,06/07/2026_Mexico vs England,06/07/2026_Mexico vs England_Marc Micallef,OK,OK,OK,OK,OK,2,3,0,0,0
,80441f8e-033c-44af-b68f-9e845b43b947,46209,Portugal vs Spain,Portugal vs Spain,Portugal,Spain,Spain,1,2,Marc Micallef,France,06/07/2026_Portugal vs Spain,06/07/2026_Portugal vs Spain_Marc Micallef,OK,OK,OK,OK,OK,0,1,3,0,3
,6287b06f-9a4b-49c9-83db-c258e8e966cc,46210,United States vs Belgium,United States vs Belgium,United States,Belgium,Tie,1,1,Marc Micallef,France,07/07/2026_United States vs Belgium,07/07/2026_United States vs Belgium_Marc Micallef,OK,OK,OK,OK,OK,1,4,0,0,0
,be9bcd4f-6696-4460-ab12-982b7706276c,46210,Argentina vs Egypt,Argentina vs Egypt,Argentina,Egypt,Argentina,2,1,Marc Micallef,France,07/07/2026_Argentina vs Egypt,07/07/2026_Argentina vs Egypt_Marc Micallef,OK,OK,OK,OK,OK,3,2,3,0,3
,f696fa59-6e97-46f0-b20d-0b147048f3ca,46210,Switzerland vs Colombia,Switzerland vs Colombia,Switzerland,Colombia,Tie,1,1,Marc Micallef,France,07/07/2026_Switzerland vs Colombia,07/07/2026_Switzerland vs Colombia_Marc Micallef,OK,OK,OK,OK,OK,0,0,3,0,3
,078a44d5-dcaa-4a4e-a27b-49624b550a00,46212,France vs Morocco,France vs Morocco,France,Morocco,France,2,1,Marc Micallef,France,09/07/2026_France vs Morocco,09/07/2026_France vs Morocco_Marc Micallef,OK,OK,OK,OK,OK,2,0,3,0,3
,ada4aada-f7a4-46eb-b189-9e58844f772b,46213,Spain vs Belgium,Spain vs Belgium,Spain,Belgium,Spain,2,0,Marc Micallef,France,10/07/2026_Spain vs Belgium,10/07/2026_Spain vs Belgium_Marc Micallef,OK,OK,OK,OK,OK,2,1,3,0,3
,67ce346f-fd4a-4113-811c-bbca34fa0fde,46214,Norway vs England,Norway vs England,Norway,England,England,1,2,Marc Micallef,France,11/07/2026_Norway vs England,11/07/2026_Norway vs England_Marc Micallef,OK,OK,OK,OK,OK,1,1,0,0,0
,1f851a3a-c0dd-4b1d-b974-d112f1ae1b6e,46215,Argentina vs Switzerland,Argentina vs Switzerland,Argentina,Switzerland,Argentina,2,1,Marc Micallef,France,12/07/2026_Argentina vs Switzerland,12/07/2026_Argentina vs Switzerland_Marc Micallef,OK,OK,OK,OK,OK,3,1,3,0,3
,edb2490b-f800-42a5-8fc4-a7a25b4e01a2,46201,South Africa vs Canada,South Africa vs Canada,South Africa,Canada,Canada,1,2,Maria Attard,Argentina,28/06/2026_South Africa vs Canada,28/06/2026_South Africa vs Canada_Maria Attard,OK,OK,OK,OK,OK,0,1,3,0,3
,4b32c8c7-c349-400a-9556-988b314809b4,46202,Germany vs Paraguay,Germany vs Paraguay,Germany,Paraguay,Germany,3,1,Maria Attard,Argentina,29/06/2026_Germany vs Paraguay,29/06/2026_Germany vs Paraguay_Maria Attard,OK,OK,OK,OK,OK,1,1,0,0,0
,18e0a556-becc-4f67-b48c-660de4c13ee9,46202,Netherlands vs Morocco,Netherlands vs Morocco,Netherlands,Morocco,Netherlands,2,0,Maria Attard,Argentina,29/06/2026_Netherlands vs Morocco,29/06/2026_Netherlands vs Morocco_Maria Attard,OK,OK,OK,OK,OK,1,1,0,0,0
,04c79bd7-6fd6-40ed-a857-80334cd161d1,46202,Brazil vs Japan,Brazil vs Japan,Brazil,Japan,Brazil,2,0,Maria Attard,Argentina,29/06/2026_Brazil vs Japan,29/06/2026_Brazil vs Japan_Maria Attard,OK,OK,OK,OK,OK,2,1,3,0,3
,2fdcd134-b3f2-4e09-b957-574b4c287e85,46203,France vs Sweden,France vs Sweden,France,Sweden,France,3,1,Maria Attard,Argentina,30/06/2026_France vs Sweden,30/06/2026_France vs Sweden_Maria Attard,OK,OK,OK,OK,OK,3,0,3,0,3
,971b23a8-7103-49a6-a015-be818cfc0ebd,46203,Ivory Coast vs Norway,Ivory Coast vs Norway,Ivory Coast,Norway,Ivory Coast,2,1,Maria Attard,Argentina,30/06/2026_Ivory Coast vs Norway,30/06/2026_Ivory Coast vs Norway_Maria Attard,OK,OK,OK,OK,OK,1,2,0,0,0
,fb1b3070-abe7-432b-976b-2e4d17460a00,46203,Mexico vs Ecuador,Mexico vs Ecuador,Mexico,Ecuador,Mexico,2,1,Maria Attard,Argentina,30/06/2026_Mexico vs Ecuador,30/06/2026_Mexico vs Ecuador_Maria Attard,OK,OK,OK,OK,OK,2,0,3,0,3
,039025b4-813b-467f-8eee-91adca7c4d07,46204,England vs Congo DR,England vs Congo DR,England,Congo DR,England,3,0,Maria Attard,Argentina,01/07/2026_England vs Congo DR,01/07/2026_England vs Congo DR_Maria Attard,OK,OK,OK,OK,OK,2,1,3,0,3
,8babf122-47b8-43b5-879e-388ce77197e3,46204,United States vs Bosnia-Herzegovina,United States vs Bosnia-Herzegovina,United States,Bosnia-Herzegovina,United States,2,1,Maria Attard,Argentina,01/07/2026_United States vs Bosnia-Herzegovina,01/07/2026_United States vs Bosnia-Herzegovina_Maria Attard,OK,OK,OK,OK,OK,2,0,3,0,3
,a5578e20-c647-425a-8504-1fd90a0d4bf9,46204,Belgium vs Senegal,Belgium vs Senegal,Belgium,Senegal,Belgium,2,0,Maria Attard,Argentina,01/07/2026_Belgium vs Senegal,01/07/2026_Belgium vs Senegal_Maria Attard,OK,OK,OK,OK,OK,2,2,0,0,0
,31cab649-d019-43a8-8b3c-2b48b0ea5df4,46205,Portugal vs Croatia,Portugal vs Croatia,Portugal,Croatia,Portugal,2,1,Maria Attard,Argentina,02/07/2026_Portugal vs Croatia,02/07/2026_Portugal vs Croatia_Maria Attard,OK,OK,OK,OK,OK,2,1,3,5,8
,b50de257-d232-4ef4-826c-5a4c6df1ab95,46205,Spain vs Austria,Spain vs Austria,Spain,Austria,Spain,3,1,Maria Attard,Argentina,02/07/2026_Spain vs Austria,02/07/2026_Spain vs Austria_Maria Attard,OK,OK,OK,OK,OK,3,0,3,0,3
,d27f7bc4-4ba1-40fe-874c-4acf9b7c3191,46205,Switzerland vs Algeria,Switzerland vs Algeria,Switzerland,Algeria,Switzerland,2,0,Maria Attard,Argentina,02/07/2026_Switzerland vs Algeria,02/07/2026_Switzerland vs Algeria_Maria Attard,OK,OK,OK,OK,OK,2,0,3,5,8
,0586c743-a66a-4db7-bd76-ff045bf881a6,46206,Argentina vs Cape Verde Islands,Argentina vs Cape Verde Islands,Argentina,Cape Verde Islands,Argentina,3,1,Maria Attard,Argentina,03/07/2026_Argentina vs Cape Verde Islands,03/07/2026_Argentina vs Cape Verde Islands_Maria Attard,OK,OK,OK,OK,OK,1,1,0,0,0
,2cfdb7dc-b54c-45a3-9c65-9b3cea0eaca0,46206,Colombia vs Ghana,Colombia vs Ghana,Colombia,Ghana,Colombia,2,0,Maria Attard,Argentina,03/07/2026_Colombia vs Ghana,03/07/2026_Colombia vs Ghana_Maria Attard,OK,OK,OK,OK,OK,1,0,3,0,3
,e7c75fb5-70dd-42b8-ba96-1262c5125305,46206,Australia vs Egypt,Australia vs Egypt,Australia,Egypt,Australia,2,1,Maria Attard,Argentina,03/07/2026_Australia vs Egypt,03/07/2026_Australia vs Egypt_Maria Attard,OK,OK,OK,OK,OK,1,1,0,0,0
,08a86577-8e2c-4d7b-bd34-c07f06e1c067,46207,Canada vs Morocco,Canada vs Morocco,Canada,Morocco,Canada,2,1,Maria Attard,Argentina,04/07/2026_Canada vs Morocco,04/07/2026_Canada vs Morocco_Maria Attard,OK,OK,OK,OK,OK,0,3,0,0,0
,4fe64e95-39f2-4cca-83d4-592addf22a94,46207,Paraguay vs France,Paraguay vs France,Paraguay,France,France,1,2,Maria Attard,Argentina,04/07/2026_Paraguay vs France,04/07/2026_Paraguay vs France_Maria Attard,OK,OK,OK,OK,OK,0,1,3,0,3
,312f7ec2-91aa-48fd-ba33-c6412eb18147,46208,Brazil vs Norway,Brazil vs Norway,Brazil,Norway,Brazil,2,0,Maria Attard,Argentina,05/07/2026_Brazil vs Norway,05/07/2026_Brazil vs Norway_Maria Attard,OK,OK,OK,OK,OK,1,2,0,0,0
,16149016-ace7-4a3d-a3e5-4f7029b9cb3c,46209,Mexico vs England,Mexico vs England,Mexico,England,England,1,2,Maria Attard,Argentina,06/07/2026_Mexico vs England,06/07/2026_Mexico vs England_Maria Attard,OK,OK,OK,OK,OK,2,3,3,0,3
,c2cb40f3-2c36-4227-bebb-aca71712a689,46209,Portugal vs Spain,Portugal vs Spain,Portugal,Spain,Tie,1,1,Maria Attard,Argentina,06/07/2026_Portugal vs Spain,06/07/2026_Portugal vs Spain_Maria Attard,OK,OK,OK,OK,OK,0,1,0,0,0
,4b70e895-660d-4ce1-8f1a-fafe4acb99c0,46210,United States vs Belgium,United States vs Belgium,United States,Belgium,Belgium,1,2,Maria Attard,Argentina,07/07/2026_United States vs Belgium,07/07/2026_United States vs Belgium_Maria Attard,OK,OK,OK,OK,OK,1,4,3,0,3
,ecb804fe-1808-43ef-b4be-24af7ac52613,46210,Argentina vs Egypt,Argentina vs Egypt,Argentina,Egypt,Argentina,3,0,Maria Attard,Argentina,07/07/2026_Argentina vs Egypt,07/07/2026_Argentina vs Egypt_Maria Attard,OK,OK,OK,OK,OK,3,2,3,0,3
,f7586ddd-6e3a-4945-b67f-2fc8ea40455b,46210,Switzerland vs Colombia,Switzerland vs Colombia,Switzerland,Colombia,Colombia,1,2,Maria Attard,Argentina,07/07/2026_Switzerland vs Colombia,07/07/2026_Switzerland vs Colombia_Maria Attard,OK,OK,OK,OK,OK,0,0,0,0,0
,bcf2637f-2d72-4daa-9964-acf641398db8,46212,France vs Morocco,France vs Morocco,France,Morocco,France,2,1,Maria Attard,Argentina,09/07/2026_France vs Morocco,09/07/2026_France vs Morocco_Maria Attard,OK,OK,OK,OK,OK,2,0,3,0,3
,b4a0b9c4-b00a-4b51-b34a-ec9f7ba44f89,46213,Spain vs Belgium,Spain vs Belgium,Spain,Belgium,Spain,2,1,Maria Attard,Argentina,10/07/2026_Spain vs Belgium,10/07/2026_Spain vs Belgium_Maria Attard,OK,OK,OK,OK,OK,2,1,3,5,8
,a3f023b7-26cb-4802-ab19-66f0f96ad8b6,46214,Norway vs England,Norway vs England,Norway,England,England,1,2,Maria Attard,Argentina,11/07/2026_Norway vs England,11/07/2026_Norway vs England_Maria Attard,OK,OK,OK,OK,OK,1,1,0,0,0
,999b5cc7-3452-42af-90ba-b59d0f4fdfb1,46215,Argentina vs Switzerland,Argentina vs Switzerland,Argentina,Switzerland,Argentina,2,1,Maria Attard,Argentina,12/07/2026_Argentina vs Switzerland,12/07/2026_Argentina vs Switzerland_Maria Attard,OK,OK,OK,OK,OK,3,1,3,0,3
,709bc691-1862-4400-95c9-8537e08aa3f5,46201,South Africa vs Canada,South Africa vs Canada,South Africa,Canada,South Africa,2,1,Maria Xuereb,France,28/06/2026_South Africa vs Canada,28/06/2026_South Africa vs Canada_Maria Xuereb,OK,OK,OK,OK,OK,0,1,0,0,0
,bb611fed-4941-4fef-9d81-c75552f558fa,46202,Germany vs Paraguay,Germany vs Paraguay,Germany,Paraguay,Germany,3,0,Maria Xuereb,France,29/06/2026_Germany vs Paraguay,29/06/2026_Germany vs Paraguay_Maria Xuereb,OK,OK,OK,OK,OK,1,1,0,0,0
,d3fd313b-19f4-4b45-92f1-076a9b466d66,46202,Netherlands vs Morocco,Netherlands vs Morocco,Netherlands,Morocco,Morocco,1,2,Maria Xuereb,France,29/06/2026_Netherlands vs Morocco,29/06/2026_Netherlands vs Morocco_Maria Xuereb,OK,OK,OK,OK,OK,1,1,0,0,0
,5af2e006-8331-4c33-90c7-500a25963729,46202,Brazil vs Japan,Brazil vs Japan,Brazil,Japan,Japan,1,2,Maria Xuereb,France,29/06/2026_Brazil vs Japan,29/06/2026_Brazil vs Japan_Maria Xuereb,OK,OK,OK,OK,OK,2,1,0,0,0
,e94ec8ad-61a2-4101-bb7c-91e144f5b1bb,46203,France vs Sweden,France vs Sweden,France,Sweden,France,2,0,Maria Xuereb,France,30/06/2026_France vs Sweden,30/06/2026_France vs Sweden_Maria Xuereb,OK,OK,OK,OK,OK,3,0,3,0,3
,b1e6f017-2b64-41a4-915e-a770f998765a,46203,Ivory Coast vs Norway,Ivory Coast vs Norway,Ivory Coast,Norway,Norway,0,1,Maria Xuereb,France,30/06/2026_Ivory Coast vs Norway,30/06/2026_Ivory Coast vs Norway_Maria Xuereb,OK,OK,OK,OK,OK,1,2,3,0,3
,eb01ed98-2544-44f3-aab4-0b0194ee9d26,46203,Mexico vs Ecuador,Mexico vs Ecuador,Mexico,Ecuador,Mexico,2,0,Maria Xuereb,France,30/06/2026_Mexico vs Ecuador,30/06/2026_Mexico vs Ecuador_Maria Xuereb,OK,OK,OK,OK,OK,2,0,3,5,8
,6fb42ba7-968d-4cf0-910a-d1526316ab16,46204,England vs Congo DR,England vs Congo DR,England,Congo DR,England,2,0,Maria Xuereb,France,01/07/2026_England vs Congo DR,01/07/2026_England vs Congo DR_Maria Xuereb,OK,OK,OK,OK,OK,2,1,3,0,3
,c80e2571-8f44-4671-a227-5a41fef9be30,46204,United States vs Bosnia-Herzegovina,United States vs Bosnia-Herzegovina,United States,Bosnia-Herzegovina,United States,1,0,Maria Xuereb,France,01/07/2026_United States vs Bosnia-Herzegovina,01/07/2026_United States vs Bosnia-Herzegovina_Maria Xuereb,OK,OK,OK,OK,OK,2,0,3,0,3
,08a609c5-d904-405e-860b-7e6de8381d84,46204,Belgium vs Senegal,Belgium vs Senegal,Belgium,Senegal,Belgium,1,0,Maria Xuereb,France,01/07/2026_Belgium vs Senegal,01/07/2026_Belgium vs Senegal_Maria Xuereb,OK,OK,OK,OK,OK,2,2,0,0,0
,8d1c9d6d-76e4-498f-8510-db71e92876cf,46205,Portugal vs Croatia,Portugal vs Croatia,Portugal,Croatia,Portugal,2,1,Maria Xuereb,France,02/07/2026_Portugal vs Croatia,02/07/2026_Portugal vs Croatia_Maria Xuereb,OK,OK,OK,OK,OK,2,1,3,5,8
,67659e07-b1d3-48d4-bb9a-d69a71254812,46205,Spain vs Austria,Spain vs Austria,Spain,Austria,Spain,3,1,Maria Xuereb,France,02/07/2026_Spain vs Austria,02/07/2026_Spain vs Austria_Maria Xuereb,OK,OK,OK,OK,OK,3,0,3,0,3
,43829bce-775f-4595-9269-e52a1c36279a,46205,Switzerland vs Algeria,Switzerland vs Algeria,Switzerland,Algeria,Switzerland,3,0,Maria Xuereb,France,02/07/2026_Switzerland vs Algeria,02/07/2026_Switzerland vs Algeria_Maria Xuereb,OK,OK,OK,OK,OK,2,0,3,0,3
,46fcca48-c952-4c53-9d89-dbb6ac7cc500,46206,Argentina vs Cape Verde Islands,Argentina vs Cape Verde Islands,Argentina,Cape Verde Islands,Argentina,1,0,Maria Xuereb,France,03/07/2026_Argentina vs Cape Verde Islands,03/07/2026_Argentina vs Cape Verde Islands_Maria Xuereb,OK,OK,OK,OK,OK,1,1,0,0,0
,ac2f8438-f771-4724-a622-245c2fc4481e,46206,Colombia vs Ghana,Colombia vs Ghana,Colombia,Ghana,Colombia,1,0,Maria Xuereb,France,03/07/2026_Colombia vs Ghana,03/07/2026_Colombia vs Ghana_Maria Xuereb,OK,OK,OK,OK,OK,1,0,3,5,8
,d802f031-c685-4e6c-91be-f609ef2d37f5,46206,Australia vs Egypt,Australia vs Egypt,Australia,Egypt,Egypt,0,1,Maria Xuereb,France,03/07/2026_Australia vs Egypt,03/07/2026_Australia vs Egypt_Maria Xuereb,OK,OK,OK,OK,OK,1,1,0,0,0
,cff909ce-76c8-4e68-940a-f27fc8b2e869,46207,Canada vs Morocco,Canada vs Morocco,Canada,Morocco,Morocco,0,1,Maria Xuereb,France,04/07/2026_Canada vs Morocco,04/07/2026_Canada vs Morocco_Maria Xuereb,OK,OK,OK,OK,OK,0,3,3,0,3
,3e334b16-0f8d-4948-a83f-570abf9d02d6,46207,Paraguay vs France,Paraguay vs France,Paraguay,France,France,0,3,Maria Xuereb,France,04/07/2026_Paraguay vs France,04/07/2026_Paraguay vs France_Maria Xuereb,OK,OK,OK,OK,OK,0,1,3,0,3
,24ca5f66-277a-40d5-abdd-c8152563d5a1,46208,Brazil vs Norway,Brazil vs Norway,Brazil,Norway,Norway,1,2,Maria Xuereb,France,05/07/2026_Brazil vs Norway,05/07/2026_Brazil vs Norway_Maria Xuereb,OK,OK,OK,OK,OK,1,2,3,5,8
,0422907a-4851-453f-9660-9bb371156b68,46209,Mexico vs England,Mexico vs England,Mexico,England,England,1,2,Maria Xuereb,France,06/07/2026_Mexico vs England,06/07/2026_Mexico vs England_Maria Xuereb,OK,OK,OK,OK,OK,2,3,3,0,3
,801c96fe-e51b-4e27-a92d-f51555ef58a1,46209,Portugal vs Spain,Portugal vs Spain,Portugal,Spain,Spain,1,2,Maria Xuereb,France,06/07/2026_Portugal vs Spain,06/07/2026_Portugal vs Spain_Maria Xuereb,OK,OK,OK,OK,OK,0,1,3,0,3
,0d2d291d-79f9-4128-a421-694b8abd2240,46210,United States vs Belgium,United States vs Belgium,United States,Belgium,Tie,1,1,Maria Xuereb,France,07/07/2026_United States vs Belgium,07/07/2026_United States vs Belgium_Maria Xuereb,OK,OK,OK,OK,OK,1,4,0,0,0
,ab3ac276-5c7f-45cb-895f-0259999e3c1c,46210,Argentina vs Egypt,Argentina vs Egypt,Argentina,Egypt,Argentina,2,1,Maria Xuereb,France,07/07/2026_Argentina vs Egypt,07/07/2026_Argentina vs Egypt_Maria Xuereb,OK,OK,OK,OK,OK,3,2,3,0,3
,bd7e08b7-d176-45db-aabd-db22de2b6aab,46210,Switzerland vs Colombia,Switzerland vs Colombia,Switzerland,Colombia,Switzerland,2,1,Maria Xuereb,France,07/07/2026_Switzerland vs Colombia,07/07/2026_Switzerland vs Colombia_Maria Xuereb,OK,OK,OK,OK,OK,0,0,0,0,0
,8ae14fff-46ec-4776-8a63-7bfc874364cb,46212,France vs Morocco,France vs Morocco,France,Morocco,France,2,1,Maria Xuereb,France,09/07/2026_France vs Morocco,09/07/2026_France vs Morocco_Maria Xuereb,OK,OK,OK,OK,OK,2,0,3,0,3
,f4d42114-e224-4969-9428-a3c0e43d8ff8,46213,Spain vs Belgium,Spain vs Belgium,Spain,Belgium,Spain,1,0,Maria Xuereb,France,10/07/2026_Spain vs Belgium,10/07/2026_Spain vs Belgium_Maria Xuereb,OK,OK,OK,OK,OK,2,1,3,0,3
,55e7b2b8-be6c-4bdf-9462-27ec121f89bf,46214,Norway vs England,Norway vs England,Norway,England,England,1,2,Maria Xuereb,France,11/07/2026_Norway vs England,11/07/2026_Norway vs England_Maria Xuereb,OK,OK,OK,OK,OK,1,1,0,0,0
,0f3152ca-2fdc-4eb3-bb25-46e7abb4cd9a,46215,Argentina vs Switzerland,Argentina vs Switzerland,Argentina,Switzerland,Tie,0,0,Maria Xuereb,France,12/07/2026_Argentina vs Switzerland,12/07/2026_Argentina vs Switzerland_Maria Xuereb,OK,OK,OK,OK,OK,3,1,0,0,0
,25451a83-fddb-433f-b0b4-f3b77faf5185,46217,France vs Spain,France vs Spain,France,Spain,France,2,1,Maria Xuereb,France,14/07/2026_France vs Spain,14/07/2026_France vs Spain_Maria Xuereb,OK,OK,OK,OK,OK,0,2,0,0,0
,bdba606e-e164-4db3-a37b-62484e2f0589,46218,England vs Argentina,England vs Argentina,England,Argentina,England,2,1,Maria Xuereb,France,15/07/2026_England vs Argentina,15/07/2026_England vs Argentina_Maria Xuereb,OK,OK,OK,OK,OK,1,2,0,0,0
,d63325ad-270e-43de-97f2-32fcfbdc211a,46201,South Africa vs Canada,South Africa vs Canada,South Africa,Canada,Tie,1,1,Marija Cini Portelli,England,28/06/2026_South Africa vs Canada,28/06/2026_South Africa vs Canada_Marija Cini Portelli,OK,OK,OK,OK,OK,0,1,0,0,0
,ad1dda4f-99a0-4e3a-baf8-c806060a115c,46202,Germany vs Paraguay,Germany vs Paraguay,Germany,Paraguay,Germany,2,0,Marija Cini Portelli,England,29/06/2026_Germany vs Paraguay,29/06/2026_Germany vs Paraguay_Marija Cini Portelli,OK,OK,OK,OK,OK,1,1,0,0,0
,314ad4e1-22d2-4015-a92e-5fea7bcb01b3,46202,Netherlands vs Morocco,Netherlands vs Morocco,Netherlands,Morocco,Tie,1,1,Marija Cini Portelli,England,29/06/2026_Netherlands vs Morocco,29/06/2026_Netherlands vs Morocco_Marija Cini Portelli,OK,OK,OK,OK,OK,1,1,3,5,8
,b9efe6c7-645a-4a25-846f-f163980ee774,46202,Brazil vs Japan,Brazil vs Japan,Brazil,Japan,Brazil,2,1,Marija Cini Portelli,England,29/06/2026_Brazil vs Japan,29/06/2026_Brazil vs Japan_Marija Cini Portelli,OK,OK,OK,OK,OK,2,1,3,5,8
,a48e988e-8424-4ff5-8adf-77a15f163853,46203,France vs Sweden,France vs Sweden,France,Sweden,France,3,0,Marija Cini Portelli,England,30/06/2026_France vs Sweden,30/06/2026_France vs Sweden_Marija Cini Portelli,OK,OK,OK,OK,OK,3,0,3,5,8
,9b82c0d8-83b0-483f-a759-2f4d02c06cc2,46203,Ivory Coast vs Norway,Ivory Coast vs Norway,Ivory Coast,Norway,Norway,1,2,Marija Cini Portelli,England,30/06/2026_Ivory Coast vs Norway,30/06/2026_Ivory Coast vs Norway_Marija Cini Portelli,OK,OK,OK,OK,OK,1,2,3,5,8
,7f313268-decf-42ea-93f4-14a4ede92731,46203,Mexico vs Ecuador,Mexico vs Ecuador,Mexico,Ecuador,Tie,2,2,Marija Cini Portelli,England,30/06/2026_Mexico vs Ecuador,30/06/2026_Mexico vs Ecuador_Marija Cini Portelli,OK,OK,OK,OK,OK,2,0,0,0,0
,f40cec35-2d7b-4ed7-9740-3c664fa93e3c,46204,England vs Congo DR,England vs Congo DR,England,Congo DR,England,3,0,Marija Cini Portelli,England,01/07/2026_England vs Congo DR,01/07/2026_England vs Congo DR_Marija Cini Portelli,OK,OK,OK,OK,OK,2,1,3,0,3
,13006ef4-3345-42c6-8bd5-313535023b94,46204,United States vs Bosnia-Herzegovina,United States vs Bosnia-Herzegovina,United States,Bosnia-Herzegovina,United States,2,0,Marija Cini Portelli,England,01/07/2026_United States vs Bosnia-Herzegovina,01/07/2026_United States vs Bosnia-Herzegovina_Marija Cini Portelli,OK,OK,OK,OK,OK,2,0,3,5,8
,0df1feca-09d8-46ee-9357-6b63f13980b2,46204,Belgium vs Senegal,Belgium vs Senegal,Belgium,Senegal,Tie,1,1,Marija Cini Portelli,England,01/07/2026_Belgium vs Senegal,01/07/2026_Belgium vs Senegal_Marija Cini Portelli,OK,OK,OK,OK,OK,2,2,3,0,3
,5ecad43a-dd18-4c94-95d8-98849bf527f8,46205,Portugal vs Croatia,Portugal vs Croatia,Portugal,Croatia,Portugal,2,1,Marija Cini Portelli,England,02/07/2026_Portugal vs Croatia,02/07/2026_Portugal vs Croatia_Marija Cini Portelli,OK,OK,OK,OK,OK,2,1,3,5,8
,016b48f0-79da-4b4c-ad6f-767b0c72ef54,46205,Spain vs Austria,Spain vs Austria,Spain,Austria,Spain,3,0,Marija Cini Portelli,England,02/07/2026_Spain vs Austria,02/07/2026_Spain vs Austria_Marija Cini Portelli,OK,OK,OK,OK,OK,3,0,3,5,8
,5cf17645-f97f-4035-a9db-07f3c4b11c31,46205,Switzerland vs Algeria,Switzerland vs Algeria,Switzerland,Algeria,Switzerland,2,1,Marija Cini Portelli,England,02/07/2026_Switzerland vs Algeria,02/07/2026_Switzerland vs Algeria_Marija Cini Portelli,OK,OK,OK,OK,OK,2,0,3,0,3
,9c24fa2c-5511-4891-847c-2ec37c23b7a1,46206,Argentina vs Cape Verde Islands,Argentina vs Cape Verde Islands,Argentina,Cape Verde Islands,Argentina,3,0,Marija Cini Portelli,England,03/07/2026_Argentina vs Cape Verde Islands,03/07/2026_Argentina vs Cape Verde Islands_Marija Cini Portelli,OK,OK,OK,OK,OK,1,1,0,0,0
,28b4e65c-1323-4afd-a971-69b02bf6325d,46206,Colombia vs Ghana,Colombia vs Ghana,Colombia,Ghana,Colombia,2,0,Marija Cini Portelli,England,03/07/2026_Colombia vs Ghana,03/07/2026_Colombia vs Ghana_Marija Cini Portelli,OK,OK,OK,OK,OK,1,0,3,0,3
,0fb9be8c-7573-4a47-a0c1-ee2a049ecef5,46206,Australia vs Egypt,Australia vs Egypt,Australia,Egypt,Tie,1,1,Marija Cini Portelli,England,03/07/2026_Australia vs Egypt,03/07/2026_Australia vs Egypt_Marija Cini Portelli,OK,OK,OK,OK,OK,1,1,3,5,8
,457a8870-1a35-4b17-9cda-cc9405938bac,46207,Canada vs Morocco,Canada vs Morocco,Canada,Morocco,Morocco,1,2,Marija Cini Portelli,England,04/07/2026_Canada vs Morocco,04/07/2026_Canada vs Morocco_Marija Cini Portelli,OK,OK,OK,OK,OK,0,3,3,0,3
,f9c1d786-d7fc-48fa-a4df-7cb8c100906f,46207,Paraguay vs France,Paraguay vs France,Paraguay,France,France,0,3,Marija Cini Portelli,England,04/07/2026_Paraguay vs France,04/07/2026_Paraguay vs France_Marija Cini Portelli,OK,OK,OK,OK,OK,0,1,3,0,3
,e77a79a4-9261-4511-87cc-0a5c1b55bfcf,46208,Brazil vs Norway,Brazil vs Norway,Brazil,Norway,Brazil,2,1,Marija Cini Portelli,England,05/07/2026_Brazil vs Norway,05/07/2026_Brazil vs Norway_Marija Cini Portelli,OK,OK,OK,OK,OK,1,2,0,0,0
,07dc694d-1975-4374-ae1f-139d5f64d52c,46209,Mexico vs England,Mexico vs England,Mexico,England,England,1,2,Marija Cini Portelli,England,06/07/2026_Mexico vs England,06/07/2026_Mexico vs England_Marija Cini Portelli,OK,OK,OK,OK,OK,2,3,3,0,3
,b6eacf7a-f0eb-4ef0-9d2d-b886b5efce79,46209,Portugal vs Spain,Portugal vs Spain,Portugal,Spain,Spain,1,2,Marija Cini Portelli,England,06/07/2026_Portugal vs Spain,06/07/2026_Portugal vs Spain_Marija Cini Portelli,OK,OK,OK,OK,OK,0,1,3,0,3
,9fdabd4b-e472-413f-850f-d731ac797505,46210,United States vs Belgium,United States vs Belgium,United States,Belgium,Tie,1,1,Marija Cini Portelli,England,07/07/2026_United States vs Belgium,07/07/2026_United States vs Belgium_Marija Cini Portelli,OK,OK,OK,OK,OK,1,4,0,0,0
,3d690f9f-926f-41e0-9512-ed6e216e6297,46210,Argentina vs Egypt,Argentina vs Egypt,Argentina,Egypt,Argentina,2,0,Marija Cini Portelli,England,07/07/2026_Argentina vs Egypt,07/07/2026_Argentina vs Egypt_Marija Cini Portelli,OK,OK,OK,OK,OK,3,2,3,0,3
,532cef9a-8567-49e4-bed2-8379b7e1e1bf,46210,Switzerland vs Colombia,Switzerland vs Colombia,Switzerland,Colombia,Colombia,1,2,Marija Cini Portelli,England,07/07/2026_Switzerland vs Colombia,07/07/2026_Switzerland vs Colombia_Marija Cini Portelli,OK,OK,OK,OK,OK,0,0,0,0,0
,01edb4c8-6911-480d-8dd4-07f42f819f82,46212,France vs Morocco,France vs Morocco,France,Morocco,France,2,0,Marija Cini Portelli,England,09/07/2026_France vs Morocco,09/07/2026_France vs Morocco_Marija Cini Portelli,OK,OK,OK,OK,OK,2,0,3,5,8
,4f436a3a-b6ed-45e3-b072-448d2ab069a9,46213,Spain vs Belgium,Spain vs Belgium,Spain,Belgium,Spain,2,0,Marija Cini Portelli,England,10/07/2026_Spain vs Belgium,10/07/2026_Spain vs Belgium_Marija Cini Portelli,OK,OK,OK,OK,OK,2,1,3,0,3
,8019f999-6b77-4d91-b8a1-7978c1472b43,46214,Norway vs England,Norway vs England,Norway,England,England,1,2,Marija Cini Portelli,England,11/07/2026_Norway vs England,11/07/2026_Norway vs England_Marija Cini Portelli,OK,OK,OK,OK,OK,1,1,0,0,0
,034cc5a1-0676-470e-a77d-d3dd734c4ac3,46215,Argentina vs Switzerland,Argentina vs Switzerland,Argentina,Switzerland,Argentina,2,1,Marija Cini Portelli,England,12/07/2026_Argentina vs Switzerland,12/07/2026_Argentina vs Switzerland_Marija Cini Portelli,OK,OK,OK,OK,OK,3,1,3,0,3
,f1018f82-7e67-41d9-ba9b-5011c023b646,46217,France vs Spain,France vs Spain,France,Spain,Tie,1,1,Marija Cini Portelli,England,14/07/2026_France vs Spain,14/07/2026_France vs Spain_Marija Cini Portelli,OK,OK,OK,OK,OK,0,2,0,0,0
,c8d7ecfd-577f-4de9-81f6-18076730397c,46218,England vs Argentina,England vs Argentina,England,Argentina,England,2,1,Marija Cini Portelli,England,15/07/2026_England vs Argentina,15/07/2026_England vs Argentina_Marija Cini Portelli,OK,OK,OK,OK,OK,1,2,0,0,0
,e7d6bd1f-64bc-4b8b-a67a-74bd852eacfe,46201,South Africa vs Canada,South Africa vs Canada,South Africa,Canada,South Africa,1,0,Mario Garavaglia,Portugal,28/06/2026_South Africa vs Canada,28/06/2026_South Africa vs Canada_Mario Garavaglia,OK,OK,OK,OK,OK,0,1,0,0,0
,e54444d6-7184-4fef-99b7-8e81174f2ea4,46202,Germany vs Paraguay,Germany vs Paraguay,Germany,Paraguay,Germany,2,0,Mario Garavaglia,Portugal,29/06/2026_Germany vs Paraguay,29/06/2026_Germany vs Paraguay_Mario Garavaglia,OK,OK,OK,OK,OK,1,1,0,0,0
,ed2076d8-86f0-48bf-8caf-6c60751c3d0c,46202,Netherlands vs Morocco,Netherlands vs Morocco,Netherlands,Morocco,Netherlands,3,0,Mario Garavaglia,Portugal,29/06/2026_Netherlands vs Morocco,29/06/2026_Netherlands vs Morocco_Mario Garavaglia,OK,OK,OK,OK,OK,1,1,0,0,0
,9e3df93c-84a3-4de9-b071-89add387481a,46202,Brazil vs Japan,Brazil vs Japan,Brazil,Japan,Brazil,2,0,Mario Garavaglia,Portugal,29/06/2026_Brazil vs Japan,29/06/2026_Brazil vs Japan_Mario Garavaglia,OK,OK,OK,OK,OK,2,1,3,0,3
,d342eee8-6944-4e73-8216-2149d9079fb7,46203,France vs Sweden,France vs Sweden,France,Sweden,France,2,0,Mario Garavaglia,Portugal,30/06/2026_France vs Sweden,30/06/2026_France vs Sweden_Mario Garavaglia,OK,OK,OK,OK,OK,3,0,3,0,3
,7428abb2-bea7-4932-b659-ca524b1e919b,46203,Ivory Coast vs Norway,Ivory Coast vs Norway,Ivory Coast,Norway,Tie,0,0,Mario Garavaglia,Portugal,30/06/2026_Ivory Coast vs Norway,30/06/2026_Ivory Coast vs Norway_Mario Garavaglia,OK,OK,OK,OK,OK,1,2,0,0,0
,e40070c7-5b19-43ca-8924-d38461939f0d,46203,Mexico vs Ecuador,Mexico vs Ecuador,Mexico,Ecuador,Mexico,2,0,Mario Garavaglia,Portugal,30/06/2026_Mexico vs Ecuador,30/06/2026_Mexico vs Ecuador_Mario Garavaglia,OK,OK,OK,OK,OK,2,0,3,5,8
,13fe0129-72ca-4c89-ab7c-1b778edc74a6,46204,England vs Congo DR,England vs Congo DR,England,Congo DR,England,4,1,Mario Garavaglia,Portugal,01/07/2026_England vs Congo DR,01/07/2026_England vs Congo DR_Mario Garavaglia,OK,OK,OK,OK,OK,2,1,3,0,3
,c86ce6fe-3c45-4afb-ba66-1d715e49deb1,46204,United States vs Bosnia-Herzegovina,United States vs Bosnia-Herzegovina,United States,Bosnia-Herzegovina,United States,2,0,Mario Garavaglia,Portugal,01/07/2026_United States vs Bosnia-Herzegovina,01/07/2026_United States vs Bosnia-Herzegovina_Mario Garavaglia,OK,OK,OK,OK,OK,2,0,3,5,8
,cb1dac6f-fe81-400c-8e90-884929a7281a,46204,Belgium vs Senegal,Belgium vs Senegal,Belgium,Senegal,Belgium,2,0,Mario Garavaglia,Portugal,01/07/2026_Belgium vs Senegal,01/07/2026_Belgium vs Senegal_Mario Garavaglia,OK,OK,OK,OK,OK,2,2,0,0,0
,5d05934e-2f83-4ba8-97ce-7a60bc001a6a,46205,Portugal vs Croatia,Portugal vs Croatia,Portugal,Croatia,Portugal,3,0,Mario Garavaglia,Portugal,02/07/2026_Portugal vs Croatia,02/07/2026_Portugal vs Croatia_Mario Garavaglia,OK,OK,OK,OK,OK,2,1,3,0,3
,ca128815-8d1b-4626-8715-4dc004994adc,46205,Spain vs Austria,Spain vs Austria,Spain,Austria,Spain,3,0,Mario Garavaglia,Portugal,02/07/2026_Spain vs Austria,02/07/2026_Spain vs Austria_Mario Garavaglia,OK,OK,OK,OK,OK,3,0,3,5,8
,59c3373a-d4db-4814-90a1-8a1893ed3091,46205,Switzerland vs Algeria,Switzerland vs Algeria,Switzerland,Algeria,Switzerland,2,0,Mario Garavaglia,Portugal,02/07/2026_Switzerland vs Algeria,02/07/2026_Switzerland vs Algeria_Mario Garavaglia,OK,OK,OK,OK,OK,2,0,3,5,8
,c83010a8-e3a0-408e-bfb6-fb6f1bc0d9c3,46206,Argentina vs Cape Verde Islands,Argentina vs Cape Verde Islands,Argentina,Cape Verde Islands,Argentina,4,0,Mario Garavaglia,Portugal,03/07/2026_Argentina vs Cape Verde Islands,03/07/2026_Argentina vs Cape Verde Islands_Mario Garavaglia,OK,OK,OK,OK,OK,1,1,0,0,0
,a78b4300-69e5-4e15-9adb-066ee5ee853a,46206,Colombia vs Ghana,Colombia vs Ghana,Colombia,Ghana,Colombia,2,1,Mario Garavaglia,Portugal,03/07/2026_Colombia vs Ghana,03/07/2026_Colombia vs Ghana_Mario Garavaglia,OK,OK,OK,OK,OK,1,0,3,0,3
,25f8a066-f564-4d03-adb0-806b6d553721,46206,Australia vs Egypt,Australia vs Egypt,Australia,Egypt,Tie,2,2,Mario Garavaglia,Portugal,03/07/2026_Australia vs Egypt,03/07/2026_Australia vs Egypt_Mario Garavaglia,OK,OK,OK,OK,OK,1,1,3,0,3
,f71f40bd-bbe0-4f3d-8067-b861b4103361,46207,Canada vs Morocco,Canada vs Morocco,Canada,Morocco,Tie,1,1,Mario Garavaglia,Portugal,04/07/2026_Canada vs Morocco,04/07/2026_Canada vs Morocco_Mario Garavaglia,OK,OK,OK,OK,OK,0,3,0,0,0
,c7458423-e228-4b54-a12c-7bf288533c99,46207,Paraguay vs France,Paraguay vs France,Paraguay,France,France,0,3,Mario Garavaglia,Portugal,04/07/2026_Paraguay vs France,04/07/2026_Paraguay vs France_Mario Garavaglia,OK,OK,OK,OK,OK,0,1,3,0,3
,35d540f1-7b04-4152-8155-f890c0831f81,46208,Brazil vs Norway,Brazil vs Norway,Brazil,Norway,Brazil,2,0,Mario Garavaglia,Portugal,05/07/2026_Brazil vs Norway,05/07/2026_Brazil vs Norway_Mario Garavaglia,OK,OK,OK,OK,OK,1,2,0,0,0
,6113af46-90ee-40ee-a7f7-e1b09b50f6ae,46209,Mexico vs England,Mexico vs England,Mexico,England,England,0,2,Mario Garavaglia,Portugal,06/07/2026_Mexico vs England,06/07/2026_Mexico vs England_Mario Garavaglia,OK,OK,OK,OK,OK,2,3,3,0,3
,1e58a706-4830-4279-8336-6c177e000737,46209,Portugal vs Spain,Portugal vs Spain,Portugal,Spain,Portugal,1,0,Mario Garavaglia,Portugal,06/07/2026_Portugal vs Spain,06/07/2026_Portugal vs Spain_Mario Garavaglia,OK,OK,OK,OK,OK,0,1,0,0,0
,ea0d821c-3cde-40b8-8fe3-d4ad3d83bf4a,46210,United States vs Belgium,United States vs Belgium,United States,Belgium,United States,3,0,Mario Garavaglia,Portugal,07/07/2026_United States vs Belgium,07/07/2026_United States vs Belgium_Mario Garavaglia,OK,OK,OK,OK,OK,1,4,0,0,0
,cce523ff-4cd8-4acc-9174-9433e681734c,46210,Argentina vs Egypt,Argentina vs Egypt,Argentina,Egypt,Argentina,4,0,Mario Garavaglia,Portugal,07/07/2026_Argentina vs Egypt,07/07/2026_Argentina vs Egypt_Mario Garavaglia,OK,OK,OK,OK,OK,3,2,3,0,3
,8eb12f36-9e6a-473a-9d17-b91a9862d2b9,46210,Switzerland vs Colombia,Switzerland vs Colombia,Switzerland,Colombia,Switzerland,2,0,Mario Garavaglia,Portugal,07/07/2026_Switzerland vs Colombia,07/07/2026_Switzerland vs Colombia_Mario Garavaglia,OK,OK,OK,OK,OK,0,0,0,0,0
,a3f16367-0990-4a9c-89d9-8a4dc9967f06,46212,France vs Morocco,France vs Morocco,France,Morocco,France,4,0,Mario Garavaglia,Portugal,09/07/2026_France vs Morocco,09/07/2026_France vs Morocco_Mario Garavaglia,OK,OK,OK,OK,OK,2,0,3,0,3
,5cfbafb6-1547-41e6-ae38-42a5270324e3,46213,Spain vs Belgium,Spain vs Belgium,Spain,Belgium,Spain,2,0,Mario Garavaglia,Portugal,10/07/2026_Spain vs Belgium,10/07/2026_Spain vs Belgium_Mario Garavaglia,OK,OK,OK,OK,OK,2,1,3,0,3
,89fec29a-8b33-43ee-8db2-20db2083d57c,46214,Norway vs England,Norway vs England,Norway,England,Tie,1,1,Mario Garavaglia,Portugal,11/07/2026_Norway vs England,11/07/2026_Norway vs England_Mario Garavaglia,OK,OK,OK,OK,OK,1,1,3,5,8
,e824b673-48a8-4192-a3ed-4a6acf783db2,46215,Argentina vs Switzerland,Argentina vs Switzerland,Argentina,Switzerland,Argentina,2,0,Mario Garavaglia,Portugal,12/07/2026_Argentina vs Switzerland,12/07/2026_Argentina vs Switzerland_Mario Garavaglia,OK,OK,OK,OK,OK,3,1,3,0,3
,bcde6388-2b95-4d97-a021-acaf8aec4ed5,46217,France vs Spain,France vs Spain,France,Spain,Spain,1,2,Mario Garavaglia,Portugal,14/07/2026_France vs Spain,14/07/2026_France vs Spain_Mario Garavaglia,OK,OK,OK,OK,OK,0,2,3,0,3
,539fdd93-cdda-4de6-84a2-5b9de9f8eec0,46218,England vs Argentina,England vs Argentina,England,Argentina,Argentina,1,2,Mario Garavaglia,Portugal,15/07/2026_England vs Argentina,15/07/2026_England vs Argentina_Mario Garavaglia,OK,OK,OK,OK,OK,1,2,3,5,8
,8e80f95a-89a8-476f-b8f2-44d7996ce14d,46201,South Africa vs Canada,South Africa vs Canada,South Africa,Canada,Canada,1,2,Martina Zammit,Argentina,28/06/2026_South Africa vs Canada,28/06/2026_South Africa vs Canada_Martina Zammit,OK,OK,OK,OK,OK,0,1,3,0,3
,1a9704e8-c878-44aa-a5e3-9ca8524082e0,46202,Germany vs Paraguay,Germany vs Paraguay,Germany,Paraguay,Germany,2,0,Martina Zammit,Argentina,29/06/2026_Germany vs Paraguay,29/06/2026_Germany vs Paraguay_Martina Zammit,OK,OK,OK,OK,OK,1,1,0,0,0
,1dab82db-e95d-4f7b-9cff-8f6737f8afbf,46202,Netherlands vs Morocco,Netherlands vs Morocco,Netherlands,Morocco,Netherlands,2,1,Martina Zammit,Argentina,29/06/2026_Netherlands vs Morocco,29/06/2026_Netherlands vs Morocco_Martina Zammit,OK,OK,OK,OK,OK,1,1,0,0,0
,94f026e9-4e39-4722-a76f-c432f80aee4f,46202,Brazil vs Japan,Brazil vs Japan,Brazil,Japan,Brazil,2,0,Martina Zammit,Argentina,29/06/2026_Brazil vs Japan,29/06/2026_Brazil vs Japan_Martina Zammit,OK,OK,OK,OK,OK,2,1,3,0,3
,07bc8586-0be8-4686-8bdb-2efcd46fce8b,46203,France vs Sweden,France vs Sweden,France,Sweden,France,2,0,Martina Zammit,Argentina,30/06/2026_France vs Sweden,30/06/2026_France vs Sweden_Martina Zammit,OK,OK,OK,OK,OK,3,0,3,0,3
,038f2d3d-10cf-4c83-86ca-0654cca19c35,46203,Ivory Coast vs Norway,Ivory Coast vs Norway,Ivory Coast,Norway,Tie,1,1,Martina Zammit,Argentina,30/06/2026_Ivory Coast vs Norway,30/06/2026_Ivory Coast vs Norway_Martina Zammit,OK,OK,OK,OK,OK,1,2,0,0,0
,84f21109-1743-4f61-a164-992b23fb44b7,46203,Mexico vs Ecuador,Mexico vs Ecuador,Mexico,Ecuador,Tie,1,1,Martina Zammit,Argentina,30/06/2026_Mexico vs Ecuador,30/06/2026_Mexico vs Ecuador_Martina Zammit,OK,OK,OK,OK,OK,2,0,0,0,0
,c6651a0b-fd55-45cb-a584-aeecdb76c420,46204,England vs Congo DR,England vs Congo DR,England,Congo DR,England,3,1,Martina Zammit,Argentina,01/07/2026_England vs Congo DR,01/07/2026_England vs Congo DR_Martina Zammit,OK,OK,OK,OK,OK,2,1,3,0,3
,89afb424-a3a7-457a-bb23-de6f9bcf0a80,46204,United States vs Bosnia-Herzegovina,United States vs Bosnia-Herzegovina,United States,Bosnia-Herzegovina,United States,2,1,Martina Zammit,Argentina,01/07/2026_United States vs Bosnia-Herzegovina,01/07/2026_United States vs Bosnia-Herzegovina_Martina Zammit,OK,OK,OK,OK,OK,2,0,3,0,3
,5800df12-b70e-4962-b244-8a1ec497b41b,46204,Belgium vs Senegal,Belgium vs Senegal,Belgium,Senegal,Belgium,2,0,Martina Zammit,Argentina,01/07/2026_Belgium vs Senegal,01/07/2026_Belgium vs Senegal_Martina Zammit,OK,OK,OK,OK,OK,2,2,0,0,0
,1d05475e-d580-4ae3-b62e-ebaaeb777cb8,46205,Portugal vs Croatia,Portugal vs Croatia,Portugal,Croatia,Tie,1,1,Martina Zammit,Argentina,02/07/2026_Portugal vs Croatia,02/07/2026_Portugal vs Croatia_Martina Zammit,OK,OK,OK,OK,OK,2,1,0,0,0
,0bceb856-c7ad-4941-9a31-3a7837fac516,46205,Spain vs Austria,Spain vs Austria,Spain,Austria,Spain,2,0,Martina Zammit,Argentina,02/07/2026_Spain vs Austria,02/07/2026_Spain vs Austria_Martina Zammit,OK,OK,OK,OK,OK,3,0,3,0,3
,80bbe323-8bbc-4c04-a6c6-c46e2ac666a2,46205,Switzerland vs Algeria,Switzerland vs Algeria,Switzerland,Algeria,Switzerland,1,0,Martina Zammit,Argentina,02/07/2026_Switzerland vs Algeria,02/07/2026_Switzerland vs Algeria_Martina Zammit,OK,OK,OK,OK,OK,2,0,3,0,3
,344a84a3-640b-41b3-be06-f64eaa8df7f1,46206,Argentina vs Cape Verde Islands,Argentina vs Cape Verde Islands,Argentina,Cape Verde Islands,Argentina,3,0,Martina Zammit,Argentina,03/07/2026_Argentina vs Cape Verde Islands,03/07/2026_Argentina vs Cape Verde Islands_Martina Zammit,OK,OK,OK,OK,OK,1,1,0,0,0
,fbb409ac-61bf-4b39-bad4-d4fefacdf559,46206,Colombia vs Ghana,Colombia vs Ghana,Colombia,Ghana,Colombia,2,1,Martina Zammit,Argentina,03/07/2026_Colombia vs Ghana,03/07/2026_Colombia vs Ghana_Martina Zammit,OK,OK,OK,OK,OK,1,0,3,0,3
,016caef5-c120-48ba-85e0-9321f1c93854,46206,Australia vs Egypt,Australia vs Egypt,Australia,Egypt,Tie,1,1,Martina Zammit,Argentina,03/07/2026_Australia vs Egypt,03/07/2026_Australia vs Egypt_Martina Zammit,OK,OK,OK,OK,OK,1,1,3,5,8
,921bd487-5f00-490d-8aef-abf693103f21,46212,France vs Morocco,France vs Morocco,France,Morocco,France,2,1,Martina Zammit,Argentina,09/07/2026_France vs Morocco,09/07/2026_France vs Morocco_Martina Zammit,OK,OK,OK,OK,OK,2,0,3,0,3
,a4d573ac-0b02-45fd-92ec-af9c8c66ee61,46213,Spain vs Belgium,Spain vs Belgium,Spain,Belgium,Spain,2,0,Martina Zammit,Argentina,10/07/2026_Spain vs Belgium,10/07/2026_Spain vs Belgium_Martina Zammit,OK,OK,OK,OK,OK,2,1,3,0,3
,b12b39bd-1adb-49d6-b3e4-ba83701ae8c0,46214,Norway vs England,Norway vs England,Norway,England,England,1,2,Martina Zammit,Argentina,11/07/2026_Norway vs England,11/07/2026_Norway vs England_Martina Zammit,OK,OK,OK,OK,OK,1,1,0,0,0
,4198ba42-daa9-41da-b272-de0df8c03c8b,46215,Argentina vs Switzerland,Argentina vs Switzerland,Argentina,Switzerland,Argentina,2,1,Martina Zammit,Argentina,12/07/2026_Argentina vs Switzerland,12/07/2026_Argentina vs Switzerland_Martina Zammit,OK,OK,OK,OK,OK,3,1,3,0,3
,472fe5cb-c845-4d12-8026-98a050440208,46217,France vs Spain,France vs Spain,France,Spain,France,2,1,Martina Zammit,Argentina,14/07/2026_France vs Spain,14/07/2026_France vs Spain_Martina Zammit,OK,OK,OK,OK,OK,0,2,0,0,0
,676f00fc-2d16-4a96-a0b3-e86f5437a407,46218,England vs Argentina,England vs Argentina,England,Argentina,Argentina,2,3,Martina Zammit,Argentina,15/07/2026_England vs Argentina,15/07/2026_England vs Argentina_Martina Zammit,OK,OK,OK,OK,OK,1,2,3,0,3
,5e6e74bd-daba-44fa-92e7-cdf086b1af06,46201,South Africa vs Canada,South Africa vs Canada,South Africa,Canada,Canada,1,2,Raisa Calleja,France,28/06/2026_South Africa vs Canada,28/06/2026_South Africa vs Canada_Raisa Calleja,OK,OK,OK,OK,OK,0,1,3,0,3
,b80d0670-c533-4cb6-a487-9fa3e984b891,46202,Germany vs Paraguay,Germany vs Paraguay,Germany,Paraguay,Germany,4,1,Raisa Calleja,France,29/06/2026_Germany vs Paraguay,29/06/2026_Germany vs Paraguay_Raisa Calleja,OK,OK,OK,OK,OK,1,1,0,0,0
,d4233197-2d35-4e7b-9b6a-bfd34bd72611,46202,Netherlands vs Morocco,Netherlands vs Morocco,Netherlands,Morocco,Tie,2,2,Raisa Calleja,France,29/06/2026_Netherlands vs Morocco,29/06/2026_Netherlands vs Morocco_Raisa Calleja,OK,OK,OK,OK,OK,1,1,3,0,3
,e195534c-ac0b-44fa-8a72-4574310aeb1e,46202,Brazil vs Japan,Brazil vs Japan,Brazil,Japan,Brazil,3,1,Raisa Calleja,France,29/06/2026_Brazil vs Japan,29/06/2026_Brazil vs Japan_Raisa Calleja,OK,OK,OK,OK,OK,2,1,3,0,3
,8eb38487-9ae9-41a8-8675-c8b2ebda44c7,46203,France vs Sweden,France vs Sweden,France,Sweden,France,3,0,Raisa Calleja,France,30/06/2026_France vs Sweden,30/06/2026_France vs Sweden_Raisa Calleja,OK,OK,OK,OK,OK,3,0,3,5,8
,e5b22314-ccfe-4f41-ac8e-833e23f980b2,46203,Ivory Coast vs Norway,Ivory Coast vs Norway,Ivory Coast,Norway,Ivory Coast,2,1,Raisa Calleja,France,30/06/2026_Ivory Coast vs Norway,30/06/2026_Ivory Coast vs Norway_Raisa Calleja,OK,OK,OK,OK,OK,1,2,0,0,0
,0ada0764-78be-4e6f-859b-34740b791412,46203,Mexico vs Ecuador,Mexico vs Ecuador,Mexico,Ecuador,Mexico,2,1,Raisa Calleja,France,30/06/2026_Mexico vs Ecuador,30/06/2026_Mexico vs Ecuador_Raisa Calleja,OK,OK,OK,OK,OK,2,0,3,0,3
,73cea446-d847-4cd1-9c57-228652bcb1fe,46204,England vs Congo DR,England vs Congo DR,England,Congo DR,England,2,1,Raisa Calleja,France,01/07/2026_England vs Congo DR,01/07/2026_England vs Congo DR_Raisa Calleja,OK,OK,OK,OK,OK,2,1,3,5,8
,e9c2588c-6514-42c3-a661-aafc0fa965f0,46204,United States vs Bosnia-Herzegovina,United States vs Bosnia-Herzegovina,United States,Bosnia-Herzegovina,United States,3,1,Raisa Calleja,France,01/07/2026_United States vs Bosnia-Herzegovina,01/07/2026_United States vs Bosnia-Herzegovina_Raisa Calleja,OK,OK,OK,OK,OK,2,0,3,0,3
,75c178f3-d8bf-4089-ba6a-35716848978d,46204,Belgium vs Senegal,Belgium vs Senegal,Belgium,Senegal,Belgium,2,1,Raisa Calleja,France,01/07/2026_Belgium vs Senegal,01/07/2026_Belgium vs Senegal_Raisa Calleja,OK,OK,OK,OK,OK,2,2,0,0,0
,967e715b-cff9-4edf-b837-bc3714b093cc,46205,Portugal vs Croatia,Portugal vs Croatia,Portugal,Croatia,Tie,2,2,Raisa Calleja,France,02/07/2026_Portugal vs Croatia,02/07/2026_Portugal vs Croatia_Raisa Calleja,OK,OK,OK,OK,OK,2,1,0,0,0
,48be8a02-97ad-4e5f-b155-90e0a6cf76fb,46205,Spain vs Austria,Spain vs Austria,Spain,Austria,Spain,3,1,Raisa Calleja,France,02/07/2026_Spain vs Austria,02/07/2026_Spain vs Austria_Raisa Calleja,OK,OK,OK,OK,OK,3,0,3,0,3
,5656afed-ee57-44fc-8f8a-105452806f62,46205,Switzerland vs Algeria,Switzerland vs Algeria,Switzerland,Algeria,Switzerland,2,1,Raisa Calleja,France,02/07/2026_Switzerland vs Algeria,02/07/2026_Switzerland vs Algeria_Raisa Calleja,OK,OK,OK,OK,OK,2,0,3,0,3
,5fb8b5da-406a-418d-94a1-8d4b7d6deaa2,46206,Argentina vs Cape Verde Islands,Argentina vs Cape Verde Islands,Argentina,Cape Verde Islands,Argentina,3,0,Raisa Calleja,France,03/07/2026_Argentina vs Cape Verde Islands,03/07/2026_Argentina vs Cape Verde Islands_Raisa Calleja,OK,OK,OK,OK,OK,1,1,0,0,0
,39f46067-2a68-4d92-9b4b-973fccfdd2b4,46206,Colombia vs Ghana,Colombia vs Ghana,Colombia,Ghana,Colombia,2,1,Raisa Calleja,France,03/07/2026_Colombia vs Ghana,03/07/2026_Colombia vs Ghana_Raisa Calleja,OK,OK,OK,OK,OK,1,0,3,0,3
,d47ca66a-fb9f-4275-a622-3a554bbabcdf,46206,Australia vs Egypt,Australia vs Egypt,Australia,Egypt,Australia,2,0,Raisa Calleja,France,03/07/2026_Australia vs Egypt,03/07/2026_Australia vs Egypt_Raisa Calleja,OK,OK,OK,OK,OK,1,1,0,0,0
,7643527e-b2c0-4d68-a332-43331c1c7ff7,46207,Canada vs Morocco,Canada vs Morocco,Canada,Morocco,Morocco,1,3,Raisa Calleja,France,04/07/2026_Canada vs Morocco,04/07/2026_Canada vs Morocco_Raisa Calleja,OK,OK,OK,OK,OK,0,3,3,0,3
,6f140cad-98e5-4e80-b77d-3b4d72ab452d,46207,Paraguay vs France,Paraguay vs France,Paraguay,France,France,0,2,Raisa Calleja,France,04/07/2026_Paraguay vs France,04/07/2026_Paraguay vs France_Raisa Calleja,OK,OK,OK,OK,OK,0,1,3,0,3
,7bae023b-8722-45ee-91bb-2df48f332892,46208,Brazil vs Norway,Brazil vs Norway,Brazil,Norway,Tie,2,2,Raisa Calleja,France,05/07/2026_Brazil vs Norway,05/07/2026_Brazil vs Norway_Raisa Calleja,OK,OK,OK,OK,OK,1,2,0,0,0
,61c05f12-1b92-4631-a4e3-3ba3a441437d,46209,Mexico vs England,Mexico vs England,Mexico,England,England,1,3,Raisa Calleja,France,06/07/2026_Mexico vs England,06/07/2026_Mexico vs England_Raisa Calleja,OK,OK,OK,OK,OK,2,3,3,0,3
,7fdd0ab0-1c6d-474e-9ac0-801be96857e3,46209,Portugal vs Spain,Portugal vs Spain,Portugal,Spain,Tie,2,2,Raisa Calleja,France,06/07/2026_Portugal vs Spain,06/07/2026_Portugal vs Spain_Raisa Calleja,OK,OK,OK,OK,OK,0,1,0,0,0
,b914987d-813d-4f6e-8193-482552a292f3,46210,United States vs Belgium,United States vs Belgium,United States,Belgium,Belgium,1,2,Raisa Calleja,France,07/07/2026_United States vs Belgium,07/07/2026_United States vs Belgium_Raisa Calleja,OK,OK,OK,OK,OK,1,4,3,0,3
,eecc056e-069e-4bdb-8e28-98a2b3a42421,46210,Argentina vs Egypt,Argentina vs Egypt,Argentina,Egypt,Argentina,3,2,Raisa Calleja,France,07/07/2026_Argentina vs Egypt,07/07/2026_Argentina vs Egypt_Raisa Calleja,OK,OK,OK,OK,OK,3,2,3,5,8
,dfda3d67-84a3-4078-a772-96e05637b263,46210,Switzerland vs Colombia,Switzerland vs Colombia,Switzerland,Colombia,Tie,1,1,Raisa Calleja,France,07/07/2026_Switzerland vs Colombia,07/07/2026_Switzerland vs Colombia_Raisa Calleja,OK,OK,OK,OK,OK,0,0,3,0,3
,88d4341d-4607-42a2-85f3-8c77466644bb,46212,France vs Morocco,France vs Morocco,France,Morocco,Tie,1,1,Raisa Calleja,France,09/07/2026_France vs Morocco,09/07/2026_France vs Morocco_Raisa Calleja,OK,OK,OK,OK,OK,2,0,0,0,0
,a5c50f4e-88a9-44c0-9cb9-331a1346d7e4,46213,Spain vs Belgium,Spain vs Belgium,Spain,Belgium,Spain,3,2,Raisa Calleja,France,10/07/2026_Spain vs Belgium,10/07/2026_Spain vs Belgium_Raisa Calleja,OK,OK,OK,OK,OK,2,1,3,0,3
,58479feb-32eb-4b66-919d-2eaef5abff2c,46214,Norway vs England,Norway vs England,Norway,England,Norway,2,1,Raisa Calleja,France,11/07/2026_Norway vs England,11/07/2026_Norway vs England_Raisa Calleja,OK,OK,OK,OK,OK,1,1,0,0,0
,e2231c0e-cd0b-45bb-80ec-91f5cd8eb944,46215,Argentina vs Switzerland,Argentina vs Switzerland,Argentina,Switzerland,Argentina,3,1,Raisa Calleja,France,12/07/2026_Argentina vs Switzerland,12/07/2026_Argentina vs Switzerland_Raisa Calleja,OK,OK,OK,OK,OK,3,1,3,5,8
,55ca3a98-6d54-47ff-8771-bbffb49d5977,46217,France vs Spain,France vs Spain,France,Spain,France,3,2,Raisa Calleja,France,14/07/2026_France vs Spain,14/07/2026_France vs Spain_Raisa Calleja,OK,OK,OK,OK,OK,0,2,0,0,0
,4fd8ee77-e7e8-48c2-a69d-404f14452eb2,46218,England vs Argentina,England vs Argentina,England,Argentina,England,3,2,Raisa Calleja,France,15/07/2026_England vs Argentina,15/07/2026_England vs Argentina_Raisa Calleja,OK,OK,OK,OK,OK,1,2,0,0,0
,7202b20e-243d-499c-a584-1719c669c3bb,46201,South Africa vs Canada,South Africa vs Canada,South Africa,Canada,Canada,0,3,Rebecca Xuereb,Spain,28/06/2026_South Africa vs Canada,28/06/2026_South Africa vs Canada_Rebecca Xuereb,OK,OK,OK,OK,OK,0,1,3,0,3
,294755a7-3be4-4534-a3b3-63122a6b1403,46202,Germany vs Paraguay,Germany vs Paraguay,Germany,Paraguay,Germany,2,0,Rebecca Xuereb,Spain,29/06/2026_Germany vs Paraguay,29/06/2026_Germany vs Paraguay_Rebecca Xuereb,OK,OK,OK,OK,OK,1,1,0,0,0
,c710899d-4a00-4819-a048-65591ceb24ca,46202,Netherlands vs Morocco,Netherlands vs Morocco,Netherlands,Morocco,Tie,1,1,Rebecca Xuereb,Spain,29/06/2026_Netherlands vs Morocco,29/06/2026_Netherlands vs Morocco_Rebecca Xuereb,OK,OK,OK,OK,OK,1,1,3,5,8
,c0db3882-c470-40e1-9bab-2986f826965b,46202,Brazil vs Japan,Brazil vs Japan,Brazil,Japan,Brazil,2,0,Rebecca Xuereb,Spain,29/06/2026_Brazil vs Japan,29/06/2026_Brazil vs Japan_Rebecca Xuereb,OK,OK,OK,OK,OK,2,1,3,0,3
,393bc663-434b-4f6b-8595-135c0b1de01d,46203,France vs Sweden,France vs Sweden,France,Sweden,France,3,0,Rebecca Xuereb,Spain,30/06/2026_France vs Sweden,30/06/2026_France vs Sweden_Rebecca Xuereb,OK,OK,OK,OK,OK,3,0,3,5,8
,78e8bc5e-1d6f-4e7c-b9dc-316bcc81ea1f,46203,Ivory Coast vs Norway,Ivory Coast vs Norway,Ivory Coast,Norway,Norway,1,2,Rebecca Xuereb,Spain,30/06/2026_Ivory Coast vs Norway,30/06/2026_Ivory Coast vs Norway_Rebecca Xuereb,OK,OK,OK,OK,OK,1,2,3,5,8
,dfc278cb-7dc1-4314-8026-ca7dc4d7d1a4,46203,Mexico vs Ecuador,Mexico vs Ecuador,Mexico,Ecuador,Tie,2,2,Rebecca Xuereb,Spain,30/06/2026_Mexico vs Ecuador,30/06/2026_Mexico vs Ecuador_Rebecca Xuereb,OK,OK,OK,OK,OK,2,0,0,0,0
,94dea2dd-045a-45b3-9fa3-850ec5bffe87,46204,England vs Congo DR,England vs Congo DR,England,Congo DR,England,2,0,Rebecca Xuereb,Spain,01/07/2026_England vs Congo DR,01/07/2026_England vs Congo DR_Rebecca Xuereb,OK,OK,OK,OK,OK,2,1,3,0,3
,17faf27c-1d93-4490-aae4-c3cc68482f6b,46204,United States vs Bosnia-Herzegovina,United States vs Bosnia-Herzegovina,United States,Bosnia-Herzegovina,United States,2,0,Rebecca Xuereb,Spain,01/07/2026_United States vs Bosnia-Herzegovina,01/07/2026_United States vs Bosnia-Herzegovina_Rebecca Xuereb,OK,OK,OK,OK,OK,2,0,3,5,8
,7ad77437-d58f-4840-8943-f4c9480a37b7,46204,Belgium vs Senegal,Belgium vs Senegal,Belgium,Senegal,Belgium,2,1,Rebecca Xuereb,Spain,01/07/2026_Belgium vs Senegal,01/07/2026_Belgium vs Senegal_Rebecca Xuereb,OK,OK,OK,OK,OK,2,2,0,0,0
,a4ffea2e-661a-414f-91b8-8ee5616a2938,46205,Portugal vs Croatia,Portugal vs Croatia,Portugal,Croatia,Portugal,2,1,Rebecca Xuereb,Spain,02/07/2026_Portugal vs Croatia,02/07/2026_Portugal vs Croatia_Rebecca Xuereb,OK,OK,OK,OK,OK,2,1,3,5,8
,39ed63f0-3054-4c27-9ff2-e33f946904da,46205,Spain vs Austria,Spain vs Austria,Spain,Austria,Spain,3,0,Rebecca Xuereb,Spain,02/07/2026_Spain vs Austria,02/07/2026_Spain vs Austria_Rebecca Xuereb,OK,OK,OK,OK,OK,3,0,3,5,8
,096ce04f-1120-4a59-a0db-620ac147b695,46205,Switzerland vs Algeria,Switzerland vs Algeria,Switzerland,Algeria,Switzerland,2,1,Rebecca Xuereb,Spain,02/07/2026_Switzerland vs Algeria,02/07/2026_Switzerland vs Algeria_Rebecca Xuereb,OK,OK,OK,OK,OK,2,0,3,0,3
,5b4c7536-c5aa-4723-841f-d5600bae0571,46206,Argentina vs Cape Verde Islands,Argentina vs Cape Verde Islands,Argentina,Cape Verde Islands,Argentina,3,0,Rebecca Xuereb,Spain,03/07/2026_Argentina vs Cape Verde Islands,03/07/2026_Argentina vs Cape Verde Islands_Rebecca Xuereb,OK,OK,OK,OK,OK,1,1,0,0,0
,85cc5fa8-4dc6-4dbd-8f86-b08d4a9d52d0,46206,Colombia vs Ghana,Colombia vs Ghana,Colombia,Ghana,Colombia,1,0,Rebecca Xuereb,Spain,03/07/2026_Colombia vs Ghana,03/07/2026_Colombia vs Ghana_Rebecca Xuereb,OK,OK,OK,OK,OK,1,0,3,5,8
,5d016134-2d81-4de2-acf6-1e5b8f72db71,46206,Australia vs Egypt,Australia vs Egypt,Australia,Egypt,Tie,2,2,Rebecca Xuereb,Spain,03/07/2026_Australia vs Egypt,03/07/2026_Australia vs Egypt_Rebecca Xuereb,OK,OK,OK,OK,OK,1,1,3,0,3
,e7d874a3-abf6-4059-a087-b1f19371ee06,46207,Canada vs Morocco,Canada vs Morocco,Canada,Morocco,Morocco,1,2,Rebecca Xuereb,Spain,04/07/2026_Canada vs Morocco,04/07/2026_Canada vs Morocco_Rebecca Xuereb,OK,OK,OK,OK,OK,0,3,3,0,3
,76e34782-58eb-41e6-8dfd-25dff3d09013,46207,Paraguay vs France,Paraguay vs France,Paraguay,France,France,0,3,Rebecca Xuereb,Spain,04/07/2026_Paraguay vs France,04/07/2026_Paraguay vs France_Rebecca Xuereb,OK,OK,OK,OK,OK,0,1,3,0,3
,3b57b775-129a-4e00-a147-e19460cabe06,46208,Brazil vs Norway,Brazil vs Norway,Brazil,Norway,Brazil,2,1,Rebecca Xuereb,Spain,05/07/2026_Brazil vs Norway,05/07/2026_Brazil vs Norway_Rebecca Xuereb,OK,OK,OK,OK,OK,1,2,0,0,0
,b4970c60-997f-45f6-8223-7472b9e70eb0,46209,Mexico vs England,Mexico vs England,Mexico,England,Tie,1,1,Rebecca Xuereb,Spain,06/07/2026_Mexico vs England,06/07/2026_Mexico vs England_Rebecca Xuereb,OK,OK,OK,OK,OK,2,3,0,0,0
,3204fe89-1495-4c2d-8223-ebd760d8bfbe,46209,Portugal vs Spain,Portugal vs Spain,Portugal,Spain,Spain,1,2,Rebecca Xuereb,Spain,06/07/2026_Portugal vs Spain,06/07/2026_Portugal vs Spain_Rebecca Xuereb,OK,OK,OK,OK,OK,0,1,3,0,3
,a90894fe-92f3-4e6c-b4e7-c75d1577fa01,46210,United States vs Belgium,United States vs Belgium,United States,Belgium,Tie,2,2,Rebecca Xuereb,Spain,07/07/2026_United States vs Belgium,07/07/2026_United States vs Belgium_Rebecca Xuereb,OK,OK,OK,OK,OK,1,4,0,0,0
,52031ae5-f89e-4382-a1e8-b3d75fa2eecc,46210,Argentina vs Egypt,Argentina vs Egypt,Argentina,Egypt,Argentina,2,0,Rebecca Xuereb,Spain,07/07/2026_Argentina vs Egypt,07/07/2026_Argentina vs Egypt_Rebecca Xuereb,OK,OK,OK,OK,OK,3,2,3,0,3
,863663cd-2dd8-4c10-bf67-7ca02ef9921b,46210,Switzerland vs Colombia,Switzerland vs Colombia,Switzerland,Colombia,Switzerland,1,0,Rebecca Xuereb,Spain,07/07/2026_Switzerland vs Colombia,07/07/2026_Switzerland vs Colombia_Rebecca Xuereb,OK,OK,OK,OK,OK,0,0,0,0,0
,02cbe899-ad4a-478c-ad49-3868b41b151d,46212,France vs Morocco,France vs Morocco,France,Morocco,France,2,1,Rebecca Xuereb,Spain,09/07/2026_France vs Morocco,09/07/2026_France vs Morocco_Rebecca Xuereb,OK,OK,OK,OK,OK,2,0,3,0,3
,8e140887-c570-4091-b0d9-b89c4d36f7e2,46213,Spain vs Belgium,Spain vs Belgium,Spain,Belgium,Spain,1,0,Rebecca Xuereb,Spain,10/07/2026_Spain vs Belgium,10/07/2026_Spain vs Belgium_Rebecca Xuereb,OK,OK,OK,OK,OK,2,1,3,0,3
,f81d7bf1-d3b0-4d07-ae93-e9302d068604,46214,Norway vs England,Norway vs England,Norway,England,Tie,1,1,Rebecca Xuereb,Spain,11/07/2026_Norway vs England,11/07/2026_Norway vs England_Rebecca Xuereb,OK,OK,OK,OK,OK,1,1,3,5,8
,8f8c1e9c-55d6-42d6-bd50-e55ba27a1549,46215,Argentina vs Switzerland,Argentina vs Switzerland,Argentina,Switzerland,Argentina,2,0,Rebecca Xuereb,Spain,12/07/2026_Argentina vs Switzerland,12/07/2026_Argentina vs Switzerland_Rebecca Xuereb,OK,OK,OK,OK,OK,3,1,3,0,3
,e9455caf-bae0-4f95-8aae-31a8d0a9058f,46217,France vs Spain,France vs Spain,France,Spain,Tie,1,1,Rebecca Xuereb,Spain,14/07/2026_France vs Spain,14/07/2026_France vs Spain_Rebecca Xuereb,OK,OK,OK,OK,OK,0,2,0,0,0
,55c1489e-8614-458a-ab6e-e804acc88e5b,46218,England vs Argentina,England vs Argentina,England,Argentina,Argentina,1,2,Rebecca Xuereb,Spain,15/07/2026_England vs Argentina,15/07/2026_England vs Argentina_Rebecca Xuereb,OK,OK,OK,OK,OK,1,2,3,5,8
,276d802a-c8b3-4181-a593-76e5ab02f0a3,46201,South Africa vs Canada,South Africa vs Canada,South Africa,Canada,South Africa,2,1,Ronnel Guiyab,Spain,28/06/2026_South Africa vs Canada,28/06/2026_South Africa vs Canada_Ronnel Guiyab,OK,OK,OK,OK,OK,0,1,0,0,0
,8002e4d5-9acf-43a3-8a97-57235c6afaaa,46202,Germany vs Paraguay,Germany vs Paraguay,Germany,Paraguay,Germany,1,0,Ronnel Guiyab,Spain,29/06/2026_Germany vs Paraguay,29/06/2026_Germany vs Paraguay_Ronnel Guiyab,OK,OK,OK,OK,OK,1,1,0,0,0
,df0a436c-c026-4a5b-860e-6d09612b4f5e,46202,Netherlands vs Morocco,Netherlands vs Morocco,Netherlands,Morocco,Netherlands,1,0,Ronnel Guiyab,Spain,29/06/2026_Netherlands vs Morocco,29/06/2026_Netherlands vs Morocco_Ronnel Guiyab,OK,OK,OK,OK,OK,1,1,0,0,0
,81f6d329-f1ce-44d8-8f27-3b0965a979bd,46202,Brazil vs Japan,Brazil vs Japan,Brazil,Japan,Brazil,3,1,Ronnel Guiyab,Spain,29/06/2026_Brazil vs Japan,29/06/2026_Brazil vs Japan_Ronnel Guiyab,OK,OK,OK,OK,OK,2,1,3,0,3
,61978154-333c-4458-b712-66907064fc27,46203,France vs Sweden,France vs Sweden,France,Sweden,France,2,1,Ronnel Guiyab,Spain,30/06/2026_France vs Sweden,30/06/2026_France vs Sweden_Ronnel Guiyab,OK,OK,OK,OK,OK,3,0,3,0,3
,2f7e27a4-1648-466c-a7c4-6b07bfcca5f3,46203,Ivory Coast vs Norway,Ivory Coast vs Norway,Ivory Coast,Norway,Norway,0,1,Ronnel Guiyab,Spain,30/06/2026_Ivory Coast vs Norway,30/06/2026_Ivory Coast vs Norway_Ronnel Guiyab,OK,OK,OK,OK,OK,1,2,3,0,3
,97759624-20a9-4a39-831d-5c84feb49665,46203,Mexico vs Ecuador,Mexico vs Ecuador,Mexico,Ecuador,Mexico,2,1,Ronnel Guiyab,Spain,30/06/2026_Mexico vs Ecuador,30/06/2026_Mexico vs Ecuador_Ronnel Guiyab,OK,OK,OK,OK,OK,2,0,3,0,3
,18e6474c-de05-4186-bd1d-552f95e10164,46204,England vs Congo DR,England vs Congo DR,England,Congo DR,England,1,0,Ronnel Guiyab,Spain,01/07/2026_England vs Congo DR,01/07/2026_England vs Congo DR_Ronnel Guiyab,OK,OK,OK,OK,OK,2,1,3,0,3
,2267f904-2a27-4064-9ade-3281f047841f,46204,United States vs Bosnia-Herzegovina,United States vs Bosnia-Herzegovina,United States,Bosnia-Herzegovina,United States,2,1,Ronnel Guiyab,Spain,01/07/2026_United States vs Bosnia-Herzegovina,01/07/2026_United States vs Bosnia-Herzegovina_Ronnel Guiyab,OK,OK,OK,OK,OK,2,0,3,0,3
,43ae69c7-b1ab-4737-a949-917a51619f97,46204,Belgium vs Senegal,Belgium vs Senegal,Belgium,Senegal,Belgium,1,0,Ronnel Guiyab,Spain,01/07/2026_Belgium vs Senegal,01/07/2026_Belgium vs Senegal_Ronnel Guiyab,OK,OK,OK,OK,OK,2,2,0,0,0
,211e2ae8-4fbd-4107-8d9a-8ba8566bafa7,46205,Portugal vs Croatia,Portugal vs Croatia,Portugal,Croatia,Portugal,1,0,Ronnel Guiyab,Spain,02/07/2026_Portugal vs Croatia,02/07/2026_Portugal vs Croatia_Ronnel Guiyab,OK,OK,OK,OK,OK,2,1,3,0,3
,0cd6dae7-3400-41cd-a13f-1eafe3da2211,46205,Spain vs Austria,Spain vs Austria,Spain,Austria,Spain,1,0,Ronnel Guiyab,Spain,02/07/2026_Spain vs Austria,02/07/2026_Spain vs Austria_Ronnel Guiyab,OK,OK,OK,OK,OK,3,0,3,0,3
,b7beab46-28bd-4b31-b311-2b89937830e8,46205,Switzerland vs Algeria,Switzerland vs Algeria,Switzerland,Algeria,Switzerland,2,1,Ronnel Guiyab,Spain,02/07/2026_Switzerland vs Algeria,02/07/2026_Switzerland vs Algeria_Ronnel Guiyab,OK,OK,OK,OK,OK,2,0,3,0,3
,33fd6dc6-4438-40b6-8dbf-0e7612dcac23,46206,Argentina vs Cape Verde Islands,Argentina vs Cape Verde Islands,Argentina,Cape Verde Islands,Argentina,3,1,Ronnel Guiyab,Spain,03/07/2026_Argentina vs Cape Verde Islands,03/07/2026_Argentina vs Cape Verde Islands_Ronnel Guiyab,OK,OK,OK,OK,OK,1,1,0,0,0
,fb3edf52-5783-4d63-8c93-f2ff4e6a1637,46206,Colombia vs Ghana,Colombia vs Ghana,Colombia,Ghana,Colombia,2,1,Ronnel Guiyab,Spain,03/07/2026_Colombia vs Ghana,03/07/2026_Colombia vs Ghana_Ronnel Guiyab,OK,OK,OK,OK,OK,1,0,3,0,3
,e4919950-dcbe-4da8-923f-26b8b0727e6c,46206,Australia vs Egypt,Australia vs Egypt,Australia,Egypt,Australia,1,0,Ronnel Guiyab,Spain,03/07/2026_Australia vs Egypt,03/07/2026_Australia vs Egypt_Ronnel Guiyab,OK,OK,OK,OK,OK,1,1,0,0,0
,0b9cf016-b202-4ca8-8a36-2d2aebae9702,46207,Canada vs Morocco,Canada vs Morocco,Canada,Morocco,Morocco,1,2,Ronnel Guiyab,Spain,04/07/2026_Canada vs Morocco,04/07/2026_Canada vs Morocco_Ronnel Guiyab,OK,OK,OK,OK,OK,0,3,3,0,3
,14b38358-1a8c-4bb4-985b-64b0c9e31b58,46207,Paraguay vs France,Paraguay vs France,Paraguay,France,France,1,2,Ronnel Guiyab,Spain,04/07/2026_Paraguay vs France,04/07/2026_Paraguay vs France_Ronnel Guiyab,OK,OK,OK,OK,OK,0,1,3,0,3
,8b4cae75-0310-4428-9f1c-8211e65d66c7,46208,Brazil vs Norway,Brazil vs Norway,Brazil,Norway,Brazil,2,1,Ronnel Guiyab,Spain,05/07/2026_Brazil vs Norway,05/07/2026_Brazil vs Norway_Ronnel Guiyab,OK,OK,OK,OK,OK,1,2,0,0,0
,de9fbabe-68dd-4e82-b318-e7abee98f16f,46209,Mexico vs England,Mexico vs England,Mexico,England,England,1,2,Ronnel Guiyab,Spain,06/07/2026_Mexico vs England,06/07/2026_Mexico vs England_Ronnel Guiyab,OK,OK,OK,OK,OK,2,3,3,0,3
,50ee624e-f453-4f9d-95a4-af5ea7812913,46209,Portugal vs Spain,Portugal vs Spain,Portugal,Spain,Spain,2,3,Ronnel Guiyab,Spain,06/07/2026_Portugal vs Spain,06/07/2026_Portugal vs Spain_Ronnel Guiyab,OK,OK,OK,OK,OK,0,1,3,0,3
,ab64415d-8a45-41e5-b081-e183f675f4f7,46210,United States vs Belgium,United States vs Belgium,United States,Belgium,United States,1,0,Ronnel Guiyab,Spain,07/07/2026_United States vs Belgium,07/07/2026_United States vs Belgium_Ronnel Guiyab,OK,OK,OK,OK,OK,1,4,0,0,0
,2c701945-bc75-4ae3-97fd-2f359103f797,46210,Argentina vs Egypt,Argentina vs Egypt,Argentina,Egypt,Argentina,2,1,Ronnel Guiyab,Spain,07/07/2026_Argentina vs Egypt,07/07/2026_Argentina vs Egypt_Ronnel Guiyab,OK,OK,OK,OK,OK,3,2,3,0,3
,8cc7737d-9ee6-406e-bb7b-5f4c4a2f683d,46210,Switzerland vs Colombia,Switzerland vs Colombia,Switzerland,Colombia,Colombia,1,2,Ronnel Guiyab,Spain,07/07/2026_Switzerland vs Colombia,07/07/2026_Switzerland vs Colombia_Ronnel Guiyab,OK,OK,OK,OK,OK,0,0,0,0,0
,4e39e26e-9faa-4c74-9c19-6c17e100559d,46212,France vs Morocco,France vs Morocco,France,Morocco,France,2,1,Ronnel Guiyab,Spain,09/07/2026_France vs Morocco,09/07/2026_France vs Morocco_Ronnel Guiyab,OK,OK,OK,OK,OK,2,0,3,0,3
,bbfbcccb-6dff-4fb8-8435-72cc5e926c20,46213,Spain vs Belgium,Spain vs Belgium,Spain,Belgium,Spain,2,1,Ronnel Guiyab,Spain,10/07/2026_Spain vs Belgium,10/07/2026_Spain vs Belgium_Ronnel Guiyab,OK,OK,OK,OK,OK,2,1,3,5,8
,125d2099-8d19-4fe7-a6ee-9f3e0da04bc8,46214,Norway vs England,Norway vs England,Norway,England,Norway,2,1,Ronnel Guiyab,Spain,11/07/2026_Norway vs England,11/07/2026_Norway vs England_Ronnel Guiyab,OK,OK,OK,OK,OK,1,1,0,0,0
,5974d16d-2f37-48fd-ae30-cbf8f3c9ff20,46215,Argentina vs Switzerland,Argentina vs Switzerland,Argentina,Switzerland,Argentina,3,1,Ronnel Guiyab,Spain,12/07/2026_Argentina vs Switzerland,12/07/2026_Argentina vs Switzerland_Ronnel Guiyab,OK,OK,OK,OK,OK,3,1,3,5,8
,ee1128f7-bdc6-4f35-abdf-80fda969e6c7,46217,France vs Spain,France vs Spain,France,Spain,France,2,1,Ronnel Guiyab,Spain,14/07/2026_France vs Spain,14/07/2026_France vs Spain_Ronnel Guiyab,OK,OK,OK,OK,OK,0,2,0,0,0
,9d9f0498-229c-4483-94ab-26021ef1036c,46218,England vs Argentina,England vs Argentina,England,Argentina,England,2,1,Ronnel Guiyab,Spain,15/07/2026_England vs Argentina,15/07/2026_England vs Argentina_Ronnel Guiyab,OK,OK,OK,OK,OK,1,2,0,0,0
,98b1632e-7a47-4dd5-9c1a-db0a53c369a5,46201,South Africa vs Canada,South Africa vs Canada,South Africa,Canada,Canada,0,1,Roshan Mohnani,Brazil,28/06/2026_South Africa vs Canada,28/06/2026_South Africa vs Canada_Roshan Mohnani,OK,OK,OK,OK,OK,0,1,3,5,8
,10840c16-bc4c-44a5-8d5a-9eec04d9d0d1,46202,Germany vs Paraguay,Germany vs Paraguay,Germany,Paraguay,Germany,3,0,Roshan Mohnani,Brazil,29/06/2026_Germany vs Paraguay,29/06/2026_Germany vs Paraguay_Roshan Mohnani,OK,OK,OK,OK,OK,1,1,0,0,0
,1f7b7916-d9ae-47e4-9e5b-a243d7f6cb2c,46202,Netherlands vs Morocco,Netherlands vs Morocco,Netherlands,Morocco,Netherlands,2,1,Roshan Mohnani,Brazil,29/06/2026_Netherlands vs Morocco,29/06/2026_Netherlands vs Morocco_Roshan Mohnani,OK,OK,OK,OK,OK,1,1,0,0,0
,2f745d90-dd3c-493c-b877-567b7231a524,46202,Brazil vs Japan,Brazil vs Japan,Brazil,Japan,Brazil,2,0,Roshan Mohnani,Brazil,29/06/2026_Brazil vs Japan,29/06/2026_Brazil vs Japan_Roshan Mohnani,OK,OK,OK,OK,OK,2,1,3,0,3
,f4c2e3e4-7d4c-40a5-9785-0fe1f7ffb448,46203,France vs Sweden,France vs Sweden,France,Sweden,France,1,0,Roshan Mohnani,Brazil,30/06/2026_France vs Sweden,30/06/2026_France vs Sweden_Roshan Mohnani,OK,OK,OK,OK,OK,3,0,3,0,3
,2b029b92-607e-4a36-b719-f1c446e74038,46203,Ivory Coast vs Norway,Ivory Coast vs Norway,Ivory Coast,Norway,Norway,0,2,Roshan Mohnani,Brazil,30/06/2026_Ivory Coast vs Norway,30/06/2026_Ivory Coast vs Norway_Roshan Mohnani,OK,OK,OK,OK,OK,1,2,3,0,3
,ca8daf97-6dfe-4767-871f-a5ba113d7e95,46203,Mexico vs Ecuador,Mexico vs Ecuador,Mexico,Ecuador,Mexico,2,0,Roshan Mohnani,Brazil,30/06/2026_Mexico vs Ecuador,30/06/2026_Mexico vs Ecuador_Roshan Mohnani,OK,OK,OK,OK,OK,2,0,3,5,8
,a0f86da8-a60d-4669-94e9-70b4d5aa4963,46204,England vs Congo DR,England vs Congo DR,England,Congo DR,England,2,0,Roshan Mohnani,Brazil,01/07/2026_England vs Congo DR,01/07/2026_England vs Congo DR_Roshan Mohnani,OK,OK,OK,OK,OK,2,1,3,0,3
,4c69d41b-21d9-4b9d-95d0-f7d16abf7e66,46204,United States vs Bosnia-Herzegovina,United States vs Bosnia-Herzegovina,United States,Bosnia-Herzegovina,United States,2,0,Roshan Mohnani,Brazil,01/07/2026_United States vs Bosnia-Herzegovina,01/07/2026_United States vs Bosnia-Herzegovina_Roshan Mohnani,OK,OK,OK,OK,OK,2,0,3,5,8
,c24e1efe-9f40-439c-898f-12b65197904c,46204,Belgium vs Senegal,Belgium vs Senegal,Belgium,Senegal,Belgium,1,0,Roshan Mohnani,Brazil,01/07/2026_Belgium vs Senegal,01/07/2026_Belgium vs Senegal_Roshan Mohnani,OK,OK,OK,OK,OK,2,2,0,0,0
,7c9789f1-ec0f-44bb-9322-7bfaab65b026,46205,Portugal vs Croatia,Portugal vs Croatia,Portugal,Croatia,Portugal,1,0,Roshan Mohnani,Brazil,02/07/2026_Portugal vs Croatia,02/07/2026_Portugal vs Croatia_Roshan Mohnani,OK,OK,OK,OK,OK,2,1,3,0,3
,f2ffe154-9bb8-45c7-9785-582b89fd0f40,46205,Spain vs Austria,Spain vs Austria,Spain,Austria,Spain,3,0,Roshan Mohnani,Brazil,02/07/2026_Spain vs Austria,02/07/2026_Spain vs Austria_Roshan Mohnani,OK,OK,OK,OK,OK,3,0,3,5,8
,7b91bdea-56c4-4cb2-8b84-25fb4b89d6f1,46205,Switzerland vs Algeria,Switzerland vs Algeria,Switzerland,Algeria,Switzerland,2,1,Roshan Mohnani,Brazil,02/07/2026_Switzerland vs Algeria,02/07/2026_Switzerland vs Algeria_Roshan Mohnani,OK,OK,OK,OK,OK,2,0,3,0,3
,a2700fa2-b0c7-45d0-9a07-0205df61ac8c,46206,Argentina vs Cape Verde Islands,Argentina vs Cape Verde Islands,Argentina,Cape Verde Islands,Argentina,3,0,Roshan Mohnani,Brazil,03/07/2026_Argentina vs Cape Verde Islands,03/07/2026_Argentina vs Cape Verde Islands_Roshan Mohnani,OK,OK,OK,OK,OK,1,1,0,0,0
,08526b63-3a82-4a68-b0e2-fd3d1c4de635,46206,Colombia vs Ghana,Colombia vs Ghana,Colombia,Ghana,Colombia,2,0,Roshan Mohnani,Brazil,03/07/2026_Colombia vs Ghana,03/07/2026_Colombia vs Ghana_Roshan Mohnani,OK,OK,OK,OK,OK,1,0,3,0,3
,c99d48d4-a353-41b0-b179-6d4c9901715e,46206,Australia vs Egypt,Australia vs Egypt,Australia,Egypt,Egypt,0,1,Roshan Mohnani,Brazil,03/07/2026_Australia vs Egypt,03/07/2026_Australia vs Egypt_Roshan Mohnani,OK,OK,OK,OK,OK,1,1,0,0,0
,65526ab0-df57-498b-b3ce-f1d37843c321,46207,Canada vs Morocco,Canada vs Morocco,Canada,Morocco,Morocco,1,2,Roshan Mohnani,Brazil,04/07/2026_Canada vs Morocco,04/07/2026_Canada vs Morocco_Roshan Mohnani,OK,OK,OK,OK,OK,0,3,3,0,3
,c7241309-760e-4811-aa9d-d1fe3797394e,46207,Paraguay vs France,Paraguay vs France,Paraguay,France,France,0,2,Roshan Mohnani,Brazil,04/07/2026_Paraguay vs France,04/07/2026_Paraguay vs France_Roshan Mohnani,OK,OK,OK,OK,OK,0,1,3,0,3
,4488ec8b-d865-4332-9b8a-868c305abae5,46208,Brazil vs Norway,Brazil vs Norway,Brazil,Norway,Brazil,1,0,Roshan Mohnani,Brazil,05/07/2026_Brazil vs Norway,05/07/2026_Brazil vs Norway_Roshan Mohnani,OK,OK,OK,OK,OK,1,2,0,0,0
,585e10a0-345e-4e06-99aa-2f0cc6f067f2,46209,Mexico vs England,Mexico vs England,Mexico,England,England,1,2,Roshan Mohnani,Brazil,06/07/2026_Mexico vs England,06/07/2026_Mexico vs England_Roshan Mohnani,OK,OK,OK,OK,OK,2,3,3,0,3
,95077c5a-60d3-444d-add2-688808f7e48c,46209,Portugal vs Spain,Portugal vs Spain,Portugal,Spain,Spain,0,2,Roshan Mohnani,Brazil,06/07/2026_Portugal vs Spain,06/07/2026_Portugal vs Spain_Roshan Mohnani,OK,OK,OK,OK,OK,0,1,3,0,3
,c6ef194d-d31f-4f7f-b85d-7eebeb3714d5,46210,United States vs Belgium,United States vs Belgium,United States,Belgium,Belgium,1,2,Roshan Mohnani,Brazil,07/07/2026_United States vs Belgium,07/07/2026_United States vs Belgium_Roshan Mohnani,OK,OK,OK,OK,OK,1,4,3,0,3
,002c2955-2eb1-49d5-bd75-a57a31713ea6,46210,Argentina vs Egypt,Argentina vs Egypt,Argentina,Egypt,Argentina,3,0,Roshan Mohnani,Brazil,07/07/2026_Argentina vs Egypt,07/07/2026_Argentina vs Egypt_Roshan Mohnani,OK,OK,OK,OK,OK,3,2,3,0,3
,1eabc6d9-5fac-4991-a8c9-8c810af64d60,46210,Switzerland vs Colombia,Switzerland vs Colombia,Switzerland,Colombia,Colombia,0,1,Roshan Mohnani,Brazil,07/07/2026_Switzerland vs Colombia,07/07/2026_Switzerland vs Colombia_Roshan Mohnani,OK,OK,OK,OK,OK,0,0,0,0,0
,803946f8-05f2-496a-9dd3-3f9131f1383b,46212,France vs Morocco,France vs Morocco,France,Morocco,France,2,1,Roshan Mohnani,Brazil,09/07/2026_France vs Morocco,09/07/2026_France vs Morocco_Roshan Mohnani,OK,OK,OK,OK,OK,2,0,3,0,3
,80a14bef-15ad-4049-9585-d1f1ee0d9965,46213,Spain vs Belgium,Spain vs Belgium,Spain,Belgium,Spain,2,0,Roshan Mohnani,Brazil,10/07/2026_Spain vs Belgium,10/07/2026_Spain vs Belgium_Roshan Mohnani,OK,OK,OK,OK,OK,2,1,3,0,3
,4191489a-70ea-4a3a-b300-f657e8621e1a,46214,Norway vs England,Norway vs England,Norway,England,England,2,3,Roshan Mohnani,Brazil,11/07/2026_Norway vs England,11/07/2026_Norway vs England_Roshan Mohnani,OK,OK,OK,OK,OK,1,1,0,0,0
,bae19013-1972-4ac7-b26d-5cb44bf8a0da,46215,Argentina vs Switzerland,Argentina vs Switzerland,Argentina,Switzerland,Argentina,2,0,Roshan Mohnani,Brazil,12/07/2026_Argentina vs Switzerland,12/07/2026_Argentina vs Switzerland_Roshan Mohnani,OK,OK,OK,OK,OK,3,1,3,0,3
,dd616494-20a8-4596-ad6b-904f29d6639e,46217,France vs Spain,France vs Spain,France,Spain,France,2,1,Roshan Mohnani,Brazil,14/07/2026_France vs Spain,14/07/2026_France vs Spain_Roshan Mohnani,OK,OK,OK,OK,OK,0,2,0,0,0
,4079cb78-1383-4ab9-aef9-e9915fb2add6,46218,England vs Argentina,England vs Argentina,England,Argentina,England,3,2,Roshan Mohnani,Brazil,15/07/2026_England vs Argentina,15/07/2026_England vs Argentina_Roshan Mohnani,OK,OK,OK,OK,OK,1,2,0,0,0
,755751f3-6212-49eb-b78e-cb99c182ba83,46201,South Africa vs Canada,South Africa vs Canada,South Africa,Canada,Canada,1,2,Ryan Gatt,Spain,28/06/2026_South Africa vs Canada,28/06/2026_South Africa vs Canada_Ryan Gatt,OK,OK,OK,OK,OK,0,1,3,0,3
,a880aaca-9d61-41d4-bdd9-4794b5e05565,46202,Germany vs Paraguay,Germany vs Paraguay,Germany,Paraguay,Germany,3,0,Ryan Gatt,Spain,29/06/2026_Germany vs Paraguay,29/06/2026_Germany vs Paraguay_Ryan Gatt,OK,OK,OK,OK,OK,1,1,0,0,0
,674df8c4-b636-4b04-9d7b-c5700e1cfba5,46202,Netherlands vs Morocco,Netherlands vs Morocco,Netherlands,Morocco,Netherlands,2,1,Ryan Gatt,Spain,29/06/2026_Netherlands vs Morocco,29/06/2026_Netherlands vs Morocco_Ryan Gatt,OK,OK,OK,OK,OK,1,1,0,0,0
,5c2e9c21-ffb0-4c58-8da8-92cad4190aaf,46202,Brazil vs Japan,Brazil vs Japan,Brazil,Japan,Brazil,3,1,Ryan Gatt,Spain,29/06/2026_Brazil vs Japan,29/06/2026_Brazil vs Japan_Ryan Gatt,OK,OK,OK,OK,OK,2,1,3,0,3
,4b88dfc7-a136-4e92-9fe5-daac1b3359c0,46203,France vs Sweden,France vs Sweden,France,Sweden,France,4,1,Ryan Gatt,Spain,30/06/2026_France vs Sweden,30/06/2026_France vs Sweden_Ryan Gatt,OK,OK,OK,OK,OK,3,0,3,0,3
,929e446e-0458-431b-a528-92654b232195,46203,Ivory Coast vs Norway,Ivory Coast vs Norway,Ivory Coast,Norway,Tie,1,1,Ryan Gatt,Spain,30/06/2026_Ivory Coast vs Norway,30/06/2026_Ivory Coast vs Norway_Ryan Gatt,OK,OK,OK,OK,OK,1,2,0,0,0
,0041d2e9-d98d-4b04-8060-448de411564f,46203,Mexico vs Ecuador,Mexico vs Ecuador,Mexico,Ecuador,Mexico,2,1,Ryan Gatt,Spain,30/06/2026_Mexico vs Ecuador,30/06/2026_Mexico vs Ecuador_Ryan Gatt,OK,OK,OK,OK,OK,2,0,3,0,3
,8aeeaae1-d596-46f5-a4e8-956697e7be1c,46204,England vs Congo DR,England vs Congo DR,England,Congo DR,England,2,0,Ryan Gatt,Spain,01/07/2026_England vs Congo DR,01/07/2026_England vs Congo DR_Ryan Gatt,OK,OK,OK,OK,OK,2,1,3,0,3
,374b54f1-6e97-4189-8fe6-6a563aae7121,46204,United States vs Bosnia-Herzegovina,United States vs Bosnia-Herzegovina,United States,Bosnia-Herzegovina,Tie,2,2,Ryan Gatt,Spain,01/07/2026_United States vs Bosnia-Herzegovina,01/07/2026_United States vs Bosnia-Herzegovina_Ryan Gatt,OK,OK,OK,OK,OK,2,0,0,0,0
,37fe410a-e19c-4e86-b10d-dc906558e650,46204,Belgium vs Senegal,Belgium vs Senegal,Belgium,Senegal,Belgium,2,1,Ryan Gatt,Spain,01/07/2026_Belgium vs Senegal,01/07/2026_Belgium vs Senegal_Ryan Gatt,OK,OK,OK,OK,OK,2,2,0,0,0
,33e9e1d4-10d8-4ff2-b81d-03aa7f8f66d3,46205,Spain vs Austria,Spain vs Austria,Spain,Austria,Spain,3,0,Ryan Gatt,Spain,02/07/2026_Spain vs Austria,02/07/2026_Spain vs Austria_Ryan Gatt,OK,OK,OK,OK,OK,3,0,3,5,8
,3d3643d0-4122-4173-afa5-bb59feb129ef,46205,Portugal vs Croatia,Portugal vs Croatia,Portugal,Croatia,Tie,2,2,Ryan Gatt,Spain,02/07/2026_Portugal vs Croatia,02/07/2026_Portugal vs Croatia_Ryan Gatt,OK,OK,OK,OK,OK,2,1,0,0,0
,7d499777-dee1-44e0-9f34-2b377b011b6e,46205,Switzerland vs Algeria,Switzerland vs Algeria,Switzerland,Algeria,Switzerland,2,1,Ryan Gatt,Spain,02/07/2026_Switzerland vs Algeria,02/07/2026_Switzerland vs Algeria_Ryan Gatt,OK,OK,OK,OK,OK,2,0,3,0,3
,cd43fa0b-e415-4132-8300-76a6a4390f0f,46206,Argentina vs Cape Verde Islands,Argentina vs Cape Verde Islands,Argentina,Cape Verde Islands,Argentina,3,0,Ryan Gatt,Spain,03/07/2026_Argentina vs Cape Verde Islands,03/07/2026_Argentina vs Cape Verde Islands_Ryan Gatt,OK,OK,OK,OK,OK,1,1,0,0,0
,7e282fbe-1e4f-45e7-b833-81969261d746,46206,Colombia vs Ghana,Colombia vs Ghana,Colombia,Ghana,Colombia,2,1,Ryan Gatt,Spain,03/07/2026_Colombia vs Ghana,03/07/2026_Colombia vs Ghana_Ryan Gatt,OK,OK,OK,OK,OK,1,0,3,0,3
,8091def8-2fcb-4afa-84ee-6b941a520fd4,46206,Australia vs Egypt,Australia vs Egypt,Australia,Egypt,Tie,1,1,Ryan Gatt,Spain,03/07/2026_Australia vs Egypt,03/07/2026_Australia vs Egypt_Ryan Gatt,OK,OK,OK,OK,OK,1,1,3,5,8
,32a6508c-d327-424f-aeea-d96f559315d0,46209,Portugal vs Spain,Portugal vs Spain,Portugal,Spain,Spain,2,3,Ryan Gatt,Spain,06/07/2026_Portugal vs Spain,06/07/2026_Portugal vs Spain_Ryan Gatt,OK,OK,OK,OK,OK,0,1,3,0,3
,4df75b69-ae23-4465-9ebe-1de1434bd0e1,46210,United States vs Belgium,United States vs Belgium,United States,Belgium,Tie,2,2,Ryan Gatt,Spain,07/07/2026_United States vs Belgium,07/07/2026_United States vs Belgium_Ryan Gatt,OK,OK,OK,OK,OK,1,4,0,0,0
,d43c9dad-a741-4f1d-b643-1dfe3c720c50,46210,Argentina vs Egypt,Argentina vs Egypt,Argentina,Egypt,Argentina,3,1,Ryan Gatt,Spain,07/07/2026_Argentina vs Egypt,07/07/2026_Argentina vs Egypt_Ryan Gatt,OK,OK,OK,OK,OK,3,2,3,0,3
,323ed319-4b9f-4dad-86ce-8c3717f6cf7d,46210,Switzerland vs Colombia,Switzerland vs Colombia,Switzerland,Colombia,Colombia,0,3,Ryan Gatt,Spain,07/07/2026_Switzerland vs Colombia,07/07/2026_Switzerland vs Colombia_Ryan Gatt,OK,OK,OK,OK,OK,0,0,0,0,0
,d6873d71-e795-406d-a9dc-579efa975778,46212,France vs Morocco,France vs Morocco,France,Morocco,France,3,0,Ryan Gatt,Spain,09/07/2026_France vs Morocco,09/07/2026_France vs Morocco_Ryan Gatt,OK,OK,OK,OK,OK,2,0,3,0,3
,106eb86e-9dbd-4639-b28c-35da02e91b27,46213,Spain vs Belgium,Spain vs Belgium,Spain,Belgium,Spain,2,0,Ryan Gatt,Spain,10/07/2026_Spain vs Belgium,10/07/2026_Spain vs Belgium_Ryan Gatt,OK,OK,OK,OK,OK,2,1,3,0,3
,54d15fee-dc15-4837-96f8-3b358012c0cb,46214,Norway vs England,Norway vs England,Norway,England,Tie,2,2,Ryan Gatt,Spain,11/07/2026_Norway vs England,11/07/2026_Norway vs England_Ryan Gatt,OK,OK,OK,OK,OK,1,1,3,0,3
,eb95c45d-cfbb-42b7-b8e8-fe10295073d2,46215,Argentina vs Switzerland,Argentina vs Switzerland,Argentina,Switzerland,Argentina,2,1,Ryan Gatt,Spain,12/07/2026_Argentina vs Switzerland,12/07/2026_Argentina vs Switzerland_Ryan Gatt,OK,OK,OK,OK,OK,3,1,3,0,3
,3d9f7757-2ff3-47f7-8b2a-045526bc25f4,46201,South Africa vs Canada,South Africa vs Canada,South Africa,Canada,Canada,2,3,Sarah Farrugia,Germany,28/06/2026_South Africa vs Canada,28/06/2026_South Africa vs Canada_Sarah Farrugia,OK,OK,OK,OK,OK,0,1,3,0,3
,8f43edaa-55b4-45f3-a171-b674d7cc34f4,46202,Germany vs Paraguay,Germany vs Paraguay,Germany,Paraguay,Germany,3,1,Sarah Farrugia,Germany,29/06/2026_Germany vs Paraguay,29/06/2026_Germany vs Paraguay_Sarah Farrugia,OK,OK,OK,OK,OK,1,1,0,0,0
,4ef7c3c7-46de-4a28-8875-3bd7160e6249,46202,Netherlands vs Morocco,Netherlands vs Morocco,Netherlands,Morocco,Netherlands,3,1,Sarah Farrugia,Germany,29/06/2026_Netherlands vs Morocco,29/06/2026_Netherlands vs Morocco_Sarah Farrugia,OK,OK,OK,OK,OK,1,1,0,0,0
,ab695d3b-3b7e-4d72-b0a0-e031637170cf,46202,Brazil vs Japan,Brazil vs Japan,Brazil,Japan,Brazil,4,2,Sarah Farrugia,Germany,29/06/2026_Brazil vs Japan,29/06/2026_Brazil vs Japan_Sarah Farrugia,OK,OK,OK,OK,OK,2,1,3,0,3
,869e6033-0201-40f2-8231-9fd2dac532db,46203,France vs Sweden,France vs Sweden,France,Sweden,France,3,0,Sarah Farrugia,Germany,30/06/2026_France vs Sweden,30/06/2026_France vs Sweden_Sarah Farrugia,OK,OK,OK,OK,OK,3,0,3,5,8
,f2d420ad-3810-4216-a9f8-3dd471ebdd3f,46203,Ivory Coast vs Norway,Ivory Coast vs Norway,Ivory Coast,Norway,Norway,0,3,Sarah Farrugia,Germany,30/06/2026_Ivory Coast vs Norway,30/06/2026_Ivory Coast vs Norway_Sarah Farrugia,OK,OK,OK,OK,OK,1,2,3,0,3
,fc57d279-d136-4e2a-8d5d-2bd403070103,46203,Mexico vs Ecuador,Mexico vs Ecuador,Mexico,Ecuador,Mexico,2,1,Sarah Farrugia,Germany,30/06/2026_Mexico vs Ecuador,30/06/2026_Mexico vs Ecuador_Sarah Farrugia,OK,OK,OK,OK,OK,2,0,3,0,3
,60cb2513-3fad-43ca-8670-5b0ce1b2c53a,46204,England vs Congo DR,England vs Congo DR,England,Congo DR,England,3,1,Sarah Farrugia,Germany,01/07/2026_England vs Congo DR,01/07/2026_England vs Congo DR_Sarah Farrugia,OK,OK,OK,OK,OK,2,1,3,0,3
,01399fc1-b317-481a-8df6-da237024d5d6,46204,United States vs Bosnia-Herzegovina,United States vs Bosnia-Herzegovina,United States,Bosnia-Herzegovina,Tie,1,1,Sarah Farrugia,Germany,01/07/2026_United States vs Bosnia-Herzegovina,01/07/2026_United States vs Bosnia-Herzegovina_Sarah Farrugia,OK,OK,OK,OK,OK,2,0,0,0,0
,d488eb53-2631-4c85-845e-2752e84d1d42,46204,Belgium vs Senegal,Belgium vs Senegal,Belgium,Senegal,Belgium,3,1,Sarah Farrugia,Germany,01/07/2026_Belgium vs Senegal,01/07/2026_Belgium vs Senegal_Sarah Farrugia,OK,OK,OK,OK,OK,2,2,0,0,0
,83909f08-5ea7-477c-ad28-c3f292cee5bf,46205,Portugal vs Croatia,Portugal vs Croatia,Portugal,Croatia,Portugal,2,1,Sarah Farrugia,Germany,02/07/2026_Portugal vs Croatia,02/07/2026_Portugal vs Croatia_Sarah Farrugia,OK,OK,OK,OK,OK,2,1,3,5,8
,fd6f7797-dd77-4aeb-b506-abaafe32dd26,46205,Spain vs Austria,Spain vs Austria,Spain,Austria,Spain,3,1,Sarah Farrugia,Germany,02/07/2026_Spain vs Austria,02/07/2026_Spain vs Austria_Sarah Farrugia,OK,OK,OK,OK,OK,3,0,3,0,3
,a701bba8-690a-4f47-a2fa-f83974ba80f3,46205,Switzerland vs Algeria,Switzerland vs Algeria,Switzerland,Algeria,Tie,1,1,Sarah Farrugia,Germany,02/07/2026_Switzerland vs Algeria,02/07/2026_Switzerland vs Algeria_Sarah Farrugia,OK,OK,OK,OK,OK,2,0,0,0,0
,341476b5-beff-4063-a322-a9ed50f735a7,46206,Argentina vs Cape Verde Islands,Argentina vs Cape Verde Islands,Argentina,Cape Verde Islands,Argentina,5,1,Sarah Farrugia,Germany,03/07/2026_Argentina vs Cape Verde Islands,03/07/2026_Argentina vs Cape Verde Islands_Sarah Farrugia,OK,OK,OK,OK,OK,1,1,0,0,0
,4044ba38-ed3e-4cf6-9fbd-ac04030306c0,46206,Colombia vs Ghana,Colombia vs Ghana,Colombia,Ghana,Colombia,2,0,Sarah Farrugia,Germany,03/07/2026_Colombia vs Ghana,03/07/2026_Colombia vs Ghana_Sarah Farrugia,OK,OK,OK,OK,OK,1,0,3,0,3
,4987f241-7d15-4a9c-97dd-67dd22633035,46206,Australia vs Egypt,Australia vs Egypt,Australia,Egypt,Tie,1,1,Sarah Farrugia,Germany,03/07/2026_Australia vs Egypt,03/07/2026_Australia vs Egypt_Sarah Farrugia,OK,OK,OK,OK,OK,1,1,3,5,8
,cde1a067-aa53-4dd5-937d-505078746a59,46207,Canada vs Morocco,Canada vs Morocco,Canada,Morocco,Morocco,0,2,Sarah Farrugia,Germany,04/07/2026_Canada vs Morocco,04/07/2026_Canada vs Morocco_Sarah Farrugia,OK,OK,OK,OK,OK,0,3,3,0,3
,d17bc440-a1f4-45fc-9196-fa81eb03f6e8,46207,Paraguay vs France,Paraguay vs France,Paraguay,France,France,1,3,Sarah Farrugia,Germany,04/07/2026_Paraguay vs France,04/07/2026_Paraguay vs France_Sarah Farrugia,OK,OK,OK,OK,OK,0,1,3,0,3
,2fb8700d-6210-48d2-85d3-2a36c38a6a6d,46208,Brazil vs Norway,Brazil vs Norway,Brazil,Norway,Brazil,2,1,Sarah Farrugia,Germany,05/07/2026_Brazil vs Norway,05/07/2026_Brazil vs Norway_Sarah Farrugia,OK,OK,OK,OK,OK,1,2,0,0,0
,272284d6-67b3-454a-8111-0d5004db9d20,46209,Mexico vs England,Mexico vs England,Mexico,England,Mexico,2,1,Sarah Farrugia,Germany,06/07/2026_Mexico vs England,06/07/2026_Mexico vs England_Sarah Farrugia,OK,OK,OK,OK,OK,2,3,0,0,0
,8b55a123-e2d3-428e-ba12-47c2d71bafd1,46209,Portugal vs Spain,Portugal vs Spain,Portugal,Spain,Spain,1,3,Sarah Farrugia,Germany,06/07/2026_Portugal vs Spain,06/07/2026_Portugal vs Spain_Sarah Farrugia,OK,OK,OK,OK,OK,0,1,3,0,3
,7d237d88-bc47-4149-8f88-82f927e43840,46210,United States vs Belgium,United States vs Belgium,United States,Belgium,United States,2,1,Sarah Farrugia,Germany,07/07/2026_United States vs Belgium,07/07/2026_United States vs Belgium_Sarah Farrugia,OK,OK,OK,OK,OK,1,4,0,0,0
,b8b2a517-5aa0-4b28-afd4-9db6eccce590,46210,Argentina vs Egypt,Argentina vs Egypt,Argentina,Egypt,Argentina,3,1,Sarah Farrugia,Germany,07/07/2026_Argentina vs Egypt,07/07/2026_Argentina vs Egypt_Sarah Farrugia,OK,OK,OK,OK,OK,3,2,3,0,3
,2b5ebd58-6080-4d54-9777-75f9c5a468b7,46210,Switzerland vs Colombia,Switzerland vs Colombia,Switzerland,Colombia,Switzerland,2,1,Sarah Farrugia,Germany,07/07/2026_Switzerland vs Colombia,07/07/2026_Switzerland vs Colombia_Sarah Farrugia,OK,OK,OK,OK,OK,0,0,0,0,0
,8926cfe5-b4e2-4ce1-9fbe-c7b6f42dac9a,46212,France vs Morocco,France vs Morocco,France,Morocco,France,3,1,Sarah Farrugia,Germany,09/07/2026_France vs Morocco,09/07/2026_France vs Morocco_Sarah Farrugia,OK,OK,OK,OK,OK,2,0,3,0,3
,320848d1-4893-42a1-b9ca-c012e36137b0,46213,Spain vs Belgium,Spain vs Belgium,Spain,Belgium,Spain,2,1,Sarah Farrugia,Germany,10/07/2026_Spain vs Belgium,10/07/2026_Spain vs Belgium_Sarah Farrugia,OK,OK,OK,OK,OK,2,1,3,5,8
,af3e77f9-95a2-42b4-9e01-54efaef30ec1,46214,Norway vs England,Norway vs England,Norway,England,Norway,3,1,Sarah Farrugia,Germany,11/07/2026_Norway vs England,11/07/2026_Norway vs England_Sarah Farrugia,OK,OK,OK,OK,OK,1,1,0,0,0
,3deb13b9-ee65-4e35-b8d0-f424fbe75cfe,46215,Argentina vs Switzerland,Argentina vs Switzerland,Argentina,Switzerland,Argentina,2,0,Sarah Farrugia,Germany,12/07/2026_Argentina vs Switzerland,12/07/2026_Argentina vs Switzerland_Sarah Farrugia,OK,OK,OK,OK,OK,3,1,3,0,3
,87882a48-ef24-4c27-8009-63842919f9cb,46217,France vs Spain,France vs Spain,France,Spain,France,2,1,Sarah Farrugia,Germany,14/07/2026_France vs Spain,14/07/2026_France vs Spain_Sarah Farrugia,OK,OK,OK,OK,OK,0,2,0,0,0
,14a65c06-46ef-457c-8f2f-3ddf98617a6f,46218,England vs Argentina,England vs Argentina,England,Argentina,Argentina,0,2,Sarah Farrugia,Germany,15/07/2026_England vs Argentina,15/07/2026_England vs Argentina_Sarah Farrugia,OK,OK,OK,OK,OK,1,2,3,0,3
,eeb60b7e-2a23-48d9-8b9a-77236de22e14,46201,South Africa vs Canada,South Africa vs Canada,South Africa,Canada,Canada,0,1,Stephanie Grech,France,28/06/2026_South Africa vs Canada,28/06/2026_South Africa vs Canada_Stephanie Grech,OK,OK,OK,OK,OK,0,1,3,5,8
,ddea102b-4d5a-4145-a719-b6951aafe39d,46202,Germany vs Paraguay,Germany vs Paraguay,Germany,Paraguay,Germany,3,1,Stephanie Grech,France,29/06/2026_Germany vs Paraguay,29/06/2026_Germany vs Paraguay_Stephanie Grech,OK,OK,OK,OK,OK,1,1,0,0,0
,d1dc7f73-f38d-438f-a221-14b773a002d2,46202,Netherlands vs Morocco,Netherlands vs Morocco,Netherlands,Morocco,Netherlands,2,1,Stephanie Grech,France,29/06/2026_Netherlands vs Morocco,29/06/2026_Netherlands vs Morocco_Stephanie Grech,OK,OK,OK,OK,OK,1,1,0,0,0
,7aee79c1-4c3f-4d23-8d37-f34f0705a40f,46202,Brazil vs Japan,Brazil vs Japan,Brazil,Japan,Brazil,2,0,Stephanie Grech,France,29/06/2026_Brazil vs Japan,29/06/2026_Brazil vs Japan_Stephanie Grech,OK,OK,OK,OK,OK,2,1,3,0,3
,8482bdbb-c644-402b-8892-a1d788107178,46203,France vs Sweden,France vs Sweden,France,Sweden,France,2,0,Stephanie Grech,France,30/06/2026_France vs Sweden,30/06/2026_France vs Sweden_Stephanie Grech,OK,OK,OK,OK,OK,3,0,3,0,3
,76c28008-9caa-4663-b1f4-cfb937757ca3,46203,Ivory Coast vs Norway,Ivory Coast vs Norway,Ivory Coast,Norway,Norway,1,2,Stephanie Grech,France,30/06/2026_Ivory Coast vs Norway,30/06/2026_Ivory Coast vs Norway_Stephanie Grech,OK,OK,OK,OK,OK,1,2,3,5,8
,ada5cef7-b1f5-4c09-a8d0-f8c7bfdbf61d,46203,Mexico vs Ecuador,Mexico vs Ecuador,Mexico,Ecuador,Mexico,2,1,Stephanie Grech,France,30/06/2026_Mexico vs Ecuador,30/06/2026_Mexico vs Ecuador_Stephanie Grech,OK,OK,OK,OK,OK,2,0,3,0,3
,ef662f81-dc2f-493b-bb96-e0c38fc90c98,46204,England vs Congo DR,England vs Congo DR,England,Congo DR,England,2,0,Stephanie Grech,France,01/07/2026_England vs Congo DR,01/07/2026_England vs Congo DR_Stephanie Grech,OK,OK,OK,OK,OK,2,1,3,0,3
,058c9818-c912-485c-806b-1f4f25ac06e2,46204,United States vs Bosnia-Herzegovina,United States vs Bosnia-Herzegovina,United States,Bosnia-Herzegovina,United States,2,0,Stephanie Grech,France,01/07/2026_United States vs Bosnia-Herzegovina,01/07/2026_United States vs Bosnia-Herzegovina_Stephanie Grech,OK,OK,OK,OK,OK,2,0,3,5,8
,662c8470-a2cb-41aa-8740-79fb873f6128,46204,Belgium vs Senegal,Belgium vs Senegal,Belgium,Senegal,Belgium,2,1,Stephanie Grech,France,01/07/2026_Belgium vs Senegal,01/07/2026_Belgium vs Senegal_Stephanie Grech,OK,OK,OK,OK,OK,2,2,0,0,0
,dd0d529c-297f-41ac-bb78-2246a144958e,46205,Portugal vs Croatia,Portugal vs Croatia,Portugal,Croatia,Portugal,2,1,Stephanie Grech,France,02/07/2026_Portugal vs Croatia,02/07/2026_Portugal vs Croatia_Stephanie Grech,OK,OK,OK,OK,OK,2,1,3,5,8
,138423f5-a03a-4c68-813d-a66b566d2a60,46205,Spain vs Austria,Spain vs Austria,Spain,Austria,Spain,2,1,Stephanie Grech,France,02/07/2026_Spain vs Austria,02/07/2026_Spain vs Austria_Stephanie Grech,OK,OK,OK,OK,OK,3,0,3,0,3
,f0641f08-c6ce-4b30-9626-408dd41ddff3,46205,Switzerland vs Algeria,Switzerland vs Algeria,Switzerland,Algeria,Switzerland,1,0,Stephanie Grech,France,02/07/2026_Switzerland vs Algeria,02/07/2026_Switzerland vs Algeria_Stephanie Grech,OK,OK,OK,OK,OK,2,0,3,0,3
,9f474338-7af3-4be6-a79a-931486df57ec,46206,Argentina vs Cape Verde Islands,Argentina vs Cape Verde Islands,Argentina,Cape Verde Islands,Argentina,3,1,Stephanie Grech,France,03/07/2026_Argentina vs Cape Verde Islands,03/07/2026_Argentina vs Cape Verde Islands_Stephanie Grech,OK,OK,OK,OK,OK,1,1,0,0,0
,70f88493-5877-4c67-9932-3c3c6f8c18ef,46206,Colombia vs Ghana,Colombia vs Ghana,Colombia,Ghana,Colombia,2,1,Stephanie Grech,France,03/07/2026_Colombia vs Ghana,03/07/2026_Colombia vs Ghana_Stephanie Grech,OK,OK,OK,OK,OK,1,0,3,0,3
,846df506-6a02-438c-add4-468b7800ebc5,46206,Australia vs Egypt,Australia vs Egypt,Australia,Egypt,Egypt,1,2,Stephanie Grech,France,03/07/2026_Australia vs Egypt,03/07/2026_Australia vs Egypt_Stephanie Grech,OK,OK,OK,OK,OK,1,1,0,0,0
,849ff9f9-a859-4634-b01f-565df8d133f2,46207,Canada vs Morocco,Canada vs Morocco,Canada,Morocco,Canada,2,1,Stephanie Grech,France,04/07/2026_Canada vs Morocco,04/07/2026_Canada vs Morocco_Stephanie Grech,OK,OK,OK,OK,OK,0,3,0,0,0
,f52b90ce-9c49-4a6e-ad3a-ed01e07eff8f,46207,Paraguay vs France,Paraguay vs France,Paraguay,France,France,0,3,Stephanie Grech,France,04/07/2026_Paraguay vs France,04/07/2026_Paraguay vs France_Stephanie Grech,OK,OK,OK,OK,OK,0,1,3,0,3
,e854cbc9-a1f3-4b69-8ef7-4053b254d0c3,46208,Brazil vs Norway,Brazil vs Norway,Brazil,Norway,Brazil,2,0,Stephanie Grech,France,05/07/2026_Brazil vs Norway,05/07/2026_Brazil vs Norway_Stephanie Grech,OK,OK,OK,OK,OK,1,2,0,0,0
,8dca102c-4154-4bb0-bf59-3a539b8378fb,46209,Mexico vs England,Mexico vs England,Mexico,England,England,1,2,Stephanie Grech,France,06/07/2026_Mexico vs England,06/07/2026_Mexico vs England_Stephanie Grech,OK,OK,OK,OK,OK,2,3,3,0,3
,bc1333f8-887f-4278-8263-eb5f10bb0525,46209,Portugal vs Spain,Portugal vs Spain,Portugal,Spain,Spain,1,2,Stephanie Grech,France,06/07/2026_Portugal vs Spain,06/07/2026_Portugal vs Spain_Stephanie Grech,OK,OK,OK,OK,OK,0,1,3,0,3
,1b933175-052d-4010-999c-7d8efdb4129f,46210,United States vs Belgium,United States vs Belgium,United States,Belgium,Belgium,1,2,Stephanie Grech,France,07/07/2026_United States vs Belgium,07/07/2026_United States vs Belgium_Stephanie Grech,OK,OK,OK,OK,OK,1,4,3,0,3
,b9cef2f3-c388-472e-a8f5-227ede3309b7,46210,Argentina vs Egypt,Argentina vs Egypt,Argentina,Egypt,Argentina,3,0,Stephanie Grech,France,07/07/2026_Argentina vs Egypt,07/07/2026_Argentina vs Egypt_Stephanie Grech,OK,OK,OK,OK,OK,3,2,3,0,3
,b4bfd2fa-bf97-40e4-bc8f-1c84710f148f,46210,Switzerland vs Colombia,Switzerland vs Colombia,Switzerland,Colombia,Colombia,1,2,Stephanie Grech,France,07/07/2026_Switzerland vs Colombia,07/07/2026_Switzerland vs Colombia_Stephanie Grech,OK,OK,OK,OK,OK,0,0,0,0,0
,9bdd82ae-5fbc-4e9b-9016-535abe970001,46212,France vs Morocco,France vs Morocco,France,Morocco,France,3,1,Stephanie Grech,France,09/07/2026_France vs Morocco,09/07/2026_France vs Morocco_Stephanie Grech,OK,OK,OK,OK,OK,2,0,3,0,3
,b0a69483-f20f-4176-9fcd-6fadf45b8af9,46213,Spain vs Belgium,Spain vs Belgium,Spain,Belgium,Spain,2,1,Stephanie Grech,France,10/07/2026_Spain vs Belgium,10/07/2026_Spain vs Belgium_Stephanie Grech,OK,OK,OK,OK,OK,2,1,3,5,8
,1781f415-7309-44fb-9dba-f763aba5b890,46214,Norway vs England,Norway vs England,Norway,England,England,0,2,Stephanie Grech,France,11/07/2026_Norway vs England,11/07/2026_Norway vs England_Stephanie Grech,OK,OK,OK,OK,OK,1,1,0,0,0
,e2f3ad3e-471b-4412-9919-5384bf970862,46215,Argentina vs Switzerland,Argentina vs Switzerland,Argentina,Switzerland,Argentina,2,0,Stephanie Grech,France,12/07/2026_Argentina vs Switzerland,12/07/2026_Argentina vs Switzerland_Stephanie Grech,OK,OK,OK,OK,OK,3,1,3,0,3
,4870c825-6357-45ad-8d4c-728713ac03ed,46217,France vs Spain,France vs Spain,France,Spain,France,2,1,Stephanie Grech,France,14/07/2026_France vs Spain,14/07/2026_France vs Spain_Stephanie Grech,OK,OK,OK,OK,OK,0,2,0,0,0
,440ea2ed-997d-4407-9e34-e99d87cabfa1,46218,England vs Argentina,England vs Argentina,England,Argentina,England,2,1,Stephanie Grech,France,15/07/2026_England vs Argentina,15/07/2026_England vs Argentina_Stephanie Grech,OK,OK,OK,OK,OK,1,2,0,0,0
,24e42727-16b2-4ede-b686-005193bd0da3,46201,South Africa vs Canada,South Africa vs Canada,South Africa,Canada,Canada,0,2,Zara Acosta,Argentina,28/06/2026_South Africa vs Canada,28/06/2026_South Africa vs Canada_Zara Acosta,OK,OK,OK,OK,OK,0,1,3,0,3
,d93f2b33-85fb-4cab-967e-716e6360dbb1,46202,Germany vs Paraguay,Germany vs Paraguay,Germany,Paraguay,Germany,2,0,Zara Acosta,Argentina,29/06/2026_Germany vs Paraguay,29/06/2026_Germany vs Paraguay_Zara Acosta,OK,OK,OK,OK,OK,1,1,0,0,0
,18dd433b-6448-45ae-b2ba-935275078f04,46202,Netherlands vs Morocco,Netherlands vs Morocco,Netherlands,Morocco,Netherlands,1,0,Zara Acosta,Argentina,29/06/2026_Netherlands vs Morocco,29/06/2026_Netherlands vs Morocco_Zara Acosta,OK,OK,OK,OK,OK,1,1,0,0,0
,2ef65d9d-2730-4804-b872-c032786b9139,46202,Brazil vs Japan,Brazil vs Japan,Brazil,Japan,Brazil,2,0,Zara Acosta,Argentina,29/06/2026_Brazil vs Japan,29/06/2026_Brazil vs Japan_Zara Acosta,OK,OK,OK,OK,OK,2,1,3,0,3
,7b814830-8936-4262-ba24-cc22f7916b3c,46203,France vs Sweden,France vs Sweden,France,Sweden,France,2,0,Zara Acosta,Argentina,30/06/2026_France vs Sweden,30/06/2026_France vs Sweden_Zara Acosta,OK,OK,OK,OK,OK,3,0,3,0,3
,51be26a6-c0a8-4bf1-a03b-fe95ce7c889b,46203,Ivory Coast vs Norway,Ivory Coast vs Norway,Ivory Coast,Norway,Norway,1,3,Zara Acosta,Argentina,30/06/2026_Ivory Coast vs Norway,30/06/2026_Ivory Coast vs Norway_Zara Acosta,OK,OK,OK,OK,OK,1,2,3,0,3
,8a747e2a-7117-4d95-bc67-f146299cead8,46203,Mexico vs Ecuador,Mexico vs Ecuador,Mexico,Ecuador,Mexico,2,1,Zara Acosta,Argentina,30/06/2026_Mexico vs Ecuador,30/06/2026_Mexico vs Ecuador_Zara Acosta,OK,OK,OK,OK,OK,2,0,3,0,3
,68cd57fd-101c-4061-93c2-ebc0e5970c8e,46204,England vs Congo DR,England vs Congo DR,England,Congo DR,England,3,0,Zara Acosta,Argentina,01/07/2026_England vs Congo DR,01/07/2026_England vs Congo DR_Zara Acosta,OK,OK,OK,OK,OK,2,1,3,0,3
,973be35c-19a6-4f0e-b637-20259dc98e12,46204,United States vs Bosnia-Herzegovina,United States vs Bosnia-Herzegovina,United States,Bosnia-Herzegovina,United States,1,0,Zara Acosta,Argentina,01/07/2026_United States vs Bosnia-Herzegovina,01/07/2026_United States vs Bosnia-Herzegovina_Zara Acosta,OK,OK,OK,OK,OK,2,0,3,0,3
,6ea841cb-0ea4-4f88-ab52-22b74f0dcbc6,46204,Belgium vs Senegal,Belgium vs Senegal,Belgium,Senegal,Belgium,1,0,Zara Acosta,Argentina,01/07/2026_Belgium vs Senegal,01/07/2026_Belgium vs Senegal_Zara Acosta,OK,OK,OK,OK,OK,2,2,0,0,0
,2cca0514-2a9c-45c0-b9fb-7369e2d3c01e,46205,Portugal vs Croatia,Portugal vs Croatia,Portugal,Croatia,Portugal,2,1,Zara Acosta,Argentina,02/07/2026_Portugal vs Croatia,02/07/2026_Portugal vs Croatia_Zara Acosta,OK,OK,OK,OK,OK,2,1,3,5,8
,2a90e4eb-d3e3-42d7-ae63-0f714a5b8852,46205,Spain vs Austria,Spain vs Austria,Spain,Austria,Spain,3,0,Zara Acosta,Argentina,02/07/2026_Spain vs Austria,02/07/2026_Spain vs Austria_Zara Acosta,OK,OK,OK,OK,OK,3,0,3,5,8
,9b16a66e-592a-44c5-8685-58efb3c75a9d,46205,Switzerland vs Algeria,Switzerland vs Algeria,Switzerland,Algeria,Switzerland,2,0,Zara Acosta,Argentina,02/07/2026_Switzerland vs Algeria,02/07/2026_Switzerland vs Algeria_Zara Acosta,OK,OK,OK,OK,OK,2,0,3,5,8
,033cc447-5a17-425b-b5c7-fa086a8da422,46206,Argentina vs Cape Verde Islands,Argentina vs Cape Verde Islands,Argentina,Cape Verde Islands,Argentina,2,0,Zara Acosta,Argentina,03/07/2026_Argentina vs Cape Verde Islands,03/07/2026_Argentina vs Cape Verde Islands_Zara Acosta,OK,OK,OK,OK,OK,1,1,0,0,0
,d3b5326d-085d-4b41-a389-52e0a06678ac,46206,Colombia vs Ghana,Colombia vs Ghana,Colombia,Ghana,Colombia,2,0,Zara Acosta,Argentina,03/07/2026_Colombia vs Ghana,03/07/2026_Colombia vs Ghana_Zara Acosta,OK,OK,OK,OK,OK,1,0,3,0,3
,96ebfcac-5a19-4f91-832b-1cdb927805e9,46206,Australia vs Egypt,Australia vs Egypt,Australia,Egypt,Egypt,1,2,Zara Acosta,Argentina,03/07/2026_Australia vs Egypt,03/07/2026_Australia vs Egypt_Zara Acosta,OK,OK,OK,OK,OK,1,1,0,0,0
,ea01d9a0-5d4f-4809-984c-914baf164c96,46207,Canada vs Morocco,Canada vs Morocco,Canada,Morocco,Morocco,0,1,Zara Acosta,Argentina,04/07/2026_Canada vs Morocco,04/07/2026_Canada vs Morocco_Zara Acosta,OK,OK,OK,OK,OK,0,3,3,0,3
,185dc72c-68f8-4332-9e55-1b3d69a87eec,46207,Paraguay vs France,Paraguay vs France,Paraguay,France,France,0,2,Zara Acosta,Argentina,04/07/2026_Paraguay vs France,04/07/2026_Paraguay vs France_Zara Acosta,OK,OK,OK,OK,OK,0,1,3,0,3
,362011a6-1532-4610-82f3-ba38094ddcc5,46208,Brazil vs Norway,Brazil vs Norway,Brazil,Norway,Brazil,1,0,Zara Acosta,Argentina,05/07/2026_Brazil vs Norway,05/07/2026_Brazil vs Norway_Zara Acosta,OK,OK,OK,OK,OK,1,2,0,0,0
,5cb7aacd-fc6d-4ea7-b628-7b2c34100912,46209,Mexico vs England,Mexico vs England,Mexico,England,Mexico,1,0,Zara Acosta,Argentina,06/07/2026_Mexico vs England,06/07/2026_Mexico vs England_Zara Acosta,OK,OK,OK,OK,OK,2,3,0,0,0
,14424206-b103-4e40-930d-dddf2d41589d,46209,Portugal vs Spain,Portugal vs Spain,Portugal,Spain,Tie,1,1,Zara Acosta,Argentina,06/07/2026_Portugal vs Spain,06/07/2026_Portugal vs Spain_Zara Acosta,OK,OK,OK,OK,OK,0,1,0,0,0
,9ec0091f-44d1-4364-bef9-efd4f98ef70c,46210,United States vs Belgium,United States vs Belgium,United States,Belgium,Tie,1,1,Zara Acosta,Argentina,07/07/2026_United States vs Belgium,07/07/2026_United States vs Belgium_Zara Acosta,OK,OK,OK,OK,OK,1,4,0,0,0
,ac6e8260-8248-43c8-a965-18c34b9adb11,46210,Argentina vs Egypt,Argentina vs Egypt,Argentina,Egypt,Argentina,1,0,Zara Acosta,Argentina,07/07/2026_Argentina vs Egypt,07/07/2026_Argentina vs Egypt_Zara Acosta,OK,OK,OK,OK,OK,3,2,3,0,3
,acf3e5d2-bcd9-4586-99fb-c00843db2b0d,46210,Switzerland vs Colombia,Switzerland vs Colombia,Switzerland,Colombia,Colombia,0,1,Zara Acosta,Argentina,07/07/2026_Switzerland vs Colombia,07/07/2026_Switzerland vs Colombia_Zara Acosta,OK,OK,OK,OK,OK,0,0,0,0,0
